NAME,VALUE,SETBY
a.AccumulateLocalSpaceAdditivePose.ISPC,true,Constructor
a.AllowClearingCompressedDataDuringCook,1,Constructor
a.AnimDataModel.UseSignatureStateHash,false,Constructor
a.AnimNode.AimOffsetLookAt.Debug,0,Constructor
a.AnimNode.AimOffsetLookAt.Enable,1,Constructor
a.AnimNode.ControlRig.Debug,0,Constructor
a.AnimNode.DeadBlending.Enable,1,Constructor
a.AnimNode.HandIKRetargeting.Enable,true,Constructor
a.animnode.IKRig.Enable,true,Constructor
a.AnimNode.Inertialization.Enable,1,Constructor
a.AnimNode.Inertialization.IgnoreDeficit,0,Constructor
a.AnimNode.Inertialization.IgnoreVelocity,0,Constructor
a.AnimNode.LegIK.AveragePull,1,Constructor
a.AnimNode.LegIK.Debug,0,Constructor
a.AnimNode.LegIK.Enable,1,Constructor
a.AnimNode.LegIK.EnableTwoBone,1,Constructor
a.AnimNode.LegIK.ForceAlwaysSolve,0,Constructor
a.AnimNode.LegIK.MaxIterations,0,Constructor
a.AnimNode.LegIK.PullDistribution,0.5,Constructor
a.AnimNode.LegIK.TargetReachStepPercent,0.7,Constructor
a.AnimNode.StateMachine.EnableRelevancyReset,1,Constructor
a.AnimSequence.UseBinaryDDCKey,false,Constructor
a.AnimSequencer.DirectControlRigMode,1,Constructor
a.AnimSequencer.LazyRigHierarchyInitMode,0,Constructor
a.AnimSequencer.ValidationMode,0,Constructor
a.BlendCurves.ISPC,true,Constructor
a.BlendPoseAccumulate.ISPC,true,Constructor
a.BlendPoseOverwrite.ISPC,true,Constructor
a.BlendPosesPerBoneFilter.ISPC,true,Constructor
a.BonePose.ISPC,true,Constructor
a.CacheLocalSpaceBounds,1,Constructor
a.Compiler.CachePoseNodeUpdateOrderDebug.Enable,0,Constructor
a.Compression.CompressibleDataOutput,,Constructor
a.Compression.UseHighFidelityAdditiveCurves,0,Constructor
a.Compression.ValidateCompressedRichCurveEvaluation,0,Constructor
a.ConstantKeyLerp.ISPC,true,Constructor
a.ConvertMeshRotationPoseToLocalSpace.ISPC,true,Constructor
a.ConvertPoseToAdditive.ISPC,true,Constructor
a.ConvertPoseToMeshRotation.ISPC,true,Constructor
a.CopyPose.TestLeaderPoseEarly,true,Constructor
a.DebugDrawBoneAxes,0,Constructor
a.DebugDrawSimpleBones,0,Constructor
a.DisablePoseWatchRendering,false,Constructor
a.EnableAnimStreamable,0,Constructor
a.EnableQueuedAnimEventsOnServer,1,Constructor
a.ExtendSkeletalMeshDataCleanupRange,false,Constructor
a.ForceEvalRawData,0,Constructor
a.ForceParallelAnimUpdate,0,Constructor
a.KeepNotifyAndCurvesOnAnimationRecord,1,Constructor
a.LerpBoneTransforms.ISPC,true,Constructor
a.MarkLayerAsGarbageOnUninitialize,0,Constructor
a.Montage.CleanupMontageInstancesOnDestroy,true,Constructor
a.Montage.EarlyOutMontageWhenUninitialized,true,Constructor
a.Montage.EndSectionRequiresTimeRemaining,false,Constructor
a.Montage.FlushCompletedMontagesOnPlay,false,Constructor
a.Montage.MarkMontageSourceAsBlendingOut,true,Constructor
a.Montage.UseForcedFromPositionAsSubStepOrigin,true,Constructor
a.Montage.UseForcedSequencerMontageLoopBehavior,false,Constructor
a.MotionTrajectory.Debug,0,Constructor
a.MotionTrajectory.Options,0,Constructor
a.MotionTrajectory.Stride,1,Constructor
a.Notifies.ApplyUnfilteredOnAutonomousTickPose,1,Constructor
a.Notifies.DispatchPolicy,1,Constructor
a.OutputMontageFrameRateWarning,false,Constructor
a.ParallelAnimEvaluation,1,Constructor
a.ParallelAnimInterpolation,1,Constructor
a.ParallelAnimUpdate,1,Constructor
a.ParallelBlendPhysics,1,Constructor
a.PerTrackCompression.ISPC,true,Constructor
a.RecordExternalMorphTargets,false,Constructor
a.RewindDebugger.VisualLogs.UseActor,0,Constructor
a.Sharing.DebugFontScale,1,Constructor
a.Sharing.DebugStates,0,Constructor
a.Sharing.DisableDebugMaterials,0,Constructor
a.Sharing.ScalabilityPlatform,,Constructor
a.SkeletalMesh.ISPC,true,Constructor
a.Skeleton.AllowIncompatibleSkeletalMeshMerge,false,Constructor
a.SkinnedAsset.ISPC,true,Constructor
a.SkipDDC,0,Constructor
a.Streaming.ChunkSizeSeconds,4,Constructor
a.Streaming.SpoofFailedChunkLoad,0,Constructor
a.StripAdditiveRefPose,0,Constructor
a.StripFramesOnCompression,0,Constructor
a.StripOddFramesWhenFrameStripping,0,Constructor
a.UninitializeSingleNodeInstanceOnNewInstance,true,Constructor
a.URO.DisableInterpolation,0,Constructor
a.URO.Draw,0,Constructor
a.URO.Enable,1,Constructor
a.URO.ForceAnimRate,0,Constructor
a.URO.ForceInterpolation,0,Constructor
a.UseSafeMeshPoseIndices,false,Constructor
a.VariableKeyLerp.ISPC,true,Constructor
a.VisualizeLODs,0,Constructor
a.WarnOnDuplicateSlotNode,true,Constructor
abtest.CoolDown,5,Constructor
abtest.HistoryNum,1000,Constructor
abtest.MinFramesPerTrial,10,Constructor
abtest.NumResamples,256,Constructor
abtest.ReportNum,100,Constructor
Accessibility.Enable,false,Constructor
ActionBar.IgnoreOptOut,false,Constructor
Actor.IncludeSCSModifiedPropertiesInDiff,true,Constructor
ActorSequence.DefaultDisplayRate,30fps,Constructor
ActorSequence.DefaultEvaluationType,0,Constructor
ActorSequence.DefaultTickResolution,24000fps,Constructor
ai.crowd.DebugSelectedActors,0,Constructor
ai.crowd.DebugVisLog,0,Constructor
ai.crowd.DrawDebugBoundaries,0,Constructor
ai.crowd.DrawDebugCollisionSegments,1,Constructor
ai.crowd.DrawDebugCorners,1,Constructor
ai.crowd.DrawDebugNeighbors,1,Constructor
ai.crowd.DrawDebugPath,1,Constructor
ai.crowd.DrawDebugPathOptimization,1,Constructor
ai.crowd.DrawDebugVelocityObstacles,1,Constructor
ai.debug.DetailedReplicationLogs,0,Constructor
ai.debug.DrawOverheadIcons,1,Constructor
ai.debug.DrawPaths,false,Constructor
ai.debug.EQS.RefreshInterval,2,Constructor
ai.debug.nav.DisplaySize,3,Constructor
ai.debug.nav.DrawExcludedFlags,0,Constructor
ai.debug.nav.RefreshInterval,5,Constructor
ai.debug.nav.validateConsistencyWhenAddingOctreeNode,false,Constructor
ai.debug.nav.validateNavigationElementInitialization,false,Constructor
ai.DestroyNavDataInCleanUpAndMarkPendingKill,1,Constructor
ai.nav.AllowLinkGeneration,true,Constructor
ai.nav.bNavmeshAllowPartitionedBuildingFromEditor,false,Constructor
ai.nav.EnableNavMeshResolutions,true,Constructor
ai.nav.EnableSpanHeightRasterizationFix,true,Constructor
ai.nav.GNavmeshDebugTileX,2147483647,Constructor
ai.nav.GNavmeshDebugTileY,2147483647,Constructor
ai.nav.GNavmeshGenerateDebugTileOnly,false,Constructor
ai.nav.GNavmeshSynchronousTileGeneration,0,Constructor
ai.nav.NavmeshUseOodleCompression,true,Constructor
ai.nav.RecentlyBuildTileDisplayTime,0.2,Constructor
ai.nav.UseAsymetricBorderSizes,false,Constructor
ai.nav.UseTightBoundExpansion,true,Constructor
ai.NavCollisionAvailable,1,Constructor
ai.navigation.MaxDirtyAreasCountWhileSuspended,32768,Constructor
AllowAsyncRenderThreadUpdates,1,Constructor
AllowAsyncRenderThreadUpdatesEditor,0,Constructor
AllowAsyncRenderThreadUpdatesEditorGameWorld,0,Constructor
AllowVirtualKeyboard,false,Constructor
AnalyticsET.PayloadFlushTimeSecForWarning,0.001,Constructor
AnalyticsET.PayloadPercentageOfMaxForWarning,1,Constructor
AnalyticsET.PreventMultipleFlushesInOneFrame,true,Constructor
AnalyticsET.UserAgentCommentsEnabled,true,Constructor
Android.DeviceDetectionPollInterval,10,Constructor
AnimationExport.SetRetargetSourceAsset,false,Constructor
AnimDetails.UseExternalPropertyMetadata,true,Constructor
AnimMode.PendingFocusMode,true,ProjectSetting
AnimRecorder.AnimLength,60,Constructor
AnimRecorder.RecordInWorldSpace,1,Constructor
AnnotationBasedPropertyInitStateTracking,true,Constructor
ApproximateActors.RenderCapture,0,Constructor
AssetActionUtility.HideAmbiguousScriptedAssetActions,true,Constructor
AssetDataSource.AllowInternalParallelism,true,Constructor
AssetDataSource.OptimizeEnumerateInMemoryAssets,true,Constructor
AssetHeaderPatcher.DebugDumpDir,,Constructor
AssetManagerEditor.OpenReferenceViewerInNewTab,true,Constructor
AssetRegistry.BlockPackagesWithMarkOfTheWeb,false,Constructor
AssetRegistry.DeferDependencySort,false,Constructor
AssetRegistry.DeferReferencerSort,true,Constructor
AssetRegistry.DisableDirectoryWatcher,false,Constructor
AssetRegistry.IgnoreEmptyDirectories,false,Constructor
AssetRegistry.ManagementPathsPackageDebugName,,Constructor
AssetRegistry.MaxSecondsPerFrame,0.04,Constructor
AssetRegistry.MaxSecondsPerTickBackgroundThread,-1,Constructor
AssetRegistry.MemoryMappedCacheFiles,true,Constructor
AssetTools.EnableEpicInternalAssetFeature,false,Constructor
AssetTools.EnablePublicAssetFeature,false,Constructor
AssetTools.FollowRedirectorsWhenImporting,false,Constructor
AssetTools.UseHeaderPatchingAdvancedCopy,false,Constructor
AssetTools.UseNewPackageMigration,true,Constructor
AssetView.AllowAsync,true,Constructor
AssetView.AllowParallelism,true,Constructor
Async.ParallelFor.DisableOversubscription,false,Constructor
Async.ParallelFor.YieldingTimeout,8,Constructor
AsyncReadFile.CacheHandleForPakFilesOnly,1,Constructor
AsyncTraceDelegateHitchThresholdMS,-1,Constructor
AsyncTraceDelegateLoggingIntervalSeconds,30,Constructor
au.3dVisualize.ActiveSounds,1,Constructor
au.3dVisualize.ActiveSounds.Type,0,Constructor
au.3dVisualize.Enabled,0,Constructor
au.3dVisualize.Listeners,0,Constructor
au.3dVisualize.SpatialSources,1,Constructor
au.3dVisualize.VirtualLoops,1,Constructor
au.ActorSoundParameterInterface.GatherImplementers,false,Constructor
au.adpcm.ADPCMReadFailiureTimeout,64,Constructor
au.adpcm.ChanceForIntentionalChunkMiss,0,Constructor
au.adpcm.DisableSeekForwardOnReadMisses,1,Constructor
au.adpcm.DisableSeeking,0,Constructor
au.adpcm.OnlySeekForwardOneChunk,1,Constructor
au.adpcm.UseLegacyDecoder,0,Constructor
au.AllowAudioSpatialization,1,Constructor
au.AllowReverbForMultichannelSources,1,Constructor
au.Ambisonics.VirtualIntermediateChannels,1,Constructor
au.AnalysisTimeShift,0,Constructor
au.AudioLink.ForceOnAllSource,0,Constructor
au.AudioLink.SpatializeAllSounds,0,Constructor
au.AudioMixerModuleName,,Constructor
au.AudioMixerWasapi.AudsrvWatcher.Enabled,true,Constructor
au.AudioMixerWasapi.InvalidateDeviceOnGetFailure,1,Constructor
au.AudioMixerWasapi.RefreshCacheOnGetFailure,0,Constructor
au.AudioThreadCommand.ExecutionTimeWarningThresholdInMs,500,Constructor
au.AudioThreadCommand.LogEveryExecution,0,Constructor
au.BakedAnalysisEnabled,1,Constructor
au.BusReaderPatchWaitTimeout,3,Constructor
au.BypassAllSubmixEffects,0,Constructor
au.BypassAudioPlugins,0,Constructor
au.BypassPlayWhenSilent,0,Constructor
au.CommandBufferFlushWaitTimeMs,1000,Constructor
au.CommandBufferInitialCapacity,500,Constructor
au.CommandBufferMaxSizeInMb,10,Constructor
au.compression.AsyncCompression,1,Constructor
au.Concurrency.IncludeVolumeModulation,0,Constructor
au.Concurrency.MinDistanceDelta,0,Constructor
au.Concurrency.MinVolumeScale,0.001,Constructor
au.Debug.Display.X,100,Constructor
au.Debug.Display.Y,-1,Constructor
au.debug.extra_logging_filter,,Constructor
au.debug.ForceDroppedHardwareCallback,0,Constructor
au.Debug.Generator,0,Constructor
au.Debug.Generator.Amp,0.2,Constructor
au.Debug.Generator.Channel,0,Constructor
au.Debug.Generator.Freq,440,Constructor
au.debug.LogCmdQueueWhenReached,0,Constructor
au.Debug.SoundCues.Minimal,0,Constructor
au.Debug.Soundcues.ShowDistance,0,Constructor
au.Debug.Soundcues.ShowPath,1,Constructor
au.Debug.SoundCues.Spacing.Char,7,Constructor
au.Debug.SoundCues.Spacing.Tab,5,Constructor
au.Debug.Sounds.Max,32,Constructor
au.Debug.Sounds.ShowPath,1,Constructor
au.Debug.Sounds.Sort,Name,Constructor
au.Debug.Sounds.TextColor,White,Constructor
au.DecodeCache.DurationThreshold,-1,Constructor
au.DecodeCache.Enabled,-1,Constructor
au.DefaultModulationPlugin,,Constructor
au.DisableAppVolume,0,Constructor
au.DisableAutomaticPrecache,0,Constructor
au.DisableBinauralSpatialization,0,Constructor
au.DisableDeviceSwap,0,Constructor
au.DisableDistanceAttenuation,0,Constructor
au.DisableEnvelopeFollowing,0,Constructor
au.DisableFiltering,0,Constructor
au.DisableHardwareConvolution,0,Constructor
au.DisableHPFiltering,0,Constructor
au.DisableLegacyReverb,0,Constructor
au.DisableOcclusion,0,Constructor
au.DisableParallelSourceProcessing,0,Constructor
au.DisableQuadReverb,0,Constructor
au.DisableReverbSubmix,0,Constructor
au.DisableSourceEffects,0,Constructor
au.DisableStereoSpread,0,Constructor
au.DisableStoppingVoices,0,Constructor
au.DisableSubmixEffectEQ,1,Constructor
au.DisableSubmixMutationLock,0,Constructor
au.DSP.DelayResetFadeLengthSamples,64,Constructor
au.dsp.FFTMethod,0,Constructor
au.DSP.InitialFDelayAllocationSeconds,-1,Constructor
au.DumpCallstackOnStallDiagnostics,true,Constructor
au.editor.CookOverrideCachingInterval,60,Constructor
au.editor.ForceAudioNonStreaming,0,Constructor
au.editor.SoundWaveOwnerLoadingBehaviorCacheOnStartup,0,Constructor
au.editor.SoundWaveOwnerLoadingBehaviorEnable,1,Constructor
au.EnableBinauralAudioForAllSpatialSounds,0,Constructor
au.EnableDetailedWindowsDeviceLogging,0,Constructor
au.EnableOcclusionFilterScale,0,Constructor
au.EnableRelativeRenderCostVoiceLimit,1,Constructor
au.EnableReverbStereoFlipForQuad,0,Constructor
au.EnableUserSoundwaveImport,1,Constructor
au.ExtraAudioMixerDeviceLogging,0,Constructor
au.ExtraResonanceLogging,0,Constructor
au.FadeOutTimeoutMSec,2000,Constructor
au.FloatArrayMath.ISPC,true,Constructor
au.FloatCompareMaxScale,0.1,Constructor
au.FloatCompareMinScale,0.001,Constructor
au.FlushAudioRenderCommandsOnSuspend,0,Constructor
au.FlushAudioRenderThreadOnGC,0,Constructor
au.FlushCommandBufferOnTimeout,0,Constructor
au.FocusData.FocusDependsOnSpatialization,0,Constructor
au.FocusData.InitializeFocusFactorOnFirstUpdate,1,Constructor
au.ForcePieClientsToShareAudio,0,Constructor
au.ForceSyncAudioDecodes,0,Constructor
au.IgnoreUserResonanceSubmix,0,Constructor
au.InteriorData.UseAudioVolumes,1,Constructor
au.InteriorData.UseIActiveSoundUpdate,1,Constructor
au.LinearGainScalarForFinalOutut,1,Constructor
au.LogRenderTimes,0,Constructor
au.LogSubmixAutoDisable,0,Constructor
au.MaxConcurrentStreams,0,Constructor
au.MaxRandomBranches,0,Constructor
au.MaxWorldDistance,2.09715e+06,Constructor
au.MetaSound.AutoUpdate.NativeClassesOfEqualVersion,1,Constructor
au.MetaSound.AutoUpdate.UseChangeIDs,0,Constructor
au.MetaSound.BlockRate,0,Constructor
au.MetaSound.Debug.EnableOperatorMissingOverrideLog,false,Constructor
au.MetaSound.Debug.ShowUnloadedAssetInBrowser,0,Constructor
au.MetaSound.DisableAsyncGraphRegistration,false,Constructor
au.MetaSound.DisableWaveCachePriming,0,Constructor
au.MetaSound.Editor.Debug.ShowNodeDebugData,0,Constructor
au.MetaSound.Editor.EnableAssetValidation,1,Constructor
au.MetaSound.Editor.EnableAutoLoadAndRegisterOnAssetScan,0,Constructor
au.MetaSound.Editor.Experimental.EnableLiveAudition,false,Constructor
au.MetaSound.Editor.IgnoreTemplateVisibilitySettings,false,Constructor
au.MetaSound.EnableAllVersionsNodeClassCreation,0,Constructor
au.MetaSound.EnableAsyncGeneratorBuilder,true,Constructor
au.MetaSound.EnableAudioBusResampler,1,Constructor
au.MetaSound.EnableCommandletExecution,0,Constructor
au.MetaSound.EnableGeneratorInvalidSampleValueLogging,false,Constructor
au.MetaSound.EnableGeneratorNonFiniteLogging,false,Constructor
au.MetaSound.EnforcePresetParentReferenceable,false,Constructor
au.MetaSound.Experimental.DynamicOperatorTransformTimeoutInSeconds,-1,Constructor
au.MetaSound.Experimental.EnableAutoCachingForAllOperators,false,Constructor
au.MetaSound.Experimental.EnableAutoCachingForOneShotOperators,false,Constructor
au.MetaSound.Experimental.EnableRuntimePresetGraphInflation,false,Constructor
au.MetaSound.Experimental.OperatorPool.SetMaxNumOperators,-1,Constructor
au.MetaSound.Frontend.DiscardStreamedRegistryTransactions,1,Constructor
au.MetaSound.GeneratorSampleValueThreshold,2,Constructor
au.MetaSound.OperatorCache.EnablePrecache,true,Constructor
au.MetaSound.OperatorPool.CacheMissCsvStatsEnabled,true,Constructor
au.MetaSound.OperatorPool.CsvStatsEnabled,false,Constructor
au.MetaSound.OperatorPoolHitRateWindowSeconds,1,Constructor
au.MetaSound.OperatorPoolSyncGraphRetrieval,true,Constructor
au.MetaSound.Parameter.EnableWarningOnIgnoredParameter,0,Constructor
au.MetaSound.ProfileAllGraphs,0,Constructor
au.MetaSound.RecordActiveMetasoundsToCsv,false,Constructor
au.MetaSound.SampleRate,0,Constructor
au.metasound.VerboseBuildGraphTraceEvents,false,Constructor
au.MetaSound.WavePlayer.MaxDecodeSizeInFrames,1024,Constructor
au.MinLogTimeBetweenUnderrunWarnings,10000,Constructor
au.MultithreadedPatching.PushCallsPerOutputCleanupCheck,256,Constructor
au.MuteAudio,0,Constructor
au.NeverDisableSubmixes,false,Constructor
au.NeverMuteNonRealtimeAudioDevices,0,Constructor
au.nrt.RenderEveryTick,1,Constructor
au.nrt.RenderFrameSize,256,Constructor
au.NumCmdsConsideredFullCVar,1000,Constructor
au.NumGeneratorSources,0,Constructor
au.NumPrecacheFrames,0,Constructor
au.OutlineAudioActorAttachments,false,Constructor
au.OverrunTimeoutMSec,5000,Constructor
au.PatchBufferBlocks,3,Constructor
au.Quartz.bAlwaysTakeVoiceSlot,1,Constructor
au.Quartz.DecrementSlotIndexOnStarted,1,Constructor
au.Quartz.HeadlessClockSampleRate,100000,Constructor
au.Quartz.MaxSubscribersToUpdatePerTick,-1,Constructor
au.Quartz.SimulateNoAudioDevice,0,Constructor
au.Quartz.TimeToTakeUpVoiceSlot,6,Constructor
au.RecoverRecordingOnShutdown,0,Constructor
au.RecycleThreads,1,Constructor
au.RelativeRenderCostLogThresholdCVar,-1,Constructor
au.RemoveModulatorsOnDisabledSubmixes,false,Constructor
au.RemoveSubmixesFromRoot,1,Constructor
au.RenderThreadAffinity,0,Constructor
au.RenderThreadPriority,3,Constructor
au.resonance.quality,0,Constructor
au.Resonance.UsingReverb,1,Constructor
au.SetAudioChannelCount,0,Constructor
au.SetAudioChannelScaleCount,1,Constructor
au.SoundDistanceOptimizationLength,1,Constructor
au.SoundWaveImportLengthLimitInSeconds,-1,Constructor
au.SoundWaveProxyReader.SimulateSeek,0,Constructor
au.SpoofFailedStreamChunkLoad,0,Constructor
au.StartAudioBusEnvelopeFollower_AD1,,Constructor
au.StartSubmixEnvelopeFollower_AD1,,Constructor
au.StopAudioBusEnvelopeFollower_AD1,,Constructor
au.StopSubmixEnvelopeFollower_AD1,,Constructor
au.streamcache.BlockOnChunkLoadCompletion,0,Constructor
au.streamcache.DisableRetaining,0,Constructor
au.streamcache.DispatchToGameThreadOnChunkRequest,1,Constructor
au.streamcache.priming.BypassRetainFromSoundCues,0,Constructor
au.streamcache.priming.ManuallyPrimeChildNodes,1,Constructor
au.streamcache.priming.PrimeDelayNodes,0,Constructor
au.streamcache.priming.PrimeRandomNodes,0,Constructor
au.streamcache.RetainInlinedFirstChunk,0,Constructor
au.streamcache.RetainNextChunk,0,Constructor
au.streamcache.SoundWaveDefaultLoadingBehavior,3,Constructor
au.streamcaching.AlwaysLogCacheMisses,0,Constructor
au.streamcaching.BlockForPendingLoadOnCacheOverflow,0,Constructor
au.streamcaching.CacheDisplaySortMethod,0,Constructor
au.streamcaching.ChunkSlotNumScalar,1,Constructor
au.streamcaching.DebugView,2,Constructor
au.streamcaching.EnableExhaustiveCacheSearches,0,Constructor
au.streamcaching.EnableTrimmingRetainedAudio,1,Constructor
au.streamcaching.ForceBlockForLoad,0,Constructor
au.streamcaching.KeepCacheMissBufferOnFlush,1,Constructor
au.streamcaching.MaxCachesToDisplay,128,Constructor
au.streamcaching.MemoryLimitTrimPercentage,0.1,Constructor
au.streamcaching.MinimumCacheUsage,0.9,Constructor
au.streamcaching.NumSoundWavesToClearOnCacheOverflow,0,Constructor
au.streamcaching.PlaybackRequestPriority,0,Constructor
au.streamcaching.PrimeSoundOnAudioComponents,0,Constructor
au.streamcaching.ReadRequestPriority,1,Constructor
au.streamcaching.SaveAudiomemReportOnCacheOverflow,0,Constructor
au.streamcaching.SearchUsingChunkArray,1,Constructor
au.streamcaching.StreamCacheSizeOverrideMB,0,Constructor
au.streamcaching.TrimCacheWhenOverBudget,1,Constructor
au.submix.audibledefaultendpoints,0,Constructor
au.submix.clearbrokensubmixassets,0,Constructor
au.Submix.Effects.DynamicsProcessor.Bypass,0,Constructor
au.SubmixBufferListenerForceRegistration,1,Constructor
au.UnderrunTimeoutMSec,5,Constructor
au.UseAsyncOcclusionTraces,false,Constructor
au.UseCachedDeviceInfoCache,1,Constructor
au.UseListenerOverrideForSpread,0,Constructor
au.UseNewSubtitles,true,Constructor
au.UseRenderScheduler,1,Constructor
au.UseThreadedDeviceSwap,1,Constructor
au.Virtualization.OverrideSeekStartTimeMode,0,Constructor
au.VirtualLoops.Enabled,1,Constructor
au.VirtualLoops.ForceUpdateListenerMoveDistance,2500,Constructor
au.VirtualLoops.PerfDistance,15000,Constructor
au.VirtualLoops.UpdateRate.Max,3,Constructor
au.VirtualLoops.UpdateRate.Min,0.1,Constructor
au.voip.AlwaysPlayVoiceComponent,1,Constructor
au.vorbis.ReadFailiureTimeout,1,Constructor
au.WaitForSoundWaveToLoad,1,Constructor
au.Wasapi.EnableAggregateAudioDevices,0,Constructor
au.Wasapi.UseDefaultQualitySRC,0,Constructor
au.WaveInstanceMinVolume,0.0001,Constructor
au.WorldlessGetAudioTimeBehavior,0,Constructor
AudioCommand.FenceWaitTimeMs,35,Constructor
AudioThread.AboveNormalPriority,0,Constructor
AudioThread.BatchAsyncBatchSize,128,Constructor
AudioThread.BatchCommands,true,Constructor
AudioThread.EnableAudioCommandLogging,0,Constructor
AudioThread.EnableAudioThreadWait,1,Constructor
AudioThread.EnableBatchProcessing,1,Constructor
AudioThread.SuspendAudioThread,0,Constructor
AudioThread.UseBackgroundThreadPool,1,Constructor
AudioThread.UseSafeRunCommandOnGameThread,true,Constructor
Automation.CaptureLogEvents,true,Constructor
Automation.EnableStereoTestVariants,false,Constructor
Automation.LightweightStereoTestVariants,true,Constructor
Automation.LogBPTestMetadata,false,Constructor
Automation.LogTestStateTrace,false,Constructor
Automation.SkipStackWalk,false,Constructor
Automation.TestTagGlobalFilter,,Constructor
AutomationAllowFrameTraceCapture,1,Constructor
AutomationScreenshotResolutionHeight,0,Constructor
AutomationScreenshotResolutionWidth,0,Constructor
backchannel.logerrors,1,Constructor
backchannel.logpackets,0,Constructor
beacon.DelayCancellationResponse,0,Constructor
beacon.DelayFinishHandshake,0,Constructor
beacon.DelayFinishHandshakeBeaconType,,Constructor
beacon.DelayFullResponse,0,Constructor
beacon.DelayReservationResponse,0,Constructor
beacon.DelayUpdateResponse,0,Constructor
beacon.RemapReservationUpdateToExistingReservation,true,Constructor
beacon.RequireInitiatorIsPartyLeader,true,Constructor
BehaviorTree.ApplyAuxNodesFromFailedSearches,false,Constructor
BehaviorTree.EnsureOnScheduleExecutionUpdateWithInvalidExecutionRequest,true,Constructor
BehaviorTree.RecordFrameSearchTimes,0,Constructor
BitReader.LogFatalOnOverflow,false,Constructor
BP.ActionMenuFilterCacheLeafCapacity,32,Constructor
BP.bAllowConversionOfComparisonOps,true,Constructor
BP.bAllowFastReinstancing,false,Constructor
BP.bDoFullDataValidationDuringCompilation,true,Constructor
BP.bEnableSkelReinstUpdate,true,Constructor
BP.bForceAllDependenciesToRecompile,false,Constructor
bp.bForcePastedComponentsToSCS,true,Constructor
bp.BlamePrintString,false,Constructor
BP.bLogExplicitCompilationRequests,true,Constructor
BP.bPrintFastReinstancingMismatches,false,Constructor
BP.bRunArchetypePostLoadEarly,false,Constructor
bp.ComponentInstancingFastPathDisabled,0,Constructor
BP.ContextMenu.CategoryWeight,4,Constructor
BP.ContextMenu.ContainerBonus,1000,Constructor
BP.ContextMenu.DescriptionWeight,10,Constructor
BP.ContextMenu.FavoriteBonus,1000,Constructor
BP.ContextMenu.KeywordWeight,30,Constructor
BP.ContextMenu.MatchingFromPinCategory,500,Constructor
BP.ContextMenu.MaxWordLength,30,Constructor
BP.ContextMenu.NodeTitleWeight,10,Constructor
BP.ContextMenu.PercentageMatchWeightMultiplier,1,Constructor
BP.ContextMenu.ShorterWeight,10,Constructor
BP.ContextMenu.StartsWithBonusWeightMultiplier,4,Constructor
BP.ContextMenu.WordContainsLetterWeightMultiplier,0.5,Constructor
bp.DatabasePrimingMaxPerFrame,16,Constructor
bp.DebuggerEnableExternalSearch,false,Constructor
bp.DebuggerMaxSearchDepth,50,Constructor
bp.DefaultSubobjectValidationDisabled,1,Constructor
bp.DisableSearchDataUpdateOnSave,false,Constructor
BP.EnableActionMenuFilterCaching,false,Constructor
bp.EnableAutomaticLibraryAssetLoading,1,Constructor
bp.EnableDeprecatedWarningForComponentDelegateNodes,true,Constructor
BP.EnableNamespaceFilteringFeatures,true,Code
BP.EnableNamespaceImportingFeatures,true,Code
bp.ForceOldSearchDataFormatVersionOnSave,false,Constructor
bp.GenerateFieldNotifyBroadcastForOnRepFunction,true,Constructor
BP.ImportParentClassNamespaces,false,Code
bp.MaxAsyncActionCount,10000,Constructor
bp.MaxFunctionStatDepth,255,Constructor
bp.NativePropertyInitFastPathDisabled,0,Constructor
bp.PinValidityCheck.bDisplayInvalidPinWarning,true,Constructor
bp.PinValidityCheck.bDisplayMissingBoundComponentWarning,true,Constructor
bp.RandomSearchIndexCacheRebuildEachTick,false,Constructor
bp.ScriptRecurseLimit,120,Constructor
bp.ShortScriptWarnings,0,Constructor
bp.UseLegacyAnimInstanceReinstancingBehavior,false,Constructor
bp.UseLegacyRootComponentPreservation,false,Constructor
bp.UseReinstancingGraphCache,true,Constructor
bp.VerboseStats,0,Constructor
brush.ForceNavmeshGenerationOnStaticBrush,true,Constructor
buildidoverride,55116800,Code
BuildPatchFileConstructor.bCVarAllowMultipleFilesInFlight,true,Constructor
BuildPatchFileConstructor.bStallWhenFileSystemThrottled,false,Constructor
BuildPatchFileConstructor.DisableResumeBelowMB,0,Constructor
BuildPatchFileConstructor.SleepTimeWhenFileSystemThrottledSeconds,1,Constructor
cac.ExperimentalAllowPerInstanceChildActorProperties,0,Constructor
CameraLensEffect.AttachedEmitterTransformOptimizationEnabled,true,Constructor
Canvas.DistanceFieldSmoothness,4,Constructor
CascadeDragSpeed,1,Constructor
CascadeRotateSpeed,0.005,Constructor
CascadeScaleSpeed,1,Constructor
CauseHitches,0,Constructor
CauseHitchesHitchMS,200,Constructor
Chaos.Debug.RadialImpulseDistributeToChildren,true,Constructor
Chaos.Debug.StrainModifier,200,Constructor
Chaos.UseTransactionallySafeSharedMutex,true,Constructor
ClusterUnion.ApplyReplicatedRigidStateOnCreatePhysicsState,true,Constructor
ClusterUnion.DirtyRigidStateOnlyIfChanged,false,Constructor
ClusterUnion.FlushNetDormancyOnSyncProxy,true,Constructor
ClusterUnion.LocalBoneDataMapGrowFactor,1.2,Constructor
ClusterUnion.PreAllocateLocalBoneDataMap,true,Constructor
ClusterUnion.SkipZeroStateInOnRep,true,Constructor
ClusterUnion.StressSolver.EnableDebugDraw,false,Constructor
ClusterUnion.StressSolver.StrengthScalar,1,Constructor
ClusterUnion.UseAccelerationStructure,true,Constructor
ClusterUnion.UseLocalRoleForAuthorityCheck,true,Constructor
Collections.MaxCLDescriptionPathCount,1000,Constructor
CommonButton.DisableDimensionValueSetInDesignTime,false,Constructor
CommonButton.EnableSimulateHoverOnTouch,1,Constructor
CommonInput.EnableGamepadPlatformCursor,false,Constructor
CommonInput.ShowKeys,1,Constructor
CommonRichTextBlock.CVarApplyMobileScaleOnTextRuns,0,Constructor
CommonUI.AlwaysShowCursor,false,Constructor
CommonUI.AlwaysWaitForHoldActionToComplete,false,Constructor
CommonUI.AutoFlushPressedKeys,true,Constructor
CommonUI.bDumpInputTypeChangeCallstack,0,Constructor
CommonUI.bEnhancedInputDynamicallyResolveHoldKeysForInputAction,false,Constructor
CommonUI.CheckKeyboardFocusAndParentage,false,Constructor
CommonUI.Debug.CheckGameViewportClientValid,true,Constructor
CommonUI.Debug.TraceConfigChanges,false,Constructor
CommonUI.Debug.TraceConfigOnScreen,false,Constructor
CommonUI.Debug.TraceInputConfigNum,5,Constructor
CommonUI.Debug.WarnAllWidgetsDeactivated,false,Constructor
CommonUI.Debug.WarnDesiredFocusNotImplemented,false,Constructor
CommonUI.DisallowUserFocusedWidgetForPendingFocusRecipient,false,Constructor
CommonUI.EnableVirtualPointer,true,Constructor
CommonUI.FallbackToDesiredOnAutoRestoreFailure,false,Constructor
CommonUI.GamepadFocusHoveredWidget,false,Constructor
CommonUI.ResetUIInputConfigOnActivatableTreeDeactivation,true,Constructor
CommonUI.ShouldMouseWheelAndGestureRefreshInputMethod,true,Constructor
CommonUI.ShouldRouteOffscreenMouseButton,false,Constructor
CommonUI.ShouldVirtualAcceptSimulateMouseButton,true,Constructor
CommonUI.SmallTextScaling,-1,Constructor
CommonUI.SmallTextScalingThresholdMax,15,Constructor
CommonUI.SupportMultiUserInput,true,Constructor
CommonUI.SyncCursorToFocusedWidgetOnInputMethodChange,true,Constructor
CommonUI.VideoPlayer.PreviewStepSize,0.25,Constructor
Compat.MAX_GPUSKIN_BONES,65536,Constructor
Compat.UseDXT5NormalMaps,0,Constructor
CompositeCore.ApplyFXAA,0,Constructor
CompositeCore.ApplyPreExposure,0,Constructor
CompositeCore.Debug.DilationSize,1,Constructor
CompositeCore.RefreshPrimitivesOnTick,true,Constructor
ComputeKernel.ShowShaderCompilerWarnings,0,Constructor
con.DebugEarlyCheat,22,Constructor
con.DebugEarlyDefault,1,SystemSettingsIni
con.MinLogVerbosity,0,Constructor
Concert.AllowAllTransactionsOnLevelSequences,true,Constructor
Concert.AlwaysCloseGamePlayerOnCloseEvent,1,Constructor
Concert.AlwaysSuspendBroadcastUndoRedo,0,Constructor
Concert.DelayTransactionsWhileEditing,0,Constructor
Concert.DelayTransactionsWhileEditingTimeout,5,Constructor
Concert.DisplayPresence,1,Constructor
Concert.EmitPresence,1,Constructor
Concert.EnableCloseRemoteSequencer,0,Constructor
Concert.EnableLoopingOnPlayer,1,Constructor
Concert.EnableOpenRemoteSequencer,1,Constructor
Concert.EnablePresenceInGame,0,Constructor
Concert.EnableSequencePlayer,1,Constructor
Concert.EnableSequencerPlaybackSync,1,Constructor
Concert.EnableUndefinedSequencerMessages,1,Constructor
Concert.EnableUnrelatedTimelineSync,0,Constructor
Concert.IgnoreTransactionFilters,0,Constructor
Concert.Replication.DebugReplicationActions,false,Constructor
Concert.Replication.LogAuthorityRequestsAndResponsesOnClient,false,Constructor
Concert.Replication.LogChangeClientEventsOnClient,false,Constructor
Concert.Replication.LogChangeClientsRequestsAndResponsesOnClient,false,Constructor
Concert.Replication.LogMuteRequestsAndResponsesOnClient,false,Constructor
Concert.Replication.LogReceivedObjects,false,Constructor
Concert.Replication.LogRestoreContentRequestsAndResponsesOnClient,false,Constructor
Concert.Replication.LogSentObjects,false,Constructor
Concert.Replication.LogStreamRequestsAndResponsesOnClient,false,Constructor
Concert.Replication.SimulateAuthorityRejection,false,Constructor
Concert.Replication.SimulateAuthorityTimeouts,false,Constructor
Concert.Replication.SimulateJoinTimeouts,false,Constructor
Concert.Replication.SimulateMuteRejection,false,Constructor
Concert.Replication.SimulateQueryTimeouts,false,Constructor
Concert.Replication.SimulateStreamChangeTimeouts,false,Constructor
Concert.SendSequencerStateEventsAsUnreliable,0,Constructor
Concert.SequencerStatePacingDuration,0.2,Constructor
Concert.SequencerStatePacingEnabled,true,Constructor
Concert.SetCompressionFlags,0,Constructor
Concert.SetCompressionSizeLimit,32,Constructor
Concert.SetCompressionType,1,Constructor
Concert.VersionValidationMode,0,Constructor
ConcertClient.Debug.GameThreadHitchDuration,30,Constructor
console.CmdLink.enable,false,Constructor
console.CmdLink.key,None,Constructor
console.position.enable,0,Constructor
console.position.x,0,Constructor
console.position.y,0,Constructor
console.searchmode.legacy,false,Constructor
Constraints.DebugDependencies,false,Constructor
Constraints.DebugEvaluationGraph,false,Constructor
Constraints.LogNewEvaluation,false,Constructor
Constraints.NewEvaluation,true,Constructor
Constraints.SkeletalMesh.TickingMode,2,Constructor
Constraints.SupportIndirectDependencies,false,Constructor
Constraints.UseFastEvaluation,true,Constructor
ContentBrowser.AlwaysShowSetAssetScopeMenus,false,Constructor
ContentBrowser.EnableGridTileSwitch,false,Constructor
ContentBrowser.EnableNewStyle,true,Constructor
ContentBrowser.ShowCustomVirtualFolderIcon,1,Constructor
ContentBrowser.ShowPluginFolderIcon,1,Constructor
ContentBrowser.UI.EditNavigationBarPathAsVirtualPath,false,Constructor
ContentBrowser.UI.ShowContentSourcesBar,false,Constructor
ContextMenu.CategoryWeight,1,Constructor
ContextMenu.DescriptionWeight,10,Constructor
ContextMenu.KeywordWeight,4,Constructor
ContextMenu.NodeTitleWeight,1,Constructor
ContextMenu.PrintDebugInfo,false,Constructor
ContextMenu.WholeMatchLocalizedWeightMultiplier,3,Constructor
ContextMenu.WholeMatchWeightMultiplier,2,Constructor
Controller.AlwaysNotifyClientOnControllerChange,true,Constructor
Controller.InvalidControlRotationMagnitude,8.38861e+06,Constructor
Controller.IsPushBased,false,Constructor
ControlRig.AnimNode.UseFunctions,true,Constructor
ControlRig.AvoidOverlappingWeightedTangents,true,Constructor
ControlRig.CacheMemoryHandlesBatchSize,10,Constructor
ControlRig.CacheMemoryHandlesParallelMinSize,700,Constructor
ControlRig.CanUseLegacySequencerTemplate,true,Constructor
ControlRig.CreateFloatControlsForCurves,0,Constructor
ControlRig.DisableExecutionInAnimNode,0,Constructor
ControlRig.DisableExecutionInComponent,0,Constructor
ControlRig.DisableTickDependencyCheck,false,Constructor
ControlRig.Editor.EnableRigHierarchyTreePersistentState,true,Constructor
ControlRig.EnableAnimNodePerformanceOptimizations,1,Constructor
ControlRig.EnableDrawInterfaceInGame,0,Constructor
ControlRig.Hierarchy.AllowToIgnoreCycles,true,Constructor
ControlRig.Hierarchy.EnableRotationOrder,true,Constructor
ControlRig.Hierarchy.Modules,true,Constructor
ControlRig.Hierarchy.TraceAlways,0,Constructor
ControlRig.Hierarchy.TraceCallstack,0,Constructor
ControlRig.Hierarchy.TraceOnSpawn,0,Constructor
ControlRig.Hierarchy.TracePrecision,3,Constructor
ControlRig.Hierarchy.TreatAvailableSpacesAsSafeForSpaceSwitching,true,Constructor
ControlRig.Overrides,false,Constructor
ControlRig.Physics.AllowVisualization,1,Constructor
ControlRig.Physics.EnableStepSolver,1,Constructor
ControlRig.Physics.FixedTimeStepOverride,-1,Constructor
ControlRig.Physics.MaxDeltaTimeOverride,-1,Constructor
ControlRig.Physics.MaxTimeStepsOverride,-1,Constructor
ControlRig.Physics.ShowActiveContactsOverride,-1,Constructor
ControlRig.Physics.ShowBodiesOverride,-1,Constructor
ControlRig.Physics.ShowCentreOfMassOverride,-1,Constructor
ControlRig.Physics.ShowControlsOverride,-1,Constructor
ControlRig.Physics.ShowInactiveContactsOverride,-1,Constructor
ControlRig.Physics.ShowJointsOverride,-1,Constructor
ControlRig.Physics.ShowSimulationSpaceInfo,0,Constructor
ControlRig.Physics.ShowWorldObjectsOverride,-1,Constructor
ControlRig.Physics.ShowWorldOverlapBoxOverride,-1,Constructor
ControlRig.Preview.ShowSchematicPanelOverlay,true,Constructor
ControlRig.Sequencer.AutoGenerateTrack,true,Constructor
ControlRig.Sequencer.BaseAnimLayerOnBottom,false,Constructor
ControlRig.Sequencer.ClickSelectThroughGizmo,false,Constructor
ControlRig.Sequencer.EnableAdditiveControlRigs,true,Constructor
ControlRig.Sequencer.MarqueePivotSelect,false,Constructor
ControlRig.Sequencer.SelectChildChannels,true,Constructor
ControlRig.Sequencer.SelectedKeysSelectControls,false,Constructor
ControlRig.Sequencer.SelectedSectionSetsSectionToKey,true,Constructor
ControlRig.SupportAlpha,false,Constructor
ControlRig.Test.EnableTestingToolbar,false,Constructor
ControlRig.UseLegacySequencerTemplate,true,Constructor
ControlRig.UseScopedLegacySequencerTemplate,false,Constructor
cook.AllowASTCHDRProfile,0,Constructor
Cook.AllowContentValidation,true,Constructor
cook.AllowCookedDataInEditorBuilds,0,Constructor
Cook.CookAllByDefault,true,Constructor
cook.cvarcontrol,0,Constructor
Cook.display.diagnostictime,30,Constructor
cook.display.repeattime,5,Constructor
cook.display.updatetime,2,Constructor
Cook.display.warnbusytime,120,Constructor
cook.displaymode,1,Constructor
cook.FallbackForASTCHDRProfile,0,Constructor
cook.MemoryMappedBulkDataAlignment,16,Constructor
Cook.OnTheFly.AllowIncompleteShadermaps,false,Constructor
Cook.OnTheFly.ShaderCompilationDisabled,false,Constructor
cook.PollAsyncPeriod,0.1,Constructor
Cook.retrybusytime,0.01,Constructor
cook.SkipAsyncLoaderForCookedData,0,Constructor
cook.StripGraphNodeComments,0,Constructor
cook.validation.IncrementalExternalPackageValidationEnabled,false,Constructor
cook.validation.IncrementalValidationRequiresSameBuildVersion,false,Constructor
Core.bFastDecimalFormatCanIndicateIfNearlyInteger,1,Constructor
Core.bFastDecimalFormatLargeFloatSupport,1,Constructor
core.EnsureAlwaysEnabled,true,Constructor
core.EnsureBreakEnabled,true,Constructor
core.EnsuresAreErrors,1,Constructor
core.EnsureState,1,Constructor
CoreUObject.EnableAllowSetNullToNonNullableOverride,true,Constructor
CoreUObject.EnsureAgainstLargeProperties,1,Constructor
CoreUObject.NonNullableBehavior,2,Constructor
cpfuo.AuditAggressiveReferenceReplacment,true,Constructor
cpfuo.UseAggressiveReferenceReplacment,false,Constructor
CPFUO.UseOldDuplicateEditInlineSubObjectsPath,true,Constructor
CrashContext.FormatEarlyCrashLog,false,Constructor
CrashContext.TraceSnapshotOnCrash,false,Constructor
CrashContext.TraceSnapshotOnCrashTailSize,0,Constructor
CriticalPathStall.AfterInitViews,0,Constructor
CriticalPathStall.ParallelAnimation,0,Constructor
CriticalPathStall.TickStartFrame,0,Constructor
csv.AggregateTaskWorkerStats,true,Constructor
csv.AlwaysShowFrameCount,false,Constructor
csv.Benchmark,true,Constructor
csv.Benchmark.IterationCount,10000,Constructor
csv.BlockOnCaptureEnd,1,Constructor
csv.CompressionMode,-1,Constructor
csv.ContinuousWrites,1,Constructor
csv.DetailedTickContext,0,Constructor
csv.ForceExit,0,Constructor
csv.FramesToBuffer,128,Constructor
csv.MaxFileSizeMB,0,Constructor
csv.MaxPerThreadStatDataSlackKB,64,Constructor
csv.NamedEventsExclusive,false,Constructor
csv.NamedEventsTiming,false,Constructor
csv.NumberedFNamesStatsAreFatal,false,Constructor
csv.PauseProcessingThread,0,Constructor
csv.ProcessingThread.GtStallMaxUpdateLatencyMs,0,Constructor
csv.ProcessingThread.GtStallUpdateEscalationThreshold,3,Constructor
csv.ProcessingThread.GtStallUpdateTimeThresholdMs,1000,Constructor
csv.ProcessingThread.Priority,0,Constructor
csv.ProcessingThread.TimeBetweenUpdates,50,Constructor
csv.RecordActorCounts,1,Constructor
csv.RecordActorCountsThreshold,5,Constructor
csv.RecordActorCountThreshold,5,Constructor
csv.RecordTickCounts,1,Constructor
csv.statCounts,0,Constructor
csv.StatNameValidation,2,Constructor
csv.TargetFrameRateOverride,0,Constructor
csv.TrackMemoryUse,0,Constructor
csv.trackWaitsAllThreads,false,Constructor
csv.trackWaitsGT,true,Constructor
csv.trackWaitsRT,true,Constructor
csv.UseLegacyFrameTime,false,Constructor
csv.WriteBufferSize,131072,Constructor
CurveEditor.DrawCurveKeys,true,Constructor
CurveEditor.DrawCurveLines,true,Constructor
CurveEditor.LogDiffPerfStats,false,Constructor
CurveEditor.LogHorizontalZoomMultipliers,false,Constructor
CurveEditor.LogVerticalZoomMultipliers,false,Constructor
CurveEditor.MaxCurvesPerPinnedView,0,Constructor
CurveEditor.PinnedViews,0,Constructor
CurveEditor.SliderMouseWidth,-1,Constructor
CurveEditor.UndoModifyDetectionLevel,0,Constructor
CurveEditor.UseCurveCache,1,Constructor
CurveEditor.UseCurveCachePool,1,Constructor
CurveEditor.UseNewUndoSystem,true,Constructor
CurveEditor.ValidateCurveExistenceOnUndoRedo,true,Constructor
CurveTable.RemoveRedundantKeys,1,Constructor
D3D12.AdjustTexturePoolSizeBasedOnBudget,0,Constructor
d3d12.AllowDiscardResources,1,Constructor
d3d12.AllowPoolAllocateIndirectArgBuffers,1,Constructor
d3d12.BatchResourceBarriers,1,Constructor
D3D12.Bindless.GarbageCollectLatency,600,Constructor
D3D12.Bindless.HeapUpdateUniqueUploadThreshold,1024,Constructor
D3D12.Bindless.ResourceDescriptorHeapSize,32768,SystemSettingsIni
D3D12.Bindless.SamplerDescriptorHeapSize,2048,SystemSettingsIni
D3D12.BindlessOnlineDescriptorHeapBlockSize,2000,Constructor
D3D12.BindlessOnlineDescriptorHeapSize,500000,Constructor
d3d12.BindResourceLabels,1,Constructor
d3d12.DefaultBuffer.OverFlowPoolsCount,1,Constructor
d3d12.DefaultBuffer.PoolAllocationStrategy,1,Constructor
d3d12.DisableDiscardOfDepthResources,0,Constructor
D3D12.EmitRgpFrameMarkers,0,Constructor
D3D12.EvictAllResidentResourcesInBackground,false,Constructor
d3d12.FastAllocator.MinPagesToRetain,5,Constructor
d3d12.FastConstantAllocatorPageSize,65536,Constructor
D3D12.GlobalResourceDescriptorHeapSize,1000000,Constructor
D3D12.GlobalSamplerDescriptorHeapSize,2048,Constructor
D3D12.GlobalSamplerHeapSize,2048,Constructor
D3D12.InsertOuterOcclusionQuery,0,Constructor
D3D12.LocalViewHeapSize,500000,Constructor
d3d12.LogBarriers,0,Constructor
d3d12.LogBarriersResourceFilter,,Constructor
D3D12.LogViewportEvents,0,Constructor
D3D12.MaxCommandsPerCommandList,10000,Constructor
D3D12.OnlineDescriptorHeapBlockSize,2000,Constructor
D3D12.OnlineDescriptorHeapSize,500000,Constructor
d3d12.PoolAllocator.ReadOnlyTextureMaxAllocationSize,67108864,Constructor
d3d12.PoolAllocator.ReadOnlyTextureVRAMPoolSize,67108864,Constructor
d3d12.PoolAllocator.RTUAVTextureMaxAllocationSize,0,Constructor
d3d12.PoolAllocator.RTUAVTextureVRAMPoolSize,0,Constructor
D3D12.PSO.DiskCache,0,Constructor
D3D12.PSO.DriverOptimizedDiskCache,0,Constructor
D3D12.PSO.KeepUsedPSOsInLowLevelCache,false,Constructor
D3D12.PSO.StallWarningThresholdInMs,100,Constructor
D3D12.PSOPrecache.KeepLowLevel,false,Constructor
D3D12.RequestExitOnGPUTimeout,0,Constructor
d3d12.ReservedResourceHeapSizeMB,16,Constructor
D3D12.ResidencyDebugBudgetMB,-1,Constructor
D3D12.ResidencyManagement,1,Constructor
D3D12.ResourcesStartResident,false,Constructor
D3D12.StablePowerState,0,Constructor
D3D12.TexturePoolOnlyAccountStreamableTexture,false,Constructor
D3D12.TrackAllAllocations,false,Constructor
D3D12.TrackedReleasedAllocationFrameRetention,100,Constructor
D3D12.UnsafeCrossGPUTransfers,true,Constructor
d3d12.UploadHeap.BigBlock.MaxAllocationSize,67108864,Constructor
d3d12.UploadHeap.BigBlock.PoolSize,33554432,Constructor
d3d12.UploadHeap.OverFlowPoolsCount,1,Constructor
d3d12.UploadHeap.PoolAllocationStrategy,1,Constructor
d3d12.UploadHeap.SmallBlock.MaxAllocationSize,65536,Constructor
d3d12.UploadHeap.SmallBlock.PoolSize,4194304,Constructor
D3D12.UseUpdateTexture3DComputeShader,0,Constructor
d3d12.VRAMBufferPoolDefrag,1,Constructor
d3d12.VRAMBufferPoolDefrag.MaxCopySizePerFrame,33554432,Constructor
d3d12.VRAMTexturePoolDefrag,1,Constructor
d3d12.VRAMTexturePoolDefrag.MaxCopySizePerFrame,33554432,Constructor
D3D12.ZeroBufferSizeInMB,4,Constructor
Dataprep.Interchange.Producer,true,Constructor
DataTableJSON.ExportUsingPropertyVisitor,true,Constructor
DataValidation.ReportCookValidationStats,true,Constructor
DDC.Graph,,Constructor
DDC.Http.UseOldBlobEndpoints,false,Constructor
Debug.AllowExtraDevMemoryMessageDisplayed,true,Constructor
DebugManager.ColumnOffsetIndex,0,Constructor
demo.AsyncLoadWorld,0,Constructor
demo.CheckpointSaveMaxMSPerFrameOverride,-1,Constructor
demo.CheckpointUploadDelayInSeconds,30,Constructor
demo.ClientRecordAsyncEndOfFrame,0,Constructor
demo.CullDistanceOverride,0,Constructor
demo.DecreaseRepPrioritizeThreshold,0.7,Constructor
demo.DestructionInfoPriority,2147483647,Constructor
demo.EnableCheckpoints,1,Constructor
Demo.ExceededBudgetWarningInterval,60,Constructor
demo.FastForwardDestroyTearOffActors,1,Constructor
demo.FastForwardIgnoreRPCs,1,Constructor
demo.FastForwardLevelsPausePlayback,0,Constructor
demo.FastForwardSkipRepNotifies,1,Constructor
demo.ForceDisableAsyncPackageMapLoading,0,Constructor
demo.ForcePersistentLevelPriority,0,Constructor
demo.GotoTimeInSeconds,-1,Constructor
demo.IncreaseRepPrioritizeThreshold,0.9,Constructor
demo.InternalPauseChannels,1,Constructor
demo.JumpToEndOfLiveReplay,1,Constructor
demo.LateActorDormancyCheck,1,Constructor
demo.LateDestructionInfoPrioritize,0,Constructor
demo.LoadCheckpointGarbageCollect,1,Constructor
demo.Loop,0,Constructor
demo.LoopCount,0,Constructor
demo.MaximumRecDestructionInfoTime,0.2,Constructor
demo.MaximumRepPrioritizePercent,0.7,Constructor
demo.MinimumRepPrioritizePercent,0.3,Constructor
demo.MinRecordHz,0,Constructor
demo.QueueCheckpointChannels,1,Constructor
demo.RecordHz,8,Constructor
demo.RecordHzWhenNotRelevant,2,Constructor
demo.RecordUnicastRPCs,false,Constructor
demo.ReplayStreamerAutoDemoPrefix,demo,Constructor
demo.ReplayStreamerAutoDemoUseDateTimePostfix,0,Constructor
demo.SaveRollbackActorState,1,Constructor
demo.SkipTime,0,Constructor
demo.TimeDilation,-1,Constructor
demo.UseAdaptiveReplayUpdateFrequency,1,Constructor
demo.UseNetRelevancy,0,Constructor
demo.ViewTargetPriorityScale,3,Constructor
demo.WithDeltaCheckpoints,0,Constructor
demo.WithGameSpecificFrameData,0,Constructor
demo.WithLevelStreamingFixes,0,Constructor
demo.WithTimeBurnIn,0,Constructor
DetailsPanel.ExpandAddedItems,true,Constructor
DetailsPanel.ResolveInstanceDataObjects.Default,false,Constructor
DetailsPanel.Style.EnableCardLayout,false,Constructor
DetailsPanel.UI.ForceShowComponentEditor,false,Constructor
DisableOrphanPins,0,Constructor
DoPooledThreadWaitTimeouts,false,Constructor
dp.AllowScalabilityGroupsToChangeAtRuntime,0,Constructor
dp.LogActiveDeviceProfile,false,Constructor
dp.Override,,Constructor
DragTools.EnableITFTools,1,Code
DragTools.EnableViewportChangeTool,0,Constructor
ds.MaxAssetPathLength,160,Constructor
DSTM.RemoveMissingMigratedComponents,true,Constructor
DSTM.TransactionalDeserialization,0,Constructor
DSTM.TransactionalMigration,1,Constructor
DumpCopyPropertiesForUnrelatedObjects,0,Constructor
DumpStatPackets,0,Constructor
Editor.AllowPlayWorldFeature,true,Constructor
Editor.AllowSavingAssetsDuringPIE,0,Constructor
Editor.AlwaysSnapPercentageBasedScale,false,Code
Editor.AssetActions.ExperimentalClassSupport,false,Constructor
Editor.AsyncAnimBankCompilation,0,Constructor
Editor.AsyncAnimBankCompilationMaxConcurrency,-1,Constructor
Editor.AsyncAnimBankCompilationResume,0,Constructor
Editor.AsyncAnimSequenceTransformProviderCompilation,0,Constructor
Editor.AsyncAnimSequenceTransformProviderCompilationMaxConcurrency,-1,Constructor
Editor.AsyncAnimSequenceTransformProviderCompilationResume,0,Constructor
Editor.AsyncAssetCompilation,0,Constructor
Editor.AsyncAssetCompilationMaxConcurrency,-1,Constructor
Editor.AsyncAssetCompilationMaxMemoryUsage,0,Constructor
Editor.AsyncAssetCompilationMemoryPerCore,1,Constructor
Editor.AsyncAssetCompilationResume,0,Constructor
Editor.AsyncGroomBindingCompilation,1,ProjectSetting
Editor.AsyncGroomBindingCompilationMaxConcurrency,-1,Constructor
Editor.AsyncGroomBindingCompilationResume,0,Constructor
Editor.AsyncSkinnedAssetCompilation,1,ProjectSetting
Editor.AsyncSkinnedAssetCompilationMaxConcurrency,-1,Constructor
Editor.AsyncSkinnedAssetCompilationResume,0,Constructor
Editor.AsyncSoundWaveCompilation,1,ProjectSetting
Editor.AsyncSoundWaveCompilationMaxConcurrency,-1,Constructor
Editor.AsyncSoundWaveCompilationResume,0,Constructor
Editor.AsyncStaticMeshCompilation,1,ProjectSetting
Editor.AsyncStaticMeshCompilationCancelable,true,Constructor
Editor.AsyncStaticMeshCompilationMaxConcurrency,-1,Constructor
Editor.AsyncStaticMeshCompilationResume,0,Constructor
Editor.AsyncStaticMeshPlayInEditorDebugDraw,false,Constructor
Editor.AsyncStaticMeshPlayInEditorDistance,2,Constructor
Editor.AsyncStaticMeshPlayInEditorMode,0,Constructor
Editor.AsyncTextureCompilation,1,ProjectSetting
Editor.AsyncTextureCompilationCancelable,false,Constructor
Editor.AsyncTextureCompilationMaxConcurrency,-1,Constructor
Editor.AsyncTextureCompilationResume,0,Constructor
Editor.AutoSave.InteractiveSaveManagesUncontrolledChangelist,true,Constructor
Editor.AutoSave.UseUncontrolledChangelists,true,Constructor
Editor.AxisDisplayCoordinateSystem,0,Constructor
Editor.CheckForWorldGCLeaksAreFatal,true,Constructor
Editor.ComponentVisualizer.AutoSelectComponent,true,Constructor
Editor.DetailCustomizations.ShowRotator3Children,true,Constructor
Editor.DetailCustomizations.ShowVector3Children,true,Constructor
Editor.EnableITFCursorOverrideSupport,1,Code
Editor.EnableMaterialAssetValidator,false,Constructor
Editor.Gizmo.AlternateSnappingElements,1,Constructor
Editor.Gizmo.ScreenspaceOrtho,false,Constructor
Editor.Gizmo.TemporarySnapDisableAvailable,false,Constructor
Editor.Gizmo.UseTranslationSnapRecalibration,true,Constructor
Editor.Gizmos.Tests.DragSteps,16,Constructor
Editor.HDRNITLevel,160,ProjectSetting
Editor.HDRSupport,0,ProjectSetting
Editor.ITF.CursorOverrideFallback,0,Constructor
Editor.ITF.SoftwareCursorOverride,2,Constructor
Editor.ITF.Tests.ActionDelay,0.05,Constructor
Editor.ITF.Tests.RecordScreen,true,Constructor
Editor.ITF.Tests.ResizeWindow,false,Constructor
Editor.ITF.Tests.RestoreMap,0,Constructor
Editor.LevelEditor.LegacyAlwaysDisableComponentEditorButtonsAreaOnMultiSelect,false,Constructor
Editor.ObjectReverseLookupMask,-1,Constructor
Editor.ObjectReverseLookupMode,1,Constructor
Editor.PerformanceKPI.ForceBadState,,Constructor
Editor.PerformanceKPI.NotificationCooldown,300,Constructor
Editor.StallLogger.Enable,true,Constructor
Editor.StallLogger.EnableStackTrace,true,Constructor
Editor.UnboundedCursorDrag,1,Code
Editor.UseLegacyGetReferencersForDeletion,false,Constructor
Editor.ViewportInteractions.DragThresholdOverride,-1,Constructor
EditorAnalytics.DisableFocusTimes,false,Constructor
Editorpaths.Enabled,false,Constructor
EditorValidator.AssetValidationBatchSize,50,Constructor
EditorValidator.EnablePreloadingAssets,false,Constructor
EditorValidator.MaxAssetBatchPreloads,20,Constructor
EnableHighDPIAwareness,1,Code
EnableLeakTest,0,Constructor
EnablePanelDrawer,true,Constructor
Engine.DelayTrimMemoryDuringMapLoadMode,0,Constructor
Engine.MinNumOverlapsToUseTMap,3,Constructor
Engine.Python.ForceWrapperGenerationOnSingleThread,false,Constructor
Engine.Python.IsEnabledByDefault,true,Constructor
Engine.Python.IsPythonInRestrictiveMode,false,Constructor
Engine.Python.IsPythonLifeCycleDynamic,false,Constructor
Engine.SupressWarningsInOnScreenDisplay,0,Constructor
Engine.SuspendAssetStreamerBeforePerformingFullGC,0,Constructor
Engine.VerifyLoadMapWorldCleanup.Severity,2,Constructor
Engine.VerifyLoadMapWorldCleanup.TraceMode,1,Constructor
EnhancedInput.bAlwaysGetRealValueFromActionInstanceData,true,Constructor
EnhancedInput.bEnableAutoUpgrade,true,Constructor
EnhancedInput.bEnableNameValidation,true,Constructor
enhancedInput.bp.bShouldWarnOnUnsupportedInputPin,false,Constructor
enhancedInput.bp.ShouldValidateWidgetBlueprintSettings,true,Constructor
EnhancedInput.CorrectTouchBoolActionKeys,true,Constructor
EnhancedInput.Debug.ContextMappingFilter,,Constructor
EnhancedInput.Debug.InputActionFilter,,Constructor
EnhancedInput.Debug.ShowGamepadKeys,1,Constructor
EnhancedInput.Debug.ShowKeyboardKeys,1,Constructor
EnhancedInput.Debug.ShowTouchKeys,1,Constructor
EnhancedInput.DetectSubTickTapsForNonAxisInputs,true,Constructor
EnhancedInput.Editor.EnableMappingNameValidation,true,Constructor
EnhancedInput.EnableDefaultMappingContexts,1,Constructor
EnhancedInput.EnableListenerConsumption,true,Constructor
EnhancedInput.IgnoreHeldDigitalActionKeysOnFlush,true,Constructor
EnhancedInput.Mappings.bCheckForEmptyKeyMappingsDuringValidation,false,Constructor
EnhancedInput.OnlyTriggerLastActionInChord,1,Constructor
EnhancedInput.ReconcileRemovedMappingDelegates,1,Constructor
EnhancedInput.TrackKeysForAllActionMappings,false,Constructor
EnhancedInput.Triggers.bCheckInitalStateForComboTrigger,false,Constructor
ExternalPluginCookedAssetRootPath,,Constructor
Fab.TEDS.MyLibrary.ContentSource,false,Constructor
fc.BlockSize,64,Constructor
fc.NumBlocks,64,Constructor
file.allowdeleteopenfiles,false,Constructor
fileiostore.UnmountTimeOutSeconds,10,Constructor
FName.UseMmap,false,Constructor
foliage.ApplyViewOcclusionCullToShadow,true,Constructor
foliage.CullAll,0,Constructor
foliage.CullAllInVertexShader_Unused,0,Constructor
foliage.CullDistanceScale,1,Constructor
foliage.DebugBuildTreeAsyncDelayInSeconds,0,Constructor
foliage.DensityScale,1,Scalability
foliage.DisableCull,0,Constructor
foliage.DiscardDataOnLoad,0,Constructor
foliage.DitheredLOD,1,Constructor
foliage.ForceLOD,-1,Constructor
foliage.InstanceRuns,0,Constructor
foliage.LODDistanceScale,1,Constructor
foliage.MaxEndCullDistance,0,Constructor
foliage.MaxOcclusionQueriesPerComponent,16,Constructor
foliage.MaxTrianglesToRender,100000000,Constructor
foliage.MinimumScreenSize,5e-06,Constructor
foliage.MinInstancesPerOcclusionQuery,256,Constructor
foliage.MinLOD,-1,Constructor
foliage.MinOcclusionQueriesPerComponent,6,Constructor
foliage.MinVertsToSplitNode,8192,Constructor
foliage.OffGroundThreshold,5,Constructor
foliage.OnlyLOD,-1,Constructor
foliage.OverestimateLOD,0,Constructor
foliage.RandomLODRange,0,Constructor
foliage.SplitFactor,16,Constructor
ForceDecompressionFails,0,Constructor
ForcePakProcessReads,false,Constructor
framegrabber.framelatency,0,Constructor
FreezeAtPosition,,Constructor
FullSizeUnitGraph,0,Constructor
FX.AllowAsyncTick,0,Constructor
FX.AllowCulling,1,Constructor
fx.AllowFastPathFunctionLibrary,0,Constructor
FX.AllowGPUParticles,1,Constructor
FX.AllowGPUSorting,1,Constructor
FX.BatchAsync,0,Constructor
FX.BatchAsyncBatchSize,32,Constructor
fx.Budget.AdjustedUsageDecayRate,0.1,Constructor
fx.Budget.AdjustedUsageMax,2,Constructor
fx.Budget.Debug.GameThreadConcurrentTimeOverride,-1,Constructor
fx.Budget.Debug.GameThreadTimeOverride,-1,Constructor
fx.Budget.Debug.RenderThreadTimeOverride,-1,Constructor
fx.Budget.Enabled,false,Constructor
fx.Budget.EnabledInEditor,false,Constructor
fx.Budget.GameThread,2,Constructor
fx.Budget.GameThreadConcurrent,2,Constructor
fx.Budget.HistoryFrames,60,Constructor
fx.Budget.RenderThread,2,Constructor
fx.Cascade.BeamRenderingEnabled,true,Constructor
fx.Cascade.GpuSpriteDynamicAllocations,false,Constructor
fx.Cascade.GpuSpriteRenderingEnabled,true,Constructor
fx.Cascade.MeshRenderingEnabled,true,Constructor
fx.Cascade.SetTemplateDenyList,,Constructor
fx.Cascade.SkipZeroDeltaTime,true,Constructor
fx.Cascade.SpriteRenderingEnabled,true,Constructor
fx.Cascade.TrailRenderingEnabled,true,Constructor
fx.Cascade.UseVelocityForMotionBlur,true,Constructor
fx.DeferrPSCDeactivation,0,Constructor
fx.DetailedCSVStats,false,Constructor
fx.DumpGraphKeyGen,0,Constructor
fx.DumpParticleData,0,Constructor
fx.DumpParticleParameterStores,0,Constructor
fx.DumpSystemData,0,Constructor
fx.DumpVMIR,0,Constructor
FX.EarlyScheduleAsync,0,Constructor
fx.EnableCircularAnimTrailDump,2,Constructor
fx.EnableEmitterMergeChangeIdLogging,0,Constructor
fx.EnableNiagaraCRHandler,0,Constructor
fx.EnableNiagaraLightRendering,true,Constructor
fx.EnableNiagaraMeshRendering,true,Constructor
fx.EnableNiagaraRibbonRendering,true,Constructor
fx.EnableNiagaraRuntimeCycleCounts,0,Constructor
fx.EnableNiagaraSpriteRendering,true,Constructor
fx.EnableVerboseNiagaraChangeIdLogging,0,Constructor
fx.ExecVMScripts,1,Constructor
fx.ForceCompileOnLoad,0,Constructor
fx.ForceExecVMPath,0,Constructor
fx.ForceFailIfPreviouslyNotSetOnMerge,0,Constructor
fx.ForceMergeOnLoad,0,Constructor
fx.ForceNiagaraCacheDump,0,Constructor
fx.ForceNiagaraCompileToFail,0,Constructor
fx.ForceNiagaraSpawnAttachedSolo,0,Constructor
fx.ForceNiagaraTranslatorDump,0,Constructor
fx.ForceNiagaraTranslatorSingleThreaded,1,Constructor
fx.ForceNiagaraVMBinaryDump,0,Constructor
fx.ForceSafeScriptAttributeTrim,0,Constructor
FX.FreezeGPUSimulation,0,Constructor
FX.FreezeParticleSimulation,0,Constructor
fx.FXAllowParticleMeshLODs,0,Constructor
FX.GPUCollisionDepthBounds,500,Constructor
fx.GPUSimulationDynTextureSizeXY,16,Constructor
fx.GPUSimulationTextureSizeX,1024,Constructor
fx.GPUSimulationTextureSizeY,1024,Constructor
fx.GPUSort.Algorithm,-1,Constructor
fx.GPUSort.Bitonic.AutoThresholdLog2,17,Constructor
fx.GPUSort.BufferSlack,2,Constructor
fx.GPUSort.FrameCountBeforeShrinking,100,Constructor
fx.GPUSort.MinBufferSize,8192,Constructor
fx.GPUSort.StressTest,0,Constructor
FX.GPUSpawnWarningThreshold,20000,Constructor
fx.LastRenderTimeSafetyBias,0.1,Constructor
fx.LogCompileIdGeneration,0,Constructor
fx.LogCompileStaticVars,0,Constructor
fx.LogNiagaraSystemChanges,0,Constructor
fx.LWCTileRecache,2,Constructor
FX.MaxCPUParticlesPerEmitter,1000,Constructor
FX.MaxGPUParticlesSpawnedPerFrame,1048576,Constructor
fx.MaxNiagaraCPUParticlesPerEmitter,1000000,Constructor
fx.MaxNiagaraGPUParticlesSpawnPerFrame,2000000,Constructor
fx.MaxNiagaraNeighborGridCells,134217728,Constructor
fx.MaxNiagaraNeighborQueryCells,134217728,Constructor
fx.MaxNiagaraRasterizationGridCells,1073741824,Constructor
FX.MaxParticleTilePreAllocation,100,Constructor
fx.Niagara.AllowAllDeviceProfiles,0,Constructor
fx.Niagara.AllowCullProxies,1,Constructor
fx.Niagara.AllowDeferredReset,1,Constructor
fx.Niagara.AllowPrimedPools,1,Constructor
fx.Niagara.AllowSystemStateResolve,true,Constructor
fx.Niagara.AllowVisibilityCullingForDynamicBounds,1,Constructor
fx.Niagara.Analytics.ReportOnCook,1,Constructor
fx.Niagara.Array.PositionDebugRadius,32,Constructor
fx.Niagara.AsyncGpuTrace.GlobalSdfEnabled,1,Constructor
fx.Niagara.AsyncGpuTrace.HWRayTrace.Inline,1,Constructor
fx.Niagara.AsyncGpuTrace.HWRayTraceEnabled,1,Constructor
fx.Niagara.AsyncTrace.CountsScratchPadBucketSize,768,Constructor
fx.Niagara.AsyncTrace.ScratchPadBucketSize,1024,Constructor
fx.Niagara.BaselineGenerationDelay,5,Constructor
fx.Niagara.Batcher.DebugLogging,0,Constructor
fx.Niagara.Batcher.DumpSortedSimulations,0,Constructor
fx.Niagara.Batcher.TickFlush.MaxPendingTicks,10,Constructor
fx.Niagara.Batcher.TickFlush.MaxQueuedFrames,3,Constructor
fx.Niagara.Batcher.TickFlush.Mode,1,Constructor
fx.Niagara.CleanStatelessEmitterHandles,true,Constructor
fx.Niagara.Collision.CPUEnabled,1,Constructor
fx.Niagara.Compilation.ForceOneThread,0,Constructor
fx.Niagara.Compilation.MaxActiveTaskCount,48,Constructor
fx.Niagara.Compilation.StalledTaskWarningTime,600,Constructor
fx.Niagara.Compilation.UseNewMissingDefaultTraversal,1,Constructor
fx.Niagara.CompileDDCWaitTimeout,10,Constructor
fx.Niagara.CompileDumpTimings,false,Constructor
fx.Niagara.CompileHashAllDataInterfaces,1,Constructor
fx.Niagara.CompileValidateMode,1,Constructor
fx.Niagara.CompileWaitLoggingCap,3,Constructor
fx.Niagara.CompileWaitLoggingThreshold,30,Constructor
fx.Niagara.ComponentRenderComponentCountWarning,50,Constructor
fx.Niagara.ComponentRenderPoolInactiveTimeLimit,5,Constructor
fx.Niagara.ComponentWarnAsleepCullReaction,1,Constructor
fx.Niagara.ComponentWarnNullAsset,0,Constructor
fx.Niagara.CompressScriptByteCode,false,Constructor
fx.Niagara.CSVSplitTime,180,Constructor
fx.Niagara.DataChannels.AllowAsyncLoad,1,Constructor
fx.Niagara.DataChannels.AllowLazyHandlerInit,1,Constructor
fx.Niagara.DataChannels.AutoUploadGPUSpawnData,true,Constructor
fx.Niagara.DataChannels.BlockAsyncLoadOnUse,1,Constructor
fx.Niagara.DataChannels.DebugDumpWriterDI,0,Constructor
fx.Niagara.DataChannels.DumpHandlerTick,0,Constructor
fx.Niagara.DataChannels.EnableAccumulatedWrites,true,Constructor
fx.Niagara.DataChannels.Enabled,true,Constructor
fx.Niagara.DataChannels.ForceReadPrevFrame,false,Constructor
fx.Niagara.DataChannels.ForceReadTickGroup,-1,Constructor
fx.Niagara.DataChannels.FrameDataToCapture,0,Constructor
fx.Niagara.DataChannels.LogWritesToOutputLog,0,Constructor
fx.Niagara.DataChannels.MissingNDCAccessorMode,1,Constructor
fx.Niagara.DataChannels.NDCMapBase.FreeUnusedTime,60,Constructor
fx.Niagara.DataChannels.NDCMapBase.InitialSize,0,Constructor
fx.Niagara.DataChannels.WarnOnLateWrites,true,Constructor
fx.Niagara.DataChannels.WriteDIZeroCPUBuffersMode,1,Constructor
fx.Niagara.Debug.GlobalLoopTime,0,Constructor
fx.Niagara.DebugDraw.Enabled,1,Constructor
fx.Niagara.DecalRenderer.Enabled,true,Constructor
fx.Niagara.DeletePythonFilesOnError,1,Constructor
fx.Niagara.DigestGraphCacheSize,512,Constructor
fx.Niagara.DumpNans,0,Constructor
fx.Niagara.DumpNansOnce,0,Constructor
fx.Niagara.Emitter.ComputePSOPrecacheMode,1,Constructor
fx.Niagara.Emitter.MaxGPUBufferElements,0,Constructor
fx.Niagara.EmitterBounds.DynamicExpandMultiplier,1.1,Constructor
fx.Niagara.EmitterBounds.DynamicSnapValue,0,Constructor
fx.Niagara.EmitterBounds.FixedExpandMultiplier,1,Constructor
fx.Niagara.EnableCustomInlineDynamicInputFormats,1,Constructor
fx.Niagara.EnableExperimentalInlineDynamicInputs,0,Constructor
fx.Niagara.EnableTraversalCache,1,Constructor
fx.Niagara.EventSpawnsUpdateAttributeInitialValues,1,Constructor
fx.Niagara.FailIfNotSetSeverity,3,Constructor
fx.Niagara.FailStaticMeshDataInterface,0,Constructor
fx.Niagara.ForceLastTickGroup,0,Constructor
fx.Niagara.ForceWaitForCompilationOnActivate,0,Constructor
fx.Niagara.GeometryComponentRenderPoolInactiveTimeLimit,5,Constructor
fx.Niagara.GpuComputeDebug.DrawDebugEnabled,1,Constructor
fx.Niagara.GpuComputeDebug.FourComponentMode,0,Constructor
fx.Niagara.GpuComputeDebug.MaxLineInstances,4096,Constructor
fx.Niagara.GpuComputeDebug.MaxTextureHeight,128,Constructor
fx.Niagara.GpuComputeDebug.MinTextureHeight,128,Constructor
fx.Niagara.GpuComputeDebug.OccludedLineColorScale,0.05,Constructor
fx.Niagara.GpuComputeDebug.ShowNaNInf,1,Constructor
fx.Niagara.GpuEmitterCheckFloat16Support,true,Constructor
fx.Niagara.GpuProfiling.Enabled,true,Constructor
fx.Niagara.GpuScriptsCompiledBySystem,true,Constructor
fx.Niagara.GraphDataCacheSize,16384,Constructor
fx.Niagara.GraphDataCacheValidation,false,Constructor
fx.Niagara.Grid2D.CubicInterpMethod,0,Constructor
fx.Niagara.Grid2D.OverrideFormat,-1,Constructor
fx.Niagara.Grid2D.ResolutionMultiplier,1,Constructor
fx.Niagara.Grid3D.OverrideFormat,-1,Constructor
fx.Niagara.Grid3D.ResolutionMultiplier,1,Constructor
fx.Niagara.Grid3D.UseRGBAGrid,1,Constructor
fx.Niagara.IndirectArgsPool.AllowShrinking,1,Constructor
fx.Niagara.IndirectArgsPool.BlockSizeFactor,2,Constructor
fx.Niagara.IndirectArgsPool.LowWaterAmount,0.5,Constructor
fx.Niagara.IndirectArgsPool.LowWaterFrames,150,Constructor
fx.Niagara.IndirectArgsPool.MinSize,256,Constructor
fx.Niagara.Landscape.MaxRegionCaptureCount,-1,Constructor
fx.Niagara.Landscape.MaxRegionSearchCount,-1,Constructor
fx.Niagara.LeakDetector.DebugMessageTime,5,Constructor
fx.Niagara.LeakDetector.Enabled,false,Constructor
fx.Niagara.LeakDetector.GrowthCountThreshold,16,Constructor
fx.Niagara.LeakDetector.ReportActiveLeaks,1,Constructor
fx.Niagara.LeakDetector.ReportTotalLeaks,2,Constructor
fx.Niagara.LeakDetector.TickDeltaSeconds,1,Constructor
fx.Niagara.LegacyDeviceProfile,-1,Constructor
fx.Niagara.LogFoundButNotAllowedAssets,0,Constructor
fx.Niagara.Logging.EmitGPUGenTickErrors,true,Constructor
fx.Niagara.LogVerboseWarnings,1,Constructor
fx.Niagara.LUT.OptimizeThreshold,0.01,Constructor
fx.Niagara.LUT.VerifyPostLoad,0,Constructor
fx.Niagara.MarkPackageDirtyWhenNotSynchronized,false,Constructor
fx.Niagara.MaxCompilePollTimePerFrame,0.016,Constructor
fx.Niagara.MaxStatRecordedFrames,30,Constructor
fx.Niagara.MeshRenderer.CalcMeshUsedParticleCount,64,Constructor
fx.Niagara.NDIExport.GPUMaxReadbackCount,1000,Constructor
fx.Niagara.NDISpline.GDisableLUTs,false,Constructor
fx.Niagara.NDIStaticMesh.UseInlineLODsOnly,2,Constructor
fx.Niagara.ObjectNeedsLoadMode,0,Constructor
fx.Niagara.OnDemandCompileEnabled,2,Constructor
fx.Niagara.ParallelGDME,true,Constructor
fx.Niagara.ParseCompileMetaDataOnGet,false,Constructor
fx.Niagara.ParticleRead.IgnoreUnsafeReads,false,Constructor
fx.Niagara.PerfTestFrames,240,Constructor
fx.Niagara.PreloadSelectablePluginAssetsOnDemand,1,Constructor
fx.Niagara.PruneEmittersOnCook,1,Constructor
fx.Niagara.PSOPrecache.LimitPriorityBoost,false,Constructor
fx.Niagara.PSOPrecache.ReverseCulling,0,Constructor
fx.Niagara.QualityLevel,3,Scalability
fx.Niagara.QualityLevel.Max,-1,Constructor
fx.Niagara.QualityLevel.Min,-1,Constructor
fx.Niagara.Renderer.CookOutStaticEnabledBinding,1,Constructor
fx.Niagara.RenderTarget.IgnoreCookedOut,1,Constructor
fx.Niagara.RenderTarget.ResolutionMultiplier,1,Constructor
fx.Niagara.RenderTarget2D.SimCacheCompressed,1,Constructor
fx.Niagara.RenderTargetVolume.SimCacheCompressed,1,Constructor
fx.Niagara.RenderTargetVolume.SimCacheDataStorageMode,1,Constructor
fx.Niagara.RenderTargetVolume.SimCacheEnabled,1,Constructor
fx.Niagara.RenderTargetVolume.SimCacheUseOpenVDBFloatGrids,0,Constructor
fx.Niagara.Rollback.AggressiveProxylessCulling,true,Constructor
fx.Niagara.Rollback.AllowReactivateInPostApplyToComponent,true,Constructor
fx.Niagara.Rollback.DataChannels.RetainGPUDataIfPendingCpuUpdate,true,Constructor
fx.Niagara.Rollback.DelayNDCManagerInitialiation,true,Constructor
fx.Niagara.Rollback.DestroyAllComponentsThatCantRender,false,Constructor
fx.Niagara.Rollback.NewWorldCleanup,true,Constructor
fx.Niagara.Rollback.NiagaraEmitterPostLoadCleanup,true,Constructor
fx.Niagara.Rollback.SkeletalMeshDI.UseNewResetRequired,true,Constructor
fx.Niagara.Rollback.WorldManagerRespectsWorldCreateFXSystem,false,Constructor
fx.Niagara.Scalability.ApplyInstanceCountsRigidly,0,Constructor
fx.Niagara.Scalability.CanPreventCullingOnPlayerFX,1,Constructor
fx.Niagara.Scalability.DistanceCulling,1,Constructor
fx.Niagara.Scalability.GlobalBudgetCulling,1,Constructor
fx.Niagara.Scalability.InstanceCountCulling,1,Constructor
fx.Niagara.Scalability.MinMaxDistance,1,Constructor
fx.Niagara.Scalability.VisibilityCulling,1,Constructor
fx.Niagara.SetEmitterDenyList,,Constructor
fx.Niagara.SetGpuDataInterfaceDenyList,,Constructor
fx.Niagara.SetGpuDenyList,,Constructor
fx.Niagara.SetGpuEmitterDenyList,,Constructor
fx.Niagara.SetGpuRHIAdapterDenyList,,Constructor
fx.Niagara.SetGpuRHIDenyList,,Constructor
fx.Niagara.SetSystemDenyList,,Constructor
fx.Niagara.Shader.EnableHLSL2021,false,Code
fx.Niagara.Shader.ForceBindEverything,0,Constructor
fx.Niagara.ShowAllocationWarnings,0,Constructor
fx.Niagara.SimCacheViewer.NamespaceGroupingEnabled,true,Constructor
fx.Niagara.SocketReaderDI.DisableTransformReadType,false,Constructor
fx.Niagara.StripByteCodeOverride,0,Constructor
fx.Niagara.SystemGpuSupportsMultiPlatformCook,false,Constructor
fx.Niagara.SystemSimulation.AllowASync,1,Constructor
fx.Niagara.SystemSimulation.AllowASyncSimCache,1,Constructor
fx.Niagara.SystemSimulation.BatchGPUTickSubmit,1,Constructor
fx.Niagara.SystemSimulation.ConcurrentGPUTickInit,1,Constructor
fx.Niagara.SystemSimulation.MaxTickSubsteps,100,Constructor
fx.Niagara.SystemSimulation.SkipTickDeltaSeconds,0,Constructor
fx.Niagara.SystemSimulation.TaskStallTimeout,0,Constructor
fx.Niagara.SystemSimulation.TickBatchMode,1,Constructor
fx.Niagara.SystemSimulation.TickBatchSize,4,Constructor
fx.Niagara.SystemSimulation.TickTaskAllowFrameOverlap,0,Constructor
fx.Niagara.SystemSimulation.TickTaskShouldWait,false,Constructor
fx.Niagara.SystemSimulation.UpdateOnSpawn,1,Constructor
fx.Niagara.TaskPriorities.Background,bnn,Constructor
fx.Niagara.TaskPriorities.High,hnn,Constructor
fx.Niagara.TaskPriorities.Low,nnn,Constructor
fx.Niagara.TaskPriorities.NoneOverlappingPriority,1,Constructor
fx.Niagara.TaskPriorities.Normal,hnn,Constructor
fx.Niagara.TaskPriorities.PerfCapturePriority,1,Constructor
fx.Niagara.TaskPriorities.PostActorTickPriority,1,Constructor
fx.Niagara.TaskPriorities.TickGroupPriority,,Constructor
fx.Niagara.UI.Distribution.UseCompactEditor,false,Constructor
fx.Niagara.UseGlobalFXBudget,true,Constructor
fx.Niagara.VertexFactoryExport.EnabledMode,1,Constructor
fx.Niagara.VolumeRenderer.Enabled,true,Constructor
fx.Niagara.WaitOnPreGC,1,Constructor
fx.Niagara.WarnComponentRenderCount,50,Constructor
fx.Niagara.Water.DepthQuerySupported,0,Constructor
fx.Niagara.WorldManager.FirstHighPriTickGroup,0,Constructor
fx.Niagara.WorldManager.ObjectPoolEnabled,true,Constructor
fx.Niagara.WorldManager.SpawnPerTickGroup,1,Constructor
fx.Niagara.WorldManager.TickParameterCollectionsOncePerFrame,true,Constructor
fx.Niagara.WorldManager.UseTickPasses,false,Constructor
fx.NiagaraAllowComputeShaders,1,Constructor
fx.NiagaraAllowGPUParticles,1,Constructor
fx.NiagaraAllowRuntimeScalabilityChanges,1,SystemSettingsIni
fx.NiagaraBatcher.FreeBufferEarly,1,Constructor
FX.NiagaraComponentPool.CleanTime,30,Constructor
FX.NiagaraComponentPool.Enable,1,Constructor
FX.NiagaraComponentPool.KeepComponentsRegistered,1,Constructor
FX.NiagaraComponentPool.KillUnusedTime,180,Constructor
FX.NiagaraComponentPool.Validation,0,Constructor
fx.NiagaraComponentsEnabled,true,Constructor
fx.NiagaraDataBufferMinSize,512,Constructor
fx.NiagaraDataBufferShrinkFactor,3,Constructor
fx.NiagaraEnablePrecompilerNamespaceDatasetCulling,0,Constructor
fx.NiagaraEnablePrecompilerNamespaceFixup,0,Constructor
fx.NiagaraGlobalSystemCountScale,1,Constructor
fx.NiagaraGPUDataBufferChunkSize,4096,Constructor
fx.NiagaraGPUDataBufferShrinkFactor,2,Constructor
fx.NiagaraGPUDataWarningSize,0,Constructor
fx.NiagaraGpuLowLatencyTranslucencyEnabled,1,Constructor
fx.NiagaraGpuSubmitCommandHint,0,Constructor
fx.NiagaraLogNamespaceFixup,0,Constructor
fx.NiagaraMaxStatInstanceReports,20,Constructor
fx.NiagaraOptimizeCrossGPUTransfer,1,Constructor
fx.NiagaraPerfReporting,0,Constructor
fx.NiagaraRegenBaselinesOnWorldChange,1,Constructor
fx.NiagaraReleaseBuffersOnReset,true,Constructor
fx.NiagaraRuntimeCycleHistorySize,15,Constructor
fx.NiagaraScalabilityUpdateTime_High,0.25,Constructor
fx.NiagaraScalabilityUpdateTime_Low,1,Constructor
fx.NiagaraScalabilityUpdateTime_Medium,0.5,Constructor
fx.NiagaraScriptStatTracking,1,Constructor
fx.NiagaraStateless.AllowTemplateCreation,false,Constructor
fx.NiagaraStateless.ComputeManager.CPUThreshold,0,Constructor
fx.NiagaraStateless.ComputeManager.UseCache,true,Constructor
fx.NiagaraStateless.Distribution.OptimizeLUTs,true,Constructor
fx.NiagaraStateless.Distribution.ReduceLUTTimeRange,true,Constructor
fx.NiagaraStateless.ExpressionsEnabled,false,Constructor
fx.NiagaraStateless.Feature.ExecuteCPU,true,Constructor
fx.NiagaraStateless.Feature.ExecuteGPU,true,Constructor
fx.NiagaraStateless.SolveVelocities.Noise.FrequencyLUTNormalize,0.1,Constructor
fx.NiagaraStateless.SolveVelocities.Noise.FrequencyNormalize,50,Constructor
fx.NiagaraStateless.UI.ShowRawObject,false,Constructor
fx.NiagaraVectorFieldUseIspc,true,Constructor
fx.NumFramesBetweenRuntimePerfSamples,5,Constructor
fx.ParticleCollisionIgnoreInvisibleTime,0.1,Constructor
fx.ParticleDefaultLightInverseExposureBlend,0,Constructor
fx.ParticleManagerAsyncBatchSize,8,Constructor
fx.ParticleManagerFirstHighPriTickGroup,0,Constructor
fx.ParticlePerfStats.Enabled,true,Constructor
fx.ParticlePerfStats.MemoryMode,1,Constructor
FX.ParticleSlackGPU,0.02,Constructor
FX.ParticleSystemPool.CleanTime,30,Constructor
FX.ParticleSystemPool.Enable,1,Constructor
FX.ParticleSystemPool.KillUnusedTime,180,Constructor
fx.PerfBaselineThreshold_Bad,5,Constructor
fx.PerfBaselineThreshold_Poor,2,Constructor
fx.PruneEmittersOnCookByDetailMode,0,Constructor
fx.PSCMan.Enable,1,Constructor
fx.QualityLevelSpawnRateScaleReferenceLevel,2,Constructor
fx.ScalabilityManParallelThreshold,50,Constructor
fx.ScalabilityMaxUpdatesPerFrame,50,Constructor
fx.ShowNiagaraDeveloperWindows,0,Constructor
fx.SkipVectorVMBackendOptimizations,1,ConsoleVariablesIni
FX.TestGPUSort,0,Constructor
FX.Trail.MaxDistanceTessellation,65535,Constructor
FX.Trail.MaxTangentTessellation,65535,Constructor
fx.TriggerDebugCrash,0,Constructor
fx.UseNewGraphHash,1,Constructor
FX.VisualizeGPUSimulation,0,Constructor
fx.WaitForAsyncStallWarnThresholdMS,0,Constructor
g.bEnablePendingCleanupObjectsCommandBatching,true,Constructor
g.CollectStorageInformationAsync,false,Constructor
g.DebugCameraTraceComplex,1,Constructor
g.TimeoutForBlockOnRenderFence,120000,Constructor
g.TimeToBlockOnRenderFence,1,Constructor
GameFeaturePlugin.LeakedAssetTrace.MaxReportCount. Deprecated use PluginManager.LeakedAssetTrace.MaxReportCount instead,10,Constructor
GameFeaturePlugin.LeakedAssetTrace.RenameLeakedPackages. Deprecated used PluginManager.LeakedAssetTrace.RenameLeakedPackages instead,true,Constructor
GameFeaturePlugin.LeakedAssetTrace.Severity,2,Constructor
GameFeaturePlugin.LeakedAssetTrace.TraceMode,1,Constructor
GameFeaturePlugin.VerifyUnload,true,Constructor
GameplayCameras.AutoRotate.SnapThreshold,0.5,Constructor
GameplayCameras.CriticalDamper.StabilizationThreshold,1e-05,Constructor
GameplayCameras.CubicPerlinNoise,true,Constructor
GameplayCameras.CubicPerlinNoiseTension,0.1,Constructor
GameplayCameras.Debug.BackgroundDepthSortKey,1,Constructor
GameplayCameras.Debug.BackgroundOpacity,0.6,Constructor
GameplayCameras.Debug.BlendStack.ShowDataIDs,false,Constructor
GameplayCameras.Debug.BlendStack.ShowUnchanged,false,Constructor
GameplayCameras.Debug.BlendStack.ShowVariableIDs,false,Constructor
GameplayCameras.Debug.BlendStacks.Filter,,Constructor
GameplayCameras.Debug.CameraPose.LabelWorldOffset,20,Constructor
GameplayCameras.Debug.CardGap,10,Constructor
GameplayCameras.Debug.CardHeight,250,Constructor
GameplayCameras.Debug.CardWidth,200,Constructor
GameplayCameras.Debug.Categories,nodetree,Constructor
GameplayCameras.Debug.ColorScheme,SolarizedDark,Constructor
GameplayCameras.Debug.ContextInitialResult.ShowCoordinateSystem,true,Constructor
GameplayCameras.Debug.ContextInitialResult.ShowDataIDs,false,Constructor
GameplayCameras.Debug.ContextInitialResult.ShowUnchanged,false,Constructor
GameplayCameras.Debug.ContextInitialResult.ShowVariableIDs,false,Constructor
GameplayCameras.Debug.Damping.ShowLocalSpace,false,Constructor
GameplayCameras.Debug.DefaultCameraSize,50,Constructor
GameplayCameras.Debug.DefaultCoordinateSystemAxesLength,100,Constructor
GameplayCameras.Debug.DrawBackground,true,Constructor
GameplayCameras.Debug.Enable,false,Constructor
GameplayCameras.Debug.Indent,20,Constructor
GameplayCameras.Debug.InnerMargin,5,Constructor
GameplayCameras.Debug.LeftMargin,10,Constructor
GameplayCameras.Debug.MaxCardColumns,2,Constructor
GameplayCameras.Debug.NodeTree.Filter,,Constructor
GameplayCameras.Debug.OrientationInitialization.ShowLastTargetPreservation,false,Constructor
GameplayCameras.Debug.PoseStats.ShowDataIDs,false,Constructor
GameplayCameras.Debug.PoseStats.ShowUnchanged,false,Constructor
GameplayCameras.Debug.PoseStats.ShowVariableIDs,false,Constructor
GameplayCameras.Debug.RightMargin,10,Constructor
GameplayCameras.Debug.SystemID,-1,Constructor
GameplayCameras.Debug.TopMargin,10,Constructor
GameplayCameras.Debug.Trace,false,Constructor
GameplayCameras.Debug.Viewfinder.GuidesGapFactor,0.02,Constructor
GameplayCameras.Debug.Viewfinder.ReticleInnerSizeFactor,0.7,Constructor
GameplayCameras.Debug.Viewfinder.ReticleNumSides,60,Constructor
GameplayCameras.Debug.Viewfinder.ReticleSizeFactor,0.27,Constructor
GameplayCameras.DebugClock.ArrowThickness,3,Constructor
GameplayCameras.DebugClock.Margin,10,Constructor
GameplayCameras.DebugGraph.DefaultHistoryTime,3,Constructor
GameplayCameras.DebugGraph.Padding,10,Constructor
GameplayCameras.DefaultMinFstop,0,Constructor
GameplayCameras.Framing.ExtrapolationEpsilon,0.001,Constructor
GameplayCameras.Framing.IdealReachedEpsilon,0.001,Constructor
GameplayCameras.Framing.MinDampingFactor,0.0001,Constructor
GameplayCameras.Framing.NumTargetMovementSamples,10,Constructor
GameplayCameras.Framing.ShowEffectiveDeadZone,false,Constructor
GameplayCameras.Framing.TargetRestEpsilon,0.001,Constructor
GameplayCameras.OrbitBlend.DeactivationSmoothingTime,0.3,Constructor
GameplayCameras.RichCurvePreview.Desaturation,0.1,Constructor
GameplayCameras.RichCurvePreview.Opacity,0.9,Constructor
GameplayCameras.SplineOrbit.ShowLocationOffsetOrbits,true,Constructor
GameplayCameras.SplineOrbit.ShowLocationOffsetSpline,true,Constructor
GameplayCameras.TargetRayCastLength,100000,Constructor
GameplayControlRotation.DebugArrowLength,200,Constructor
GameplayDebugger.AutoCreateGameplayDebuggerManager,true,Constructor
GameplayTags.EnableDetailedStats,false,Constructor
GameplayTags.LruCacheSize,3,Constructor
GameplayTags.OldReplaysUseFastReplication,true,Constructor
GameplayTags.PrintNetIndiceAssignment,0,Constructor
GameplayTags.PrintReportOnShutdown,0,Constructor
GameUserSettings.WindowPositionsMaxSize,32,Constructor
gc.ActorClusteringEnabled,0,ProjectSetting
gc.ActorClusteringFixStalePointers,1,Constructor
gc.AdditionalFinishDestroyTimeGC,40,Constructor
gc.AllowIncrementalGather,0,Constructor
gc.AllowIncrementalReachability,0,Constructor
gc.AllowParallelGC,1,ProjectSetting
gc.AllowSkipDestroyGarbage,0,Constructor
gc.AssetClustreringEnabled,0,ProjectSetting
gc.CollectGarbageEveryFrame,0,Constructor
gc.ContinuousIncrementalGC,0,Constructor
gc.CreateGCClusters,1,ProjectSetting
gc.DebugGraphSafeDurationThresholdMs,4,Constructor
gc.DelayReachabilityIterations,0,Constructor
gc.DumpAnalyticsToLog,0,Constructor
gc.DumpObjectCountsToLogWhenMaxObjectLimitExceeded,0,Constructor
gc.FlushStreamingOnGC,0,Constructor
gc.ForceCollectGarbageEveryFrame,0,Constructor
gc.ForceEnableGCProcessor,false,Constructor
gc.GarbageEliminationEnabled,1,Constructor
gc.GarbageReferenceTrackingEnabled,0,Constructor
gc.IncrementalBeginDestroyEnabled,1,ProjectSetting
gc.IncrementalBeginDestroyGranularity,10,Constructor
gc.IncrementalGatherTimeLimit,0,Constructor
gc.IncrementalGCTimePerFrame,0.002,Constructor
gc.IncrementalReachabilityTimeLimit,0.005,Constructor
gc.LowMemory.IncrementalGCTimePerFrame,0.002,Constructor
gc.LowMemory.MemoryThresholdMB,0,Constructor
gc.LowMemory.TimeBetweenPurgingPendingKillObjects,30,Constructor
gc.LowMemory.TimeBetweenPurgingPendingLevels,15,Constructor
gc.MaxFinishDestroyTimeoutObjectsToLog,10,Constructor
gc.MaxObjectsInEditor,25165824,ProjectSetting
gc.MaxObjectsInGame,0,Constructor
gc.MaxObjectsNotConsideredByGC,1,ProjectSetting
gc.MaxReferenceChainsToPrint,100,Constructor
gc.MaxTimeForFinishDestroyGC,10,Constructor
gc.MinGCClusterSize,5,ProjectSetting
gc.NumRetriesBeforeForcingGC,10,ProjectSetting
gc.PauseGCDeferredMapLoadTrim,false,Constructor
gc.PauseGCForceNoFullPurgeOnResume,false,Constructor
gc.PauseGCFreeMemThresholdMB,300,Constructor
gc.PauseGCTimeLimitSeconds,30,Constructor
gc.PerformGCWhileAsyncLoading,0,Constructor
gc.StressTestGC,0,Constructor
gc.TimeBetweenPurgingPendingKillObjects,61.1,ProjectSetting
gc.TimeBetweenPurgingPendingKillObjectsOnIdleServerMultiplier,10,Constructor
gc.VerifyAssumptions,false,Constructor
gc.VerifyAssumptionsChance,0,Constructor
gc.VerifyAssumptionsOnFullPurge,false,Constructor
gc.VerifyNoUnreachableObjects,0,Constructor
gc.VerifyObjectsDestroyed,0,Constructor
gc.VerifyUObjectsAreNotFGCObjects,0,ProjectSetting
GCD.AllowFlattenJsonObject,true,Constructor
GCD.ShowParseErrorsAsWarning,false,Constructor
geometry.DynamicMesh.AllowAsyncCollisionBuildInEditor,false,Constructor
geometry.DynamicMesh.AllowMeshCardGeneration,true,Constructor
geometry.DynamicMesh.DupeStashTimeout,300,Constructor
geometry.DynamicMesh.EnableDebugMeshes,false,Constructor
geometry.DynamicMesh.MaxComplexCollisionTriCount,250000,Constructor
geometry.DynamicMesh.MaxPoolSize,1000,Constructor
geometry.DynamicMesh.TextBasedDupeTriThreshold,200000,Constructor
geometry.GeometryScript.AllowUnclampedGridDimensions,false,Constructor
geometry.MeshSceneAdapter.SingleThreaded,0,Constructor
GeometryCache.Codec.Debug,0,Constructor
GeometryCache.InterpolateFrames,1,Constructor
GeometryCache.LookaheadSeconds,5,Constructor
GeometryCache.OffloadUpdate,0,Constructor
GeometryCache.PrefetchSeconds,0.5,Constructor
GeometryCache.Streamer.BlockTillFinishStreaming,false,Constructor
GeometryCache.Streamer.ShowNotification,true,Constructor
GeometryCache.TrailingSeconds,2.5,Constructor
Gizmos.DebugDraw,false,Code
Gizmos.DotThreshold,0.2,Constructor
Gizmos.ProjectIndirect,true,Constructor
Gizmos.Version,2,Constructor
GPUSort.DebugOffsets,false,Constructor
GPUSort.DebugSort,false,Constructor
grass.CullDistanceScale,1,Constructor
grass.CullSubsections,1,Constructor
grass.densityScale,1,Scalability
grass.DisableDynamicShadows,0,Constructor
grass.DisableGPUCull,0,Constructor
grass.DiscardDataOnLoad,0,Constructor
grass.DrawExclusionVolumes,false,Constructor
grass.Enable,1,Constructor
grass.GrassCreationPrioritizedMultipler,4,Constructor
grass.GrassMap.AlwaysBuildRuntimeGenerationResources,0,Constructor
grass.GrassMap.CameraCutTranslationThreshold,10000,Constructor
grass.GrassMap.Dump,0,Constructor
grass.GrassMap.EvictAll,0,Constructor
grass.GrassMap.GuardBandDiscardMultiplier,1.6,Constructor
grass.GrassMap.GuardBandMultiplier,1.5,Constructor
grass.GrassMap.MaxComponentsForBlockingUpdate,6,Constructor
grass.GrassMap.MaxComponentsRendering,3,Constructor
grass.GrassMap.MaxComponentsStreaming,1,Constructor
grass.GrassMap.MaxDiscardChecksPerFrame,25,Constructor
grass.GrassMap.PrioritizedMultiplier,4,Constructor
grass.GrassMap.RenderCaptureNextDraws,0,Constructor
grass.GrassMap.RenderEveryFrame,,Constructor
grass.GrassMap.RenderEveryFrameDelay,0,Constructor
grass.GrassMap.UseAsyncFetch,0,Constructor
grass.GrassMap.UseRuntimeGeneration,0,Constructor
grass.GuardBandDiscardMultiplier,1.4,Constructor
grass.GuardBandMultiplier,1.3,Constructor
grass.IgnoreExcludeBoxes,0,Constructor
grass.MaxAsyncTasks,4,Constructor
grass.MaxCreatePerFrame,1,Constructor
grass.MaxInstancesPerComponent,65536,Constructor
grass.MinFramesToKeepGrass,30,Constructor
grass.MinTimeToKeepGrass,5,Constructor
grass.TickInterval,1,Constructor
grass.UseStreamingManagerForCameras,1,Constructor
grass.VisualLog.CameraLocations,false,Constructor
GroomCache.EnableStreaming,true,Constructor
health.logHealthSnapshot,1,Constructor
HomeScreen.EnableHomeScreen,true,Constructor
http.AlwaysSetContentLengthEnabled,false,Constructor
http.CancelSupportDuringBackOffEnabled,false,Constructor
http.CancelSupportDuringWillRetryDelegate,true,Constructor
http.csvRegions,false,Constructor
HTTP.Curl.MaxHostConnections,16,GameSetting
HTTP.Curl.MaxIdleConnections,5,Constructor
HTTP.Curl.MaxTotalConnections,256,Constructor
http.CurlAllowHTTP2,false,Constructor
http.CurlDeferEasyHandleLifetime,true,Constructor
http.CurlEventLoopEnableChance,100,Constructor
http.CurlResetRequestCompletedOnRetryEnabled,true,Constructor
http.CurlReuseConnectionEnabled,true,Constructor
http.DefaultUserAgentCommentsEnabled,true,Constructor
http.DurationInQueueToWarnInSeconds,10,Constructor
http.FlushTriggerFatalLogDuringCompleteDelegateEnabled,true,Constructor
Http.InsecureProtocolEnabled,false,Constructor
http.LogJsonContentOnly,true,Constructor
http.MaxConcurrentRequests,251,Constructor
http.RemoveRequestUsingHttpThreadPolicyOnHttpThread,true,Constructor
http.RequestPriorityEnabled,true,Constructor
http.SkipShutdownFlush,false,Constructor
http.ThreadPriority,3,Constructor
http.UrlPatternsToDisableFailedLog,,Constructor
http.UrlPatternsToInspect,,Constructor
http.UrlPatternsToMockResponse,,Constructor
HTTPServer.DefaultReuseAddressAndPortEnabled,false,Constructor
IA.ValidateAccessFromGameThread,false,Constructor
IDO.Enable,false,Constructor
IDO.EnableArchetypeChain,true,Constructor
IDO.EnableBlueprintArchetypes,true,Constructor
IDO.EnableBlueprintInstances,true,Constructor
IDO.EnableFullInherritance,true,Constructor
IDO.EnableInstanceDataTransformSerialization,false,Constructor
IDO.EnableOnEveryObject,false,Constructor
IDO.EnableOnSpawnedObjects,true,Constructor
IDO.EnableOuterChain,true,Constructor
IDO.EnableUninitializedAlertUI,true,Constructor
IDO.Impersonation.EnableOnSave,true,Constructor
IDO.Impersonation.SkipWithoutUnknownProperties,true,Constructor
IDO.Placeholder.Enable,true,Constructor
IDO.Placeholder.Feature.AllowSavingPlaceholderExports,false,Constructor
IDO.Placeholder.Feature.DoNotRestrictMissingTypeImports,false,Constructor
IDO.Placeholder.Feature.ReplaceDeadClassInstanceTypes,false,Constructor
IDO.Placeholder.Feature.ReplaceMissingReinstancedTypes,false,Constructor
IDO.Placeholder.Feature.ReplaceMissingTypeImportsOnLoad,true,Constructor
IDO.Placeholder.Feature.SerializeExportReferencesOnLoad,false,Constructor
IDO.Unknowns.EnableEnums,true,Constructor
IDO.Unknowns.EnableProperties,true,Constructor
IDO.Unknowns.EnableStructs,true,Constructor
IDO.Unknowns.ExcludedTypes,VerseFunctionProperty,Constructor
ImageWriteQueue.MaxConcurrency,-1,Constructor
ImageWriteQueue.MaxQueueSize,-1,Constructor
ImgMedia.EnableMipMapTileDebugDraw,false,Constructor
ImgMedia.FieldOfViewMultiplier,1,Constructor
ImgMedia.FrameInvalidationMaxCount,2,Constructor
ImgMedia.ICVFX.InnerOnlyTiles,false,Constructor
ImgMedia.MaxFrameSequenceGap,10000,Constructor
ImgMedia.MipMapDebug,false,Constructor
ImgMedia.MipMapLevelPadding,0,Constructor
ImgMedia.PausedRefresh,true,Constructor
ImgMedia.ProcessEXR.ProgressTimeoutSeconds,30,Constructor
InGamePerformanceTracking.Enabled,0,Constructor
InGamePerformanceTracking.HistorySize,30,Constructor
ini.ConfigBranchesToNeverUnload,,Constructor
ini.SkipSaveIfPreSaveSucceeded,1,Constructor
ini.TimeToUnloadConfig,0,Constructor
ini.UseNewDynamicLayers,1,Constructor
ini.UseNewPropertySaving,0,Constructor
ini.UseNewSaveTracking,0,Constructor
Input.AllowTriggerDynamicReleaseDeadZoneCustomization,true,Constructor
Input.AutoReconcilePressedEventsOnFirstRepeat,true,Constructor
Input.AxisEventsCanBeConsumed,true,Constructor
Input.bAlwaysAllowInputDelegateBindings,true,Constructor
Input.bMaintainLegacyDelegateExecutionOrder,false,Constructor
input.bRemapDeviceIdForOffsetPlayerGamepadIds,true,Constructor
input.bRespectIMCPriortyForTriggers,true,Constructor
input.bShouldUpdatedDeviceSubsystemOnConnection,true,Constructor
input.bShouldUpdateDeviceSubsystemOnDescriptorChanged,true,Constructor
Input.ClearAxisValueIfConsumed,true,Constructor
Input.Debug.ShowBindingNames,false,Constructor
Input.Debug.ShowTouches,0,Constructor
input.DeviceMappingPolicy,1,Constructor
input.DisableHaptics,0,Constructor
Input.EnableNativeGestureRecognition,false,Constructor
input.GlobalAxisConfigMode,0,Constructor
Input.ShouldAlwaysEvaluateForceFeedbackDuration,true,Constructor
Input.TriggerDynamicReleaseDeadZone,1,Constructor
Input.TriggerDynamicReleaseDeadZoneMinimumRePress,0.05,Constructor
Input.TriggerDynamicReleaseDeadZoneRePressFactor,0.1,Constructor
Insights.EnableUEFNMode,false,Constructor
Insights.MaskAssetNames,false,Constructor
Insights.MemorySnapshot.PerformInternalActorSearch,true,Constructor
Insights.MemorySnapshot.ReferenceChainSearchMode,0,Constructor
Insights.MemorySnapshot.SkipScriptPackageActorAttribution,true,Constructor
Insights.MemorySnapshot.SkipTransientPackageActorAttribution,true,Constructor
Insights.MemorySnapshot.SkipVersePackageActorAttribution,true,Constructor
Insights.RecordAllWorldTypes,0,Constructor
InstancedStruct.MaxCachedReplicationStateDescriptors,8,Constructor
Interchange.FeatureFlags.Import.Audio.AIF,false,Constructor
Interchange.FeatureFlags.Import.Audio.AIFF,false,Constructor
Interchange.FeatureFlags.Import.Audio.FLAC,false,Constructor
Interchange.FeatureFlags.Import.Audio.MP3,false,Constructor
Interchange.FeatureFlags.Import.Audio.OGG,false,Constructor
Interchange.FeatureFlags.Import.Audio.OPUS,false,Constructor
Interchange.FeatureFlags.Import.Audio.WAV,false,Constructor
Interchange.FeatureFlags.Import.BMP,true,Constructor
Interchange.FeatureFlags.Import.DDS,true,Constructor
Interchange.FeatureFlags.Import.DefaultHideCardsView,true,Constructor
Interchange.FeatureFlags.Import.DefaultShowEssentialsView,false,Constructor
Interchange.FeatureFlags.Import.DefaultShowSettingsView,false,Constructor
Interchange.FeatureFlags.Import.Enable,true,Code
Interchange.FeatureFlags.Import.EXR,true,Constructor
Interchange.FeatureFlags.Import.FBX,true,Constructor
Interchange.FeatureFlags.Import.FBX.ToLevel,true,Constructor
Interchange.FeatureFlags.Import.HDR,true,Constructor
Interchange.FeatureFlags.Import.IES,true,Constructor
Interchange.FeatureFlags.Import.JPG,true,Constructor
Interchange.FeatureFlags.Import.MarkAsNotHavingNavigationData,false,Constructor
Interchange.FeatureFlags.Import.MipMapImage,true,Constructor
Interchange.FeatureFlags.Import.MTLX,true,Constructor
Interchange.FeatureFlags.Import.NeverNeedsCookedCollisionData,false,Constructor
Interchange.FeatureFlags.Import.OBJ,true,Constructor
Interchange.FeatureFlags.Import.OBJ.ToLevel,false,Constructor
Interchange.FeatureFlags.Import.PNG,true,Constructor
Interchange.FeatureFlags.Import.PSD,true,Constructor
Interchange.FeatureFlags.Import.ShowConflictWarningsOnCardsView,true,Constructor
Interchange.FeatureFlags.Import.Substrate,true,Constructor
Interchange.FeatureFlags.Import.SyncToBrowser,true,Constructor
Interchange.FeatureFlags.Import.TGA,true,Constructor
Interchange.FeatureFlags.Import.TIFF,true,Constructor
Interchange.FeatureFlags.Import.UEJPEG,true,Constructor
Interchange.FeatureFlags.Import.UseHashAsGuid,true,Constructor
Interchange.FeatureFlags.InterchangeReset,false,Constructor
Interchange.FeatureFlags.Reset.UseFilteredNodes,true,Constructor
Interchange.FeatureFlags.Translator.UseWorker.FBX,false,Constructor
Interchange.FeatureFlags.UseNodeUidAsName,false,Constructor
Interchange.GeometryCache.ParallelFrameReads,16,Constructor
Interchange.MaxAssetPathLength,160,Constructor
Interchange.TestPlan.CanEditCustomPipelines,false,Constructor
Interchange.TestPlan.PersistWarningDialogSuppression,true,Constructor
Interchange.Textures.MinCubeMapDetection,512,Constructor
IoStore.AllowMemoryMappedUtoc,true,Constructor
iostore.AsyncUnmountEnabled,true,Constructor
iostore.UnmountTimeoutSeconds,5,Constructor
ISM.ComponentDescriptor.CanEverAffectNavigation,true,Constructor
ITF.Gizmos.AllowFlattenedRendering,true,Constructor
ITF.UseITFWideBindingComplexityPriority,1,Constructor
landscape.AllowGrassStripping,true,Constructor
landscape.AllowNonNaniteVirtualShadowMapInvalidation,true,Constructor
landscape.AllowPhysicsStripping,true,Constructor
landscape.AmortizedGroupValidation,1,Constructor
landscape.ApplyPhysicalMaterialChangesImmediately,1,Constructor
landscape.BatchedMerge.ClearBeforeEachWriteToScratch,0,Constructor
landscape.BatchedMerge.EnableRenderLayerGroup,true,Constructor
landscape.BatchedMerge.MaxResolutionPerRenderBatch,1024,Constructor
landscape.BatchedMerge.SilenceResolutionWarning,false,Constructor
landscape.BatchedMerge.VisualLog.Alpha,0.5,Constructor
landscape.BatchedMerge.VisualLog.OffsetIncrement,5000,Constructor
landscape.BatchedMerge.VisualLog.ShowAllRenderItems,false,Constructor
landscape.BatchedMerge.VisualLog.ShowComponentDependencies,0,Constructor
landscape.BatchedMerge.VisualLog.ShowComponentDependenciesFilter,,Constructor
landscape.BatchedMerge.VisualLog.ShowMergeProcess,0,Constructor
landscape.BatchedMerge.VisualLog.ShowMergeType,3,Constructor
landscape.BatchedMerge.VisualLog.ShowRenderItemsEditLayerRendererFilter,,Constructor
landscape.BatchedMerge.VisualLog.ShowRenderItemsType,0,Constructor
landscape.BrushFramePadding,5,Constructor
landscape.BrushOptim,0,Constructor
landscape.CollisionMesh.HeightOffset,0,Constructor
landscape.CollisionMesh.Show,1,Constructor
landscape.CollisionMesh.ShowPhysicalMaterial,false,Constructor
landscape.DebugShaders,false,Constructor
Landscape.DebugViewMode,0,Constructor
landscape.DirtyHeightmapHeightThreshold,0,Constructor
landscape.DirtyHeightmapNormalThreshold,0,Constructor
landscape.DirtyWeightmapThreshold,0,Constructor
landscape.DumpDiffDetails,false,Constructor
landscape.DumpHeightmapDiff,0,Constructor
landscape.DumpWeightmapDiff,0,Constructor
landscape.EnableGPUCulling,1,Constructor
landscape.EnableGPUCullingShadows,1,Constructor
landscape.ForceFlush,0,Constructor
landscape.ForceInvalidateNaniteOnLoad,false,Constructor
landscape.ForcePatchAllEdges,0,Constructor
landscape.HeightmapCompressionMipThreshold,32,Constructor
landscape.HeightmapCompressionMode,1,Constructor
landscape.InstallEdgeFixup,1,Constructor
landscape.MobileWeightTextureArray,0,Constructor
landscape.Nanite.AsyncDebugWait,0,Constructor
landscape.Nanite.LiveRebuildOnModification,0,Constructor
landscape.Nanite.MaxAsyncProxyBuildsPerSecond,6,Constructor
landscape.Nanite.MaxSimultaneousMultithreadBuilds,-1,Constructor
landscape.Nanite.MultithreadBuild,1,Constructor
landscape.Nanite.SilenceMapCheckWarnings,false,Constructor
landscape.Nanite.StallDetectionTimeout,180,Constructor
landscape.Nanite.UpdateLag,0.25,Constructor
landscape.NaniteExportCacheMaxQuadCount,4194304,Constructor
landscape.NonNaniteVirtualShadowMapInvalidationLODAttenuationExponent,2,Constructor
landscape.Optim,1,Constructor
landscape.OverrideLOD0Distribution,-1,Constructor
landscape.OverrideLOD0ScreenSize,-1,Constructor
landscape.OverrideLODBlendRange,-1,Constructor
landscape.OverrideLODDistribution,-1,Constructor
landscape.OverrideNonNaniteVirtualShadowMapConstantDepthBiasOverride,-1,Constructor
landscape.OverrideNonNaniteVirtualShadowMapInvalidationHeightErrorThreshold,-1,Constructor
landscape.OverrideNonNaniteVirtualShadowMapInvalidationScreenSizeLimit,-1,Constructor
landscape.PatchEdges,1,Constructor
landscape.PatchStreamingMipEdges,1,Constructor
landscape.PrioritizeDirtyRVTPages,true,Constructor
landscape.ReadbackPoolSizeMB,256,Constructor
landscape.RemoveEmptyPaintLayersOnEdit,0,Constructor
landscape.RenderCaptureLayersNextHeightmapDraws,0,Constructor
landscape.RenderCaptureLayersNextPhysicalMaterialDraws,0,Constructor
landscape.RenderCaptureLayersNextWeightmapDraws,0,Constructor
landscape.RenderCaptureNextMergeRenders,0,Constructor
landscape.RenderNanite,1,Constructor
landscape.RuntimeVirtualTextureRenderWithQuad,0,Constructor
landscape.ShowDirty,0,Constructor
landscape.SilenceInvalidPropertyOverridesMapCheckWarnings,false,Constructor
landscape.SilenceSharedPropertyDeprecationFixup,true,Constructor
landscape.SimulateAlphaBrushTextureLoadFailure,false,Constructor
landscape.SimulatePhysics,0,Constructor
landscape.SplineFalloffModulation,1,Constructor
Landscape.Splines.ApplyToSplineComponentMaxIterations,200,Constructor
landscape.Splines.EnableFixedSpriteIcons,false,Constructor
landscape.StripLayerMipsOnLoad,false,Constructor
landscape.SupportGPUCulling,1,Constructor
landscape.TrackDirty,0,Constructor
landscape.ValidateProxyWeightmapUsages,1,Constructor
landscape.VisualLog.ShowBrushPhysics,false,Constructor
landscape.VisualLog.ShowFoliageSnapping,false,Constructor
LandscapePatch.AutoMigrateLegacyListToPrioritySystem,true,Constructor
LandscapePatch.UseExternalTextureAlignmentFix,true,Constructor
LatentActions.GuaranteeNextTickDelay,0,Constructor
LayoutUV.TracePackingForInputHash,,Constructor
LevelEditorPIEInputOverride,1,Constructor
LevelEditorToolbarSettings,0,Constructor
levelinstance.debug.forcelevelstreaming,0,Constructor
LevelInstance.ForceEditorWorldMode,false,Constructor
levelinstance.ShouldAutoUpdatePackedBlueprintsOnCommit,0,Constructor
LevelSequence.DefaultClockSource,0,ProjectSetting
LevelSequence.DefaultDisplayRate,30fps,ProjectSetting
LevelSequence.DefaultLockEngineToDisplayRate,0,ProjectSetting
LevelSequence.DefaultTickResolution,24000fps,ProjectSetting
LevelSequence.EnableHitProxyInvalidationDuringEvaluation,false,Constructor
LevelSequence.EnableReadableActorLabelsForSpawnables,1,Constructor
LevelSequence.InvalidBindingTagWarnings,true,Constructor
LevelSequence.MarkSequencePlayerAsGarbageOnDestroy,true,Constructor
LevelStreaming.AllowIncrementalPreRegisterComponents,false,Constructor
LevelStreaming.AllowIncrementalPreUnregisterComponents,false,Constructor
LevelStreaming.AllowIncrementalRemovalWhilePendingVisibility,true,Constructor
LevelStreaming.DefaultAllowClientUseMakingInvisibleTransactionRequests,true,Constructor
LevelStreaming.DefaultAllowClientUseMakingVisibleTransactionRequests,false,Constructor
LevelStreaming.ForceFlushLoadsBeforeAddToWorld,false,Constructor
LevelStreaming.LevelStreamingPriorityBias,0,Constructor
LevelStreaming.MaximumMakingInvisibleLevels,1,Constructor
LevelStreaming.MaximumMakingVisibleLevels,1,Constructor
LevelStreaming.Profiling.Enabled,true,Constructor
LevelStreaming.Profiling.LateStreamingDistanceSquared,0,Constructor
LevelStreaming.Profiling.StartAutomatically,false,Constructor
LevelStreaming.ShouldReuseUnloadedButStillAroundLevels,true,Constructor
LevelStreaming.ShouldServerUseMakingVisibleTransactionRequest,true,Constructor
LevelStreaming.VisibilityPrioritySort,0,Constructor
linker.EnableFullBlueprintPreloading,true,Constructor
linker.TreatVerifyImportErrorsAsWarnings,0,Constructor
LiveCoding.ConsolePath,C:/Program Files/Epic Games/UE_5.8/Engine/Binaries/Win64/LiveCodingConsole.exe,Constructor
LiveCoding.SourceProject,C:/working/works/kadex/titan_example/titan_example.uproject,Constructor
LLM.CsvFlushEveryRow,1,Constructor
LLM.LLMHeaderMaxSize,-1,Constructor
LLM.LLMWriteInterval,1,Constructor
LLM.TrackPeaks,0,Constructor
Localization.AllowParallelGatherTextTasks,true,Constructor
Localization.AlwaysLoadNativeLocalizationDataDuringInitialization,false,Constructor
Localization.AsyncLoadLocalizationData,true,Constructor
Localization.AsyncLoadLocalizationDataOnLanguageChange,false,Constructor
Localization.DisplayStringSupport,0,Constructor
localization.EnablePackageRemapping,true,Constructor
Localization.ForceGatherTextLegacyScheduler,false,Constructor
Localization.ForceLoadGameLocalizationInEditor,false,Constructor
Localization.GatherTextFromAssetsCommandlet.MaxPackagesToDistribute,100,Constructor
Localization.GatherTextFromAssetsCommandlet.MinPackagesToKeepLocal,50,Constructor
Localization.GatherTextFromAssetsCommandlet.MinPackagesToUseWorkers,1000,Constructor
Localization.GatherTextFromAssetsCommandlet.ParallelizeIncludeExcludePathFiltering,true,Constructor
Localization.GatherTextFromAssetsCommandlet.ParallelizeProcessAndRemoveCachedPackages,true,Constructor
Localization.GatherTextFromAssetsCommandlet.ProcessAndRemoveCachedPackagesMaxThreads,-1,Constructor
Localization.GatherTextFromAssetsCommandlet.WorkerIdleThreshold,20,Constructor
Localization.HangulTextWrappingMethod,1,Constructor
Localization.Message.AllowTextArgumentModifiers,false,Constructor
Localization.SkipBlueprintGraphProperties,true,Constructor
Localization.SpanishUsesMinTwoGrouping,true,Constructor
Localization.SpanishUsesRAENumberFormat,true,Constructor
Localization.UGC.AlwaysExportFullGatherLog,false,Constructor
Localization.UseLocaleSpecificDigitCharacters,true,Constructor
lod.DebugLODDitherSpeed,-1,Constructor
lod.TemporalLag,0.5,Constructor
log.Category,1,Constructor
log.flushInterval,0.2,Constructor
log.Timestamp,1,SystemSettingsIni
LogBlueprintComponentInstanceCalls,0,Constructor
LogGameThreadFNameChurn.Enable,0,Constructor
LogGameThreadFNameChurn.PrintFrequency,300,Constructor
LogGameThreadFNameChurn.RemoveAliases,1,Constructor
LogGameThreadFNameChurn.SampleFrequency,1,Constructor
LogGameThreadFNameChurn.StackIgnore,4,Constructor
LogGameThreadFNameChurn.StackLen,3,Constructor
LogGameThreadFNameChurn.Threshhold,10,Constructor
LogGameThreadMallocChurn.Enable,0,Constructor
LogGameThreadMallocChurn.PrintFrequency,300,Constructor
LogGameThreadMallocChurn.RemoveAliases,1,Constructor
LogGameThreadMallocChurn.SampleFrequency,100,Constructor
LogGameThreadMallocChurn.StackIgnore,2,Constructor
LogGameThreadMallocChurn.StackLen,3,Constructor
LogGameThreadMallocChurn.Threshhold,10,Constructor
LWI.Editor.GridSize,-1,Constructor
m.Test.ForcePlayerCreateFailed,false,Constructor
Mainframe.ShowRestoreAssetsPromptInPIE,false,Constructor
Mainframe.ShowRestoreAssetsPromptOnStartup,true,Constructor
MallocBinned.EnableCSVStats,0,Constructor
MallocBinned.FlushRegisteredThreadCachesOnOneThread,1,Constructor
MallocBinned.FlushThreadCacheMaxWaitTime,0.2,Constructor
MallocBinned.PerThreadCaches,1,Constructor
MallocCrash.NonCrashedThreadsMode,1,Constructor
mass.AllowQueryParallelFor,true,Constructor
mass.commands.LockObserversDuringFlushing,false,Constructor
Mass.ConcurrentReserve.Enable,true,Constructor
Mass.ConcurrentReserve.EntitiesPerPage,65536,Constructor
Mass.ConcurrentReserve.MaxEntityCount,134217728,Constructor
mass.debug.AllowBreakOnDebuggedEntity,false,Constructor
mass.debug.AllowProceduralDebuggedEntitySelection,false,Constructor
mass.debug.ServerPIEDebugDrawMode,0,Constructor
mass.debug.TestSelectedEntityAgainstProcessorQueries,true,Constructor
mass.debug.TrackRequirementsAccess,false,Constructor
mass.debug.ValidateEntityBuilderMakeInput,true,Constructor
mass.dependencies.PickHigherPriorityNodesRegardlessOfRequirements,true,Constructor
mass.dependencies.ProcessorExecutionPriorityEnabled,true,Constructor
mass.EntityBuilder.ForceDeferredCommit,false,Constructor
mass.ForceInlineProcessorExecution,true,Constructor
mass.FullyParallel,true,Constructor
mass.LogNewProcessingGraph,true,Constructor
mass.LogProcessingGraph,false,Constructor
mass.MakePrePhysicsTickFunctionHighPriority,true,Constructor
mass.observers.CoalesceBufferedNotifications,false,Constructor
mass.ProcessingQueue.FullLogging,false,Constructor
mass.ProcessingQueue.LockLogging,false,Constructor
mass.RuntimeSubsystemsEnabled,true,Constructor
mass.UseProcessingQueue,true,Constructor
MassDebugger.AutoSwitchToNewEnvironments,false,Constructor
massentities.EnableCommandDetailedStats,false,Constructor
MaterialBaking.ForceDisableEmissiveScaling,false,Constructor
MaterialBaking.RenderDocCapture,0,Constructor
MaterialBaking.SaveIntermediateTextures,0,Constructor
MaterialBaking.UseMaterialProxyCaching,1,Constructor
MaterialBaking.VTWarmupFrames,5,Constructor
MaterialUtilities.WarmupFrames,10,Constructor
MaxAssetFullPath,0,Constructor
MediaAssets.AllowNetworkPaths,true,Constructor
MediaIO.PreventFieldFlipping,0,Constructor
MediaTrack.AvoidSeekOnJump,true,Constructor
MediaTrack.UpdatePlaybackRange,true,Constructor
MediaUtils.BlockOnFetchTimeout,10,Constructor
memory.logGenericPlatformMemoryStats,1,Constructor
Memory.MemoryForAnimBankAssetCompile,512,Constructor
Memory.MemoryForAnimSequenceTransformProviderCompile,256,Constructor
Memory.MemoryForGroomBindingAssetCompile,512,Constructor
Memory.MemoryForSkeletalMeshAssetCompile,4096,Constructor
Memory.MemoryForSkinnedAssetCompile,4608,Constructor
memory.MemoryPressureCriticalThresholdMB,0,Constructor
memory.MemoryPressureCriticalThresholdPercent,0,Constructor
memory.WindowsPlatformMemoryGetStatsLimitTotalGB,0,Constructor
memory.WindowsPlatformMemoryUseContainerMemory,false,Constructor
MeshMergeUtilities.UVGenerationMethod,0,Constructor
MessageBus.UDP.BadEndpointPeriod,60,Constructor
MessageBus.UDP.ConnectionsToError,,Constructor
MessageBus.UDP.EndpointDenyListEnabled,true,Constructor
MessageBus.UDP.InduceSocketError,0,Constructor
MessageBus.UDP.MaxOffloadSegments,16,Constructor
MessageBus.UDP.MaxRetriesForBadEndpoint,5,Constructor
MessageBus.UDP.MaxWindowSize,2048,Constructor
MessageLog.DisablePopup,false,Constructor
MessageLog.InfoMessagesAtDisplayVerbosity,false,Constructor
MetaHuman.Cloud.Autorig.SaveProtobuffers,false,Constructor
MetaHuman.Cloud.Autorig.UseDdc,false,Constructor
MetaHuman.Cloud.Config.ExchangeCode,,Constructor
MetaHuman.Cloud.Config.Password,,Constructor
MetaHuman.Cloud.Config.UserEmail,,Constructor
Metal.CheckCompilerToolChainSetup,0,Constructor
Metal.NumShadersPerLibrary,10000,Constructor
Metal.NumShadersPerLibraryBindlessWithSymbols,1000,Constructor
mi.MemoryResetDelay,10000,Constructor
mmio.enable,1,Constructor
Mobile.EnableUITextScaling,0,Constructor
ModelContextProtocol.AudioResultOggFormat,false,Constructor
ModelContextProtocol.EnableAnalytics,true,Constructor
ModelContextProtocol.PaginationPageSize,0,Constructor
ModelContextProtocol.ProgressIntervalSeconds,1,Constructor
ModelContextProtocol.WrapPODToolResultsInObject,true,Constructor
modeling.CapturePostEditChangeInTransactions,true,Constructor
modeling.CreateMesh.IgnoreProjectSettings,false,Constructor
modeling.DisableAutoUVAreaDensitySampling,0,Constructor
modeling.EnablePolyModel,0,Constructor
modeling.EnablePresets,1,Constructor
modeling.EnablePrototypes,0,Constructor
modeling.EnableVolumeSnapping,false,Constructor
modeling.Gizmo.DrawMode,1,Constructor
modeling.MaxBackgroundTasksOverride,0,Constructor
modeling.PolyEdit.AllowWeldInternalBowtie,false,Constructor
modeling.PolyEdit.EdgeLimit,60000,Constructor
modeling.Sculpting.DisableOctreeUpdates,false,Constructor
modeling.Sculpting.EnableOctreeVisuals,false,Constructor
modeling.Sculpting.OctreeRootCellSizeOverride,0,Constructor
modeling.Sculpting.OctreeTreeDepthOverride,0,Constructor
modeling.Sculpting.SwapSmoothInvertModifiers,false,Constructor
modeling.Selection.EnableStaticMeshLocking,true,Constructor
modeling.Selection.EnableVolumeLocking,true,Constructor
modeling.Selection.FullHoverHighlights,1,Constructor
modeling.UVEditor.AddDebugTools,false,Constructor
modeling.UVEditor.EnableLivePreviewArrangement,1,Constructor
modeling.UVEditor.LivePreviewArrangementMode,0,Constructor
modeling.UVEditor.UDIMSupport,1,Constructor
modeling.VertexPaint.SuppressPostEditChangeCapture,true,Constructor
modeling.VolumeMaxTriCount,500,Constructor
modeling.WorldRenderCapture.VTWarmupFrames,5,Constructor
ModelingTools.AllowNonEditableTargets,false,Constructor
ModelingTools.UseExperimentalMeshAttributePaintTool,true,Constructor
MoviePipeline.AddCodeReferencedAssetsToCook,true,Constructor
MoviePipeline.AlphaOutputOverride,true,Constructor
MoviePipeline.DisableMaxResolutionCheck,false,Constructor
MoviePipeline.DisableShaderFlushingDebug,false,Constructor
MoviePipeline.EnableVTInvalidateOnNaniteLOD,1,Constructor
MoviePipeline.FlushLayersDebug,false,Constructor
MoviePipeline.ForcePrimaryRGBALayer,true,Constructor
MoviePipeline.LayerWarmUp.SkipMeshDeformerMotionVectorClear,true,Constructor
MoviePipeline.PadLayersForMultiPartEXR,true,Constructor
MoviePipeline.Panoramic.MaxConcurrentBlendingPoolCount,4,Constructor
MoviePipeline.ThrottleFrameCount,2,Constructor
MovieRenderPipeline.AudioLatencyCompensationFrames,7,Constructor
MovieRenderPipeline.FrameStepDebug,-1,Constructor
MovieRenderPipeline.NumWarmUpFramesWithSpatialSampling,5,Constructor
MovieRenderPipeline.NumWarmUpFramesWithTemporalSampling,5,Constructor
MovieRenderPipeline.WaveOutput.WriteDelay,0.5,Constructor
MovieScene.LegacyConversionFrameRate,60000fps,Constructor
MovieScene.RemoveMutedTracksOnCook,0,Constructor
MovieScene.ResetComponentVelocity,1,Constructor
MovieSceneTools.CullCachedCurves,1,Constructor
mutable.AllowImageMulticompose,true,Constructor
mutable.ClearWorkingMemoryOnUpdateEnd,true,Constructor
mutable.CodeRunnerForceInline,false,Constructor
Mutable.CookAsync,true,Constructor
mutable.DerivedDataCacheUsage,true,Constructor
mutable.DescriptorDebugPrint,false,Constructor
mutable.DisableNotifyComponentsOfTextureUpdates,false,Constructor
mutable.EnableBenchmark,false,Constructor
mutable.EnableCaches,true,Constructor
mutable.EnableCompressedMipGenerationMemoryOptimizations,true,Constructor
mutable.EnableCPUMorphTargetStreaming,true,Constructor
Mutable.Enabled,true,Code
mutable.EnableDetailedMemoryBudgetExceededLogging,false,Constructor
mutable.EnableGlobalMemoryTracking,true,Constructor
mutable.EnableImageResizeMemoryOptimizations,true,Constructor
Mutable.EnableLoadingAssetsWithHighPriority,true,Constructor
Mutable.EnableLODManagmentInEditor,false,Constructor
mutable.EnableMeshCache,true,Constructor
mutable.EnableMutableLiveUpdate,1,Constructor
mutable.EnableMutableProgressiveMipStreaming,1,Constructor
mutable.EnableMutableTaskLowPriority,true,Constructor
mutable.EnableParallelUpdates,true,Constructor
mutable.EnablePrefetchHighQualityMips,true,Constructor
mutable.EnableRayTracingFix,0,Constructor
mutable.EnableRealTimeMorphTargets,true,Constructor
mutable.EnableReuseInstanceTextures,true,Constructor
mutable.EnableUpdateOptimization,true,Constructor
mutable.EnableVectorImplementationForSmallResizes,true,Constructor
mutable.ForceFastTextureCompression,false,Constructor
mutable.ForceGeometryOnFirstGeneration,false,Constructor
mutable.ForceProjectionMode,-1,Constructor
Mutable.ForceStreamMeshLODs,false,Constructor
mutable.GameThreadTaskMaxTime,0.0005,Constructor
mutable.GenerateInstancesWithinRange,false,Constructor
mutable.GlobalImageTransformLodBias,0,Constructor
mutable.GlobalProjectionLodBias,0,Constructor
mutable.IgnoreFirstAvalilableLODCalculation,false,Constructor
mutable.LogObjectMemoryOnUpdate,false,Constructor
mutable.MaxNumInstancesToDiscardPerTick,1,Constructor
Mutable.MaxTextureSizeToGenerate,0,Constructor
mutable.MaxWorkerThreadsForIterativeOpExec,4,Constructor
mutable.MeshLODBias,0,Constructor
Mutable.MinUVChannelDensity,100,Constructor
mutable.MutableTaskLowPriorityMaxWaitTime,3,Constructor
mutable.RequiresReinitCompareBoneNames,true,Constructor
mutable.ReuseImagesBetweenInstances,true,Constructor
mutable.rollback.FixLowPriorityTasksOverlap,true,Constructor
Mutable.Rollback.ReuseProgramCacheBetweenUpdates,true,Constructor
mutable.RomLoadFailureRate,0,Constructor
Mutable.StreamMeshLODsEnabled,true,Constructor
Mutable.StreamPriority,4,Constructor
mutable.UseASTOpMaskToPerformClipMeshWithMesh,true,Constructor
mutable.UseImageTransformVectorImpl,true,Constructor
mutable.UseOptimizedMergeForConversion,true,Constructor
mutable.UseProjectionVectorImpl,true,Constructor
mutable.WorkingMemory,51200,Constructor
MVVM.AllowViewClass,true,Constructor
MVVM.AutogeneratedFunctionsAreForceEditorTransient,true,Constructor
MVVM.AutogeneratedFunctionsAreTransient,false,Constructor
MVVM.DefaultExecutionMode,3,Constructor
MVVM.LogInvalidBindingVerbose,true,Constructor
MVVM.LogViewCompiledResult,false,Constructor
MVVM.SupportUseAsInterfaceSetting,false,Constructor
MVVM.ViewBinding.FilterMode.Enable,false,Constructor
n.bNavmeshAllowPartitionedBuildingFromEditor,false,Constructor
n.IpNetDriverMaxFrameTimeBeforeAlert,1,Constructor
n.IpNetDriverMaxFrameTimeBeforeLogging,10,Constructor
n.VerifyPeer,1,Constructor
net.ActorChannelPool,1,Constructor
net.AddNetDriverInfoToNetAnalytics,false,Constructor
net.AllowAsyncLoading,0,Constructor
net.AllowClientRemapCacheObject,false,Constructor
net.AllowEncryption,1,Constructor
net.AllowPIESeamlessTravel,false,Constructor
net.AllowReliableMulticastToNonRelevantChannels,1,Constructor
net.AllowRPCDoSDetectionBlocking,1,Constructor
net.AllowRPCDoSDetectionKicking,1,Constructor
net.AlwaysUpdateGuidReferenceMapForNetSerializeObjectStruct,false,Constructor
Net.AutoRegisterReplicatedProperties,true,Constructor
net.BitReader.EnsureOnOverflow,1,Constructor
net.BlockSend,0,Constructor
net.BWMT.Enable,false,Constructor
net.BWMT.HistoryCount,10,Constructor
net.BWMT.MeasurementTime,5,Constructor
net.BWMT.MeasurementURL,,Code
net.BWMT.RequestCount,5,Constructor
net.BWMT.WarmupPeriod,0,Constructor
net.CheckNoLoadPackages,true,Constructor
Net.CheckPushBPRepIndexAgainstName,false,Constructor
net.CleanUpRenamedDynamicActors,0,Constructor
net.ClientIncomingBunchFrameTimeLimitMS,0,Constructor
net.ClientToServerUnreliableRPCQueueSize,16,Constructor
net.CloseTimingDebug,0,Constructor
net.Connection.LogAllCleanup,false,Constructor
net.ContextDebug,0,Constructor
net.ControlChannelDestructionInfo,0,Constructor
net.CurrentHandshakeVersion,4,Constructor
net.DebugAppendResolverAddress,,Constructor
net.DebugDraw,0,Constructor
net.DebugDrawCullDistance,0,Constructor
net.DebugDualIPs,0,Constructor
net.DebugInitialConnect,1,Constructor
net.DebugInitialConnectLogFrequency,10,Constructor
net.DelayUnmappedRPCs,0,Constructor
net.DelinquencyNumberOfTopOffendersToTrack,10,Constructor
net.DeltaInitialFastArrayElements,false,Constructor
net.DisableBandwithThrottling,0,Constructor
net.DisableIPv6,1,Constructor
net.DisableRandomNetUpdateDelay,0,Constructor
net.DisableRemapScriptActors,0,Constructor
net.DiscardTornOffActorRPCs,true,Constructor
net.DLBW.Auto.Enforcement,false,Constructor
net.DLBW.Auto.RolloutChance,-1,Constructor
net.DLBW.BandwidthPercentage,0.8,Constructor
net.DLBW.DefaultBandwidth,300000,Constructor
net.DLBW.DistributionPolling,1,Constructor
net.DLBW.Enforcement,false,Code
net.DLBW.MinGameplayBandwidth,50000,Constructor
net.DLBW.PrintLog,false,Constructor
net.DLBW.PriorityWeightExponent,3,Constructor
net.DLBW.RolloutChance,0,Code
net.DoHandshakeVersionFallback,0,Constructor
net.DoPacketOrderCorrection,1,Constructor
net.DoPropertyChecksum,0,Constructor
net.DormancyEnable,1,Constructor
net.DormancyHysteresis,0,Constructor
net.DormancyValidate,0,Constructor
net.EnableActorCountInStats,false,Constructor
net.EnableCongestionControl,0,Constructor
net.EnableDetailedScopeCounters,true,Constructor
net.EnableFlushDormantSubObjects,1,Constructor
net.EnableFlushDormantSubObjectsCheckConditions,1,Constructor
net.EnableNetInitialSubObjects,true,Constructor
net.EnableNetStats,false,Constructor
net.EnableSupportForNoPawnConnection,false,Constructor
net.EnqueueTransactionalRpcs,true,Constructor
Net.EnsureOnMissingReplicatedPropertiesRegister,false,Constructor
net.FilterGuidRemapping,1,Constructor
net.fix.AllowListenParamSentToClient,false,Constructor
net.FlushDormancyUseDefaultStateForUnloadedLevels,1,Constructor
Net.ForceConnectionViewerPriority,1,Constructor
net.ForceNetFlush,0,Constructor
net.GracefulCloseEnabled,true,Constructor
net.HandshakeEnforceNetworkCLVersion,0,Constructor
net.HandshakeResendInterval,1,Constructor
net.IgnoreNetworkChecksumMismatch,0,Constructor
net.InitialNetworkId,-1,Constructor
net.InstantReplayProcessQueuedBunchesMillisecondLimit,8,Constructor
net.IpConnectionDisableResolution,0,Constructor
net.IpConnectionUseSendTasks,0,Constructor
net.IpNetDriverReceiveThreadPollTimeMS,250,Constructor
net.IpNetDriverReceiveThreadQueueMaxPackets,1024,Constructor
net.IpNetDriverUseReceiveThread,0,Constructor
net.iris.AllowAsyncLoading,true,Constructor
net.iris.AllowAsyncReload,true,Constructor
net.Iris.AllowCreateNetObjectForNetRefHandlePendingDestroy,true,Constructor
net.iris.AllowParallelNetTick,false,Constructor
net.Iris.AllowPollPeriodOverrides,true,Constructor
net.Iris.AlwaysCreateLevelFilteringGroupsForPersistentLevels,true,Constructor
net.iris.AsyncLoading.DefaultPriority,200,Constructor
net.Iris.AsyncLoading.FailAllLoads,false,Constructor
net.Iris.AsyncLoading.FailNextLoad,false,Constructor
net.Iris.AsyncLoading.FailPackageName,,Constructor
net.Iris.AsyncLoading.ForceEnable,false,Constructor
net.Iris.AsyncLoading.ForceObjectsToStall,false,Constructor
net.iris.AsyncLoading.HighPriority,225,Constructor
net.iris.AsyncLoading.VeryHighPriority,250,Constructor
net.Iris.Attachments.AllowSendPolicyFlags,true,Constructor
net.Iris.bWarnAboutStructPropertiesWithSuspectedNotReplicatedProperties,false,Constructor
net.Iris.CallStopReplicationForActorComponentWhenUpdatingReplicatedComponent,false,Constructor
net.Iris.ColdResolvingRetryTimeMS,200,Constructor
Net.Iris.CullNonRelevant,true,Constructor
Net.Iris.DebugName,,Constructor
Net.Iris.DebugRPCName,,Constructor
net.Iris.DefaultReplicateActorComponentSubobjectsAfterComponent,false,Constructor
net.Iris.DefaultRootObjectNetUpdateFrequency,30,Constructor
net.Iris.DeltaCompressInitialState,true,Constructor
net.Iris.DispatchUnresolvedPreviouslyReceivedChanges,false,Constructor
net.Iris.DumpPolymorphicTypeRegistry,false,Constructor
net.Iris.EnableActorLevelChanges,true,Constructor
net.Iris.EnableDeltaCompression,true,Constructor
net.Iris.EnableDetailedClientProfiler,false,Constructor
net.Iris.EnableDynamicNetUpdateFrequency,true,Constructor
net.Iris.EnableFilterMappings,true,Constructor
net.Iris.EnableFlushReliableRPCOnDestroy,true,Constructor
net.Iris.EnableForceNetUpdate,false,Constructor
net.iris.EnableIrisPackageMapNameExports,true,Constructor
net.Iris.EnableRPCs,1,Constructor
net.Iris.EnableRPCSendWarnings,true,Constructor
net.Iris.EnableUpdateObjectsWithDirtyConditionals,true,Constructor
net.Iris.EnsureIfNumGroupMembershipsExceeds,128,Constructor
net.Iris.Error.LogBlockedByAsyncLoading,true,Constructor
net.Iris.Error.LogMissingParentsError,true,Constructor
net.iris.EvictTrackedReferencesWithDynamicOuterFromCache,true,Constructor
net.Iris.ExecuteReliableRPCsBeforeApplyState,true,Constructor
Net.Iris.Filtering.UpdateCreationDependenciesOnRelevancyChange,false,Constructor
Net.Iris.Filtering.ValidateNobSubObjectInScopeWithFilteredOutRootObject,false,Constructor
net.iris.ForceFullCopyAndQuantize,false,Constructor
net.iris.ForceFullDequantizeAndApply,false,Constructor
net.Iris.ForcePruneBeforeUpdate,false,Constructor
net.Iris.HotResolvingLifetimeMS,1000,Constructor
net.Iris.InvalidLocationWarnings,1,Constructor
net.Iris.IrisPreExportExistingNetTokensOnConnect,false,Constructor
net.Iris.LogReplicationProtocols,false,Constructor
net.Iris.MaxCDOStateBytesOnProtocolMismatch,65536,Constructor
net.Iris.MaxNetRefHandleErrorDiagnosticMessages,5,Constructor
net.Iris.MinimumNumberOfFramesBetweenBaselines,60,Constructor
net.Iris.NumPollingTasks,32,Constructor
net.Iris.NumWordsToInterleave,16,Constructor
net.Iris.OnlyQuantizeDirtyMembers,true,Constructor
net.Iris.OnlyResetDirtinessForQuantizedObjects,true,Constructor
net.Iris.PacketSequenceSafetyMargin,4,Constructor
net.Iris.Poll.EnableVerboseProfiling,false,Constructor
net.Iris.Poll.FilterOutNonDirtyPushBasedObjects,true,Constructor
net.Iris.Protocols.IgnoreMismatchForClasses,,Constructor
net.Iris.PruneReplicationStateDescriptorsWithArchetype,true,Constructor
net.Iris.PushModelMode,2,Constructor
net.Iris.QueuedBatch.MaxMustBeMappedHandleArray,16,Constructor
net.Iris.QueuedBatch.TimeoutSeconds,30,Constructor
net.Iris.QueuedBatch.TimeoutWarningInterval,30,Constructor
net.Iris.QueuedBatch.WarningRepeatTime,10,Constructor
net.Iris.RemapDynamicObjects,true,Constructor
net.Iris.RemoveDestructionInfoIfRestartingReplication,true,Constructor
net.Iris.ReplicationReader.GracefullyHandleReachingEndOfBitstream,false,Constructor
net.Iris.ReplicationWriter.MaxUnsentOrderedUnreliableAttachmentAtEndOfTick,-1,Constructor
net.Iris.ReplicationWriter.ValidateObjectsWithDirtyChanges,true,Constructor
net.Iris.ReplicationWriter.WriteBatchSizePerObject,false,Constructor
net.Iris.ReplicationWriter.WriteSentinels,false,Constructor
net.Iris.ReplicationWriterCannotSendWarningInterval,256,Constructor
net.Iris.ReplicationWriterMaxAllowedPacketsIfNotHugeObject,3,Constructor
net.Iris.ReplicationWriterMaxDestroyObjectsPerFrame,150,Constructor
net.Iris.ReplicationWriterMaxHugeObjectsInTransit,16,Constructor
net.Iris.ReplicationWriterReplicationRecordStarvationThreshold,1000,Constructor
net.Iris.ResolvedObjectsDispatchDebugging,false,Constructor
net.Iris.RPC.AllowOnDormantObjects,true,Constructor
net.Iris.RPC.AutoNetFlushOnDormantObjects,true,Constructor
net.Iris.RPC.ServerStompDetectionEnabled,false,Constructor
net.Iris.ScheduleCreationDependenciesFirst,true,Constructor
net.Iris.SendCDOStateOnProtocolMismatch,true,Constructor
net.Iris.SerializeNewActorMaxBunchSize,1024,Constructor
net.Iris.SetFilterSetsRequiresFrequentLocationUpdates,true,Constructor
net.Iris.Stats.ShouldIncludeSubObjectWithRoot,true,Constructor
net.Iris.ThrottleRPCWarnings,true,Constructor
net.iris.UpdateReplicationSystemWithNoConnections,true,Constructor
net.Iris.UseChangeMaskForTArray,true,Constructor
net.Iris.UseDormancyToFilterPolling,true,Constructor
net.Iris.UseFrequencyBasedPolling,true,Constructor
net.Iris.UseIrisReplication,0,Constructor
net.Iris.UseNativeFastArray,true,Constructor
net.Iris.UsePerPropertyDirtyTracking,true,Constructor
net.Iris.UsePrevReceivedStateForOnReps,false,Constructor
net.Iris.UseResolvingHandleCache,true,Constructor
net.Iris.UseSupportsStructNetSerializerList,true,Constructor
net.Iris.UseVerboseIrisCsvStats,true,Constructor
net.Iris.UseVeryVerboseIrisCsvStats,false,Constructor
net.iris.VerifyOuterForStaleDynamicReferences,true,Constructor
net.Iris.WarnAboutDroppedAttachmentsToObjectsNotInScope,false,Constructor
net.Iris.WarnAboutStructsWithCustomSerialization,true,Constructor
net.Iris.WarnIfPendingDestroyUpdateCount,256,Constructor
net.Iris.WarnWhenOuterIsReplaced,false,Constructor
Net.IsPushModelEnabled,false,Constructor
Net.LogPendingGuidsOnShutdown,false,Constructor
Net.LogSkippedRepNotifies,0,Constructor
net.LogUnhandledFaults,1,Constructor
net.MagicHeader,,Constructor
Net.MakeBpPropertiesPushModel,true,Constructor
net.MaxAggregateIPLogs,16,Constructor
net.MaxBlockedRPCLogs,16,Constructor
net.MaxChannelSize,0,Constructor
net.MaxClientGuidRemaps,100,Constructor
net.MaxConnectionsToTickPerServerFrame,0,Constructor
net.MaxConstructedPartialBunchSizeBytes,65536,Constructor
net.MaxIPHitLogs,4,Constructor
net.MaxNetStringSize,16777216,Constructor
net.MaxNumberOfAllowedTArrayChangesPerUpdate,2048,Constructor
net.MaxNumberOfAllowedTArrayDeletionsPerUpdate,2048,Constructor
net.MaxPlayersOverride,0,Constructor
net.MaxRPCPerNetUpdate,2,Constructor
net.MaxSerializedNetExportGroups,65536,Constructor
net.MaxSerializedNetExportsPerGroup,131072,Constructor
net.MaxSerializedNetGuids,2048,Constructor
net.MaxSerializedReplayNetGuids,32768,Constructor
net.MaxSimultaneousObjectsWithRPCs,4096,Constructor
net.MinHandshakeVersion,3,Constructor
net.Montage.Debug,0,Constructor
net.NetFaultRecoveryLogQuotaChecks,0,Constructor
Net.NetGuidCacheHistoryEnabled,0,Constructor
net.NetPingDebugDump,0,Constructor
net.NetPingEnabled,0,Constructor
net.NetPingICMPInterval,5,Constructor
net.NetPingMaxOverrideCount,8,Constructor
net.NetPingTimeoutDisableThreshold,15,Constructor
net.NetPingTypes,,Constructor
net.NetPingUDPInterval,5,Constructor
net.NetPingUDPPort,22222,Constructor
net.NetServerMoveTimestampExpiredWarningThreshold,1,Constructor
net.NumericIPSyncResolve,true,Constructor
net.OodleClientEnableMode,,Constructor
net.OodleMinSizeForCompression,0,Constructor
net.OodleNetwork.TimeGuardLimit,20,Constructor
net.OodleNetwork.TimeGuardThresholdMS,0,Constructor
net.OodleServerEnableMode,,Constructor
net.OptimizedRemapping,1,Constructor
net.PackageMap.DebugAll,0,Constructor
net.PackageMap.DebugObject,,Constructor
net.PackageMap.LongLoadThreshhold,0.02,Constructor
net.PacketHandlerCRCDump,0,Constructor
net.PacketHandlerTimeguardLimit,20,Constructor
net.PacketHandlerTimeguardThresholdMS,0,Constructor
net.PacketOrderCorrectionEnableThreshold,1,Constructor
net.PacketOrderMaxCachedPackets,32,Constructor
net.PacketOrderMaxMissingPackets,3,Constructor
net.PartialBunchReliableThreshold,8,Constructor
net.PingDisplayServerTime,0,Constructor
net.PingExcludeFrameTime,0,Constructor
net.PingUsePacketRecvTime,0,Constructor
net.PlayerFacingPingType,2,Constructor
net.ProcessQueuedBunchesMillisecondLimit,30,Constructor
Net.ProfilerUseComparisonTracking,false,Constructor
net.PushModelSkipUndirtiedFastArrays,false,Constructor
net.PushModelSkipUndirtiedReplication,false,Constructor
net.PushModelValidateProperties,false,Constructor
net.PushModelValidateSkipUpdate,false,Constructor
net.QuantizeActorLocationOnSpawn,true,Constructor
net.QuantizeActorRotationOnSpawn,true,Constructor
net.QuantizeActorScaleOnSpawn,false,Constructor
net.QuantizeActorVelocityOnSpawn,true,Constructor
net.QueuedBunchTimeFailsafeSeconds,2,Constructor
net.QueuedBunchTimeoutSeconds,30,Constructor
net.QueueRpcsForTransactions,1,Constructor
net.RandomizeSequence,1,Constructor
net.RcvThreadShouldSleepForLongRecvErrors,0,Constructor
net.RcvThreadSleepTimeForWaitableErrorsInSeconds,0,Constructor
net.RecreateSocketCooldown,10,Constructor
net.RecreateSocketTimeoutThreshold,0,Constructor
net.RecvMultiCapacity,2048,Constructor
net.Reliable.Debug,0,Constructor
net.ReliableRPCQueueSize,4096,Constructor
net.RelinkMappedReferences,1,Constructor
net.RemapStableSubobjects,true,Constructor
Net.RepDriver.Enable,1,Constructor
Net.RepGraph.ForceConnectionViewerPriority,1,Constructor
net.ReplicateCustomDeltaPropertiesInRepIndexOrder,false,Constructor
net.ReplicateOnlyBeginPlay,false,Constructor
net.Replication.DebugProperty,,Constructor
Net.RepMovement.DrawDebug,0,Constructor
Net.RepMovement.SendPhysicsAttachRep,true,Constructor
net.ReportGameTickFlushTime,false,Constructor
net.ReportSyncLoads,false,Constructor
net.RequiredEncryptionNetDriverDefNames,all,Constructor
net.ReservedNetGuidSize,512,Constructor
net.ResetAckStatePostSeamlessTravel,0,Constructor
Net.ReuseReplicatorsForDormantObjects,false,Constructor
net.RPC.Debug,0,Constructor
net.RPCDoSAnalyticsMaxRPCs,20,Constructor
net.RPCDoSDetectionOverride,,Constructor
net.RPCDoSForcedRPCTracking,,Constructor
net.RPCDoSScopeDebugging,0,Constructor
net.SendDormantDestructionOnRemoval,1,Constructor
net.SerializeNewActorOverrideLevel,1,Constructor
net.ShareInitialCompareState,0,Constructor
net.ShareSerializedData,1,Constructor
net.ShareShadowState,1,Constructor
net.SkipDestroyNetStartupActorsOnChannelCloseDueToLevelUnloaded,true,Constructor
net.SkipMissingLevelDisconnect,false,Constructor
net.SkipReplicatorForDestructionInfos,1,Constructor
net.SubObjects.CompareWithLegacy,false,Constructor
net.SubObjects.DefaultUseSubObjectReplicationList,false,Constructor
net.SubObjects.DetectDeprecatedReplicatedSubObjects,false,Constructor
net.SubObjects.LogAllComparisonErrors,0,Constructor
net.SupportFastArrayDelta,1,Constructor
net.TickAllOpenChannels,0,Constructor
net.TrackAsyncLoadingGUIDThreshold,0,Constructor
net.TrackAsyncLoadingGUIDThresholdOwner,0,Constructor
net.TrackDormantObjectsByLevel,false,Constructor
net.TrackFlushedDormantObjects,1,Constructor
net.TrackNetSerializeObjectReferences,false,Constructor
net.TrackQueuedActorThreshold,0,Constructor
net.TrackQueuedActorThresholdOwner,0,Constructor
net.UnreliableRPCQueueSize,10,Constructor
net.UseAdaptiveNetUpdateFrequency,0,Constructor
Net.UseGranularNetworkTracking,0,Constructor
Net.UsePackedShadowBuffers,1,Constructor
net.UseRecvMulti,0,Constructor
net.UseRecvTimestamps,0,Constructor
net.ValidateReplicatedPropertyRegistration,true,Constructor
net.VerifyMagicHeader,0,Constructor
net.VerifyNetClientID,1,Constructor
net.VerifyNetSessionID,1,Constructor
net.VerifyShareSerializedData,0,Constructor
net.WithArrayOnRepFix,false,Constructor
net.WithObjectValidationCheck,false,Constructor
NetAnalytics.MinimumNumberOfPacketsForBurstTracking,5,Constructor
NetAnalytics.NumberOfConsecutiveDroppedPacketsToConsiderBurst,3,Constructor
NetAnalytics.PercentOfDroppedPacketsToConsiderBurst,0.2,Constructor
netEmulation.BufferBloatCooldownTimeInMS,1000,Constructor
networkversionoverride,0,Constructor
niagara.AllowAllNiagaraNodesInEmitterGraphs,1,Constructor
niagara.CreateShadersOnLoad,0,Constructor
Niagara.EmitterStatsFormat,1,Constructor
Niagara.GPUCountBufferSlack,1.5,Constructor
Niagara.GPUCountManager.AllocateIncrement,64,Constructor
Niagara.GPUCulling,1,Constructor
Niagara.GPUCulling.CPUToGPUThreshold,0,Constructor
Niagara.GPUSorting.CPUToGPUThreshold,-1,Constructor
Niagara.MinCulledGPUInstanceCount,2048,Constructor
Niagara.MinGPUInstanceCount,2048,Constructor
Niagara.RadixSortThreshold,400,Constructor
Niagara.Ribbon.ForceIndex32,false,Constructor
Niagara.Ribbon.GpuAllocateMaxCount,1,Constructor
Niagara.Ribbon.GpuBufferAlign,512,Constructor
Niagara.Ribbon.GpuBufferCachePurgeCounter,0,Constructor
Niagara.Ribbon.GpuEnabled,1,Constructor
Niagara.Ribbon.GpuInitMode,0,Constructor
Niagara.Ribbon.MinSegmentLength,1,Constructor
Niagara.Ribbon.ShareGeneratedData,true,Constructor
Niagara.Ribbon.Tessellation.Enabled,1,Constructor
Niagara.Ribbon.Tessellation.MaxErrorScreenPercentage,0.002,Constructor
Niagara.Ribbon.Tessellation.MaxInterp,16,Constructor
Niagara.Ribbon.Tessellation.MinAbsoluteError,0.5,Constructor
Niagara.Ribbon.Tessellation.MinAngle,0.261799,Constructor
niagara.ShowShaderCompilerWarnings,0,Constructor
Niagara.StaticSwitch.EnableAutoRefreshOldStaticSwitches,false,Constructor
Niagara.WaveIntrinsics,0,Constructor
NiagaraToolset.CompileWaitTimeoutSeconds,120,Constructor
nne.ort.enableprofiling,false,Constructor
NNEDenoiser,true,Constructor
NNEDenoiser.Asset,0,Constructor
NNEDenoiser.Runtime.Name,,Constructor
NNEDenoiser.Runtime.Type,2,Constructor
NNEDenoiser.TemporalAsset,0,Constructor
np2.CMC.EnableClientAuthScheduledPushForces,false,Constructor
np2.DebugNetworkPhysicsPrediction,0,Constructor
np2.EnableDefaultReplication,0,Constructor
np2.NetworkPhysicsPredictionInterpLerp,0.1,Constructor
np2.PredictiveInterpolation.AlwaysHardSnap,false,Constructor
np2.PredictiveInterpolation.AverageReceiveIntervalSmoothing,3,Constructor
np2.PredictiveInterpolation.CorrectConnectedBodies,false,Constructor
np2.PredictiveInterpolation.CorrectConnectedBodiesFriction,true,Constructor
np2.PredictiveInterpolation.CorrectionAsVelocity,false,Constructor
np2.PredictiveInterpolation.DisableErrorVelocityLimits,false,Constructor
np2.PredictiveInterpolation.DisableSoftSnap,false,Constructor
np2.PredictiveInterpolation.DontClearTarget,false,Constructor
np2.PredictiveInterpolation.DrawDebugTargets,false,Constructor
np2.PredictiveInterpolation.DrawDebugVectors,false,Constructor
np2.PredictiveInterpolation.DrawDebugZOffset,50,Constructor
np2.PredictiveInterpolation.EarlyOutAngle,1.5,Constructor
np2.PredictiveInterpolation.EarlyOutDistanceSqr,1,Constructor
np2.PredictiveInterpolation.EarlyOutWithVelocity,true,Constructor
np2.PredictiveInterpolation.ErrorAccAngVelMaxLimit,1.5,Constructor
np2.PredictiveInterpolation.ErrorAccLinVelMaxLimit,50,Constructor
np2.PredictiveInterpolation.ErrorAccumulationDecreaseMultiplier,0.5,Constructor
np2.PredictiveInterpolation.ErrorAccumulationSeconds,3,Constructor
np2.PredictiveInterpolation.ExtrapolationMinTime,0.75,Constructor
np2.PredictiveInterpolation.ExtrapolationTimeMultiplier,3,Constructor
np2.PredictiveInterpolation.FakeTargetOnClientWakeUp,false,Constructor
np2.PredictiveInterpolation.InterpolationTimeMultiplier,1.1,Constructor
np2.PredictiveInterpolation.KinematicHardSnap,false,Constructor
np2.PredictiveInterpolation.KinematicPrediction,true,Constructor
np2.PredictiveInterpolation.MinExpectedDistanceCovered,0.5,Constructor
np2.PredictiveInterpolation.PosCorrectionTimeBase,0,Constructor
np2.PredictiveInterpolation.PosCorrectionTimeMin,0.1,Constructor
np2.PredictiveInterpolation.PosCorrectionTimeMultiplier,1,Constructor
np2.PredictiveInterpolation.PostResimWaitForUpdate,false,Constructor
np2.PredictiveInterpolation.RotCorrectionTimeBase,0,Constructor
np2.PredictiveInterpolation.RotCorrectionTimeMin,0.1,Constructor
np2.PredictiveInterpolation.RotCorrectionTimeMultiplier,1,Constructor
np2.PredictiveInterpolation.RotInterpolationTimeMultiplier,1.25,Constructor
np2.PredictiveInterpolation.SkipReplication,false,Constructor
np2.PredictiveInterpolation.SkipVelocityRepOnPosEarlyOut,true,Constructor
np2.PredictiveInterpolation.SleepConnectedBodies,true,Constructor
np2.PredictiveInterpolation.SleepSecondsClearTarget,15,Constructor
np2.PredictiveInterpolation.SoftSnapPosStrength,0.5,Constructor
np2.PredictiveInterpolation.SoftSnapRotStrength,0.5,Constructor
np2.PredictiveInterpolation.SoftSnapToSource,false,Constructor
np2.PredictiveInterpolation.TargetTickAlignmentClampMultiplier,2,Constructor
np2.PredictiveInterpolation.TeleportDetection.Enabled,1,Constructor
np2.PredictiveInterpolation.TeleportDetection.MinDistance,200,Constructor
np2.PredictiveInterpolation.TeleportDetection.VelocityMultiplier,1.3,Constructor
np2.PredictiveInterpolation.VelocityBased,true,Constructor
np2.Quantization.AngularVel,true,Constructor
np2.Quantization.Enabled,false,Constructor
np2.Quantization.ForceEnabledInStandalone,false,Constructor
np2.Quantization.LinearVel,true,Constructor
np2.Quantization.Location,true,Constructor
np2.Quantization.Log.AngularVel,false,Constructor
np2.Quantization.Log.Enabled,false,Constructor
np2.Quantization.Log.EveryNFrames,1,Constructor
np2.Quantization.Log.LinearVel,false,Constructor
np2.Quantization.Log.Location,true,Constructor
np2.Quantization.Log.Rotation,false,Constructor
np2.Quantization.Log.Verbosity,2,Constructor
np2.Quantization.Rotation,true,Constructor
np2.ReplicationCache.LingerForNSeconds,1,Constructor
np2.Resim.AllowInputExtrapolation,true,Constructor
np2.Resim.AllowRewindToClosestState,true,Constructor
np2.Resim.AngVelStabilityMultiplier,0.5,Constructor
np2.Resim.ApplyDataInsteadOfMergeData,false,Constructor
np2.Resim.ApplyInputDecayOverSetTime,false,Constructor
np2.Resim.ApplyInputDecaySimProxyInputAtRuntime,false,Constructor
np2.Resim.ApplyPredictiveInterpolationWhenBehindServer,true,Constructor
np2.Resim.ApplySimProxyInputAtRuntime,true,Constructor
np2.Resim.ApplySimProxyStateAtRuntime,false,Constructor
np2.Resim.ApplyTargetsWhileResimulating,true,Constructor
np2.Resim.CompareInputToTriggerRewind,false,Constructor
np2.Resim.CompareStateToTriggerRewind,false,Constructor
np2.Resim.CompareStateToTriggerRewind.IncludeSimProxies,false,Constructor
np2.Resim.Debug.TriggerResimEveryNFrames,0,Constructor
np2.Resim.DisableReplicationOnInteraction,false,Constructor
np2.Resim.DrawDebug,false,Constructor
np2.Resim.DynamicInputBufferScaling.AverageTime,0.5,Constructor
np2.Resim.DynamicInputBufferScaling.BumpUpMultiplier,1,Constructor
np2.Resim.DynamicInputBufferScaling.DebugLogs,false,Constructor
np2.Resim.DynamicInputBufferScaling.Enabled,true,Constructor
np2.Resim.DynamicInputBufferScaling.MaxBufferTime,90,Constructor
np2.Resim.DynamicInputBufferScaling.MinBufferTime,30,Constructor
np2.Resim.DynamicInputBufferScaling.ScaleDownMaxMultiplier,0.1,Constructor
np2.Resim.DynamicInputBufferScaling.ScaleDownMinMultiplier,0.01,Constructor
np2.Resim.DynamicInputBufferScaling.ScaleUpMultiplier,1,Constructor
np2.Resim.DynamicInputReplicationScaling.DecreaseAverageMultiplier,0.1,Constructor
np2.Resim.DynamicInputReplicationScaling.DecreaseTimeInterval,10,Constructor
np2.Resim.DynamicInputReplicationScaling.Enabled,true,Constructor
np2.Resim.DynamicInputReplicationScaling.IncreaseAverageMultiplier,0.2,Constructor
np2.Resim.DynamicInputReplicationScaling.IncreaseTimeInterval,2,Constructor
np2.Resim.DynamicInputReplicationScaling.MaxInputsPercent,0.1,Constructor
np2.Resim.DynamicInputReplicationScaling.MinInputs,2,Constructor
np2.Resim.EnableInputDecay,true,Constructor
np2.Resim.EnableLagScalingInputDecay,false,Constructor
np2.Resim.EnableLagScalingSimProxyRuntimeInputDecay,false,Constructor
np2.Resim.EnableReliableFlow,false,Constructor
np2.Resim.EnableUnreliableFlow,true,Constructor
np2.Resim.InputDecayReferenceLagMs,100,Constructor
np2.Resim.InputDecaySetTime,0.15,Constructor
np2.Resim.InputDecaySimProxyInputAtRuntime,0.25,Constructor
np2.Resim.KeepResimStateForNonResimReplicatedObjects,false,Constructor
np2.Resim.LogOutOfBoundsTimeLimit,5,Constructor
np2.Resim.NetworkedActions.EnableDebugLogs,false,Constructor
np2.Resim.NetworkedActions.EquivalenceFrameWindow,1,Constructor
np2.Resim.PosStabilityMultiplier,0.5,Constructor
np2.Resim.RecordStatePostSolve,true,Constructor
np2.Resim.RedundantInputs,2,Constructor
np2.Resim.RedundantRemoteInputs,1,Constructor
np2.Resim.RedundantStates,0,Constructor
np2.Resim.ResimulateSleepDesync,true,Constructor
np2.Resim.RotStabilityMultiplier,1,Constructor
np2.Resim.RuntimeCorrectConnectedBodies,true,Constructor
np2.Resim.RuntimeCorrectionEnabled,false,Constructor
np2.Resim.RuntimeVelocityCorrection,false,Constructor
np2.Resim.SimProxyRepMode,-1,Constructor
np2.Resim.SimulationDecay.NetPhysicsComp.ApplyAtRuntime,false,Constructor
np2.Resim.SimulationDecay.NetPhysicsComp.AverageOverTime,2,Constructor
np2.Resim.SimulationDecay.NetPhysicsComp.DynamicBase,0.1,Constructor
np2.Resim.SimulationDecay.NetPhysicsComp.DynamicMax,1,Constructor
np2.Resim.SimulationDecay.NetPhysicsComp.DynamicMin,0.25,Constructor
np2.Resim.SimulationDecay.NetPhysicsComp.Enable,false,Constructor
np2.Resim.SimulationDecay.NetPhysicsComp.StaticTimeScale,0.9,Constructor
np2.Resim.SimulationDecay.NetPhysicsComp.UseDynamic,true,Constructor
np2.Resim.StatefulDeltaSerialization.Enable,true,Constructor
np2.Resim.StatefulDeltaSerialization.TimeToSyncStatefulDeltaSource,5,Constructor
np2.Resim.StatefulDeltaSerialization.UseDefaultForDeltaSourceReplication,true,Constructor
np2.Resim.TriggerResimOnInputReceive,false,Constructor
np2.Resim.ValidateDataOnGameThread,false,Constructor
np2.Resim.VelStabilityMultiplier,0.5,Constructor
np2.TickOffsetBufferTime,90,Constructor
np2.TickOffsetCorrectionSizeTimeLimit,2000,Constructor
np2.TickOffsetCorrectionTimeLimit,5000,Constructor
np2.TickOffsetUpdateIntervalTime,100,Constructor
np2.TimeDilationAmount,0.025,Constructor
np2.TimeDilationEscalation,true,Constructor
np2.TimeDilationEscalationDecay,0.05,Constructor
np2.TimeDilationEscalationDecayMax,0.5,Constructor
np2.TimeDilationMax,1.25,Constructor
np2.TimeDilationMin,0.75,Constructor
obj.PrematureConfigLoadErrorLevel,0,Constructor
ObjectTools.MaxRecursionDepth,4,Constructor
ObjectTools.MaxTimesToCheckSameObject,3,Constructor
odsc.excludedclasses,/Script/Engine.GameMode,Constructor
ODSC.MaterialUpdateFlags,0,Constructor
ODSC.MaxPayloadPerRequests,200,Constructor
ODSC.recompilemode,1,Constructor
odsc.shadermaps.lifetime,25,Constructor
odsc.shadermaps.numbeforegc,5000,Constructor
ODSC.usedefaultmaterialonrecompile,0,Constructor
OpenColorIO.AllowAsyncCompilation,true,Constructor
OpenColorIO.NoShaderDDC,false,Constructor
OpenColorIO.ShowShaderCompilerWarnings,1,Constructor
OS.UseForCooking,false,Constructor
OSS.DelayAsyncTaskOutQueue,0,Constructor
oss.PlatformOverride,,Constructor
OSS.VoiceLoopback,0,Constructor
OSSNull.AddUserNumToNullId,false,Constructor
OSSNull.AutoLoginAtStartup,true,Constructor
OSSNull.ForceOfflineMode,false,Constructor
OSSNull.ForceShowLoginUIUserChange,false,Constructor
OSSNull.ForceStableNullId,false,Constructor
OSSNull.OnlineRequiresSecondLogin,false,Constructor
OSSNull.RequireLoginCredentials,false,Constructor
OSSNull.RequireShowLoginUI,false,Constructor
OSSNull.SupportExternalUI,false,Constructor
OutputLogModule.HideConsole,false,Constructor
OverridableSerializationLogic.Capabilities.SubObjectsShadowSerialization,true,Constructor
OverridableSerializationLogic.Capabilities.T3D,true,Constructor
p.AABBMaxChildrenInLeaf,500,Constructor
p.AABBMaxTreeDepth,200,Constructor
p.aabbtree.DirtyElementGridCellSize,1000,Constructor
p.aabbtree.DirtyElementMaxCellCapacity,32,Constructor
p.aabbtree.DirtyElementMaxGridCellQueryCount,340,Constructor
p.aabbtree.DirtyElementMaxPhysicalSizeInCells,16,Constructor
p.aabbtree.DynamicTreeBoundingBoxPadding,5,Constructor
p.aabbtree.DynamicTreeLeafCapacity,8,Constructor
p.aabbtree.DynamicTreeLeafEnlargePercent,0.1,Constructor
p.aabbtree.MaxProcessingTimePerSliceSeconds,0.001,Constructor
p.aabbtree.MinDataChunkToProcessBetweenTimeChecks,500,Constructor
p.aabbtree.MinNodesChunkToProcessBetweenTimeChecks,250,Constructor
p.aabbtree.splitataveragecenter,1,Constructor
p.aabbtree.splitonvarianceaxis,1,Constructor
p.aabbtree.updatedirtyelementpayloads,1,Constructor
p.aabbtree.UseTimeSliceMillisecondBudget,true,Constructor
p.AddFormerBaseVelocityToRootMotionOverrideWhenFalling,true,Constructor
p.AggregateGeom.ISPC,true,Constructor
p.AllowCachedOverlaps,1,Constructor
p.AllowDestroyNonNetworkActors,1,Constructor
p.AllowKinematicKinematicConstraints,true,Constructor
p.AllowNotForDedServerPhysicsAssets,1,Constructor
p.AlwaysCreatePhysicsStateConversionHack,0,Constructor
p.AlwaysHardSnap,0,Constructor
p.AlwaysResetPhysics,0,Constructor
p.AngleLerp,-1,Constructor
p.AngularEtherDragOverride,-1,Constructor
p.AngularVelocityCoefficient,-1,Constructor
p.AnimDynamics,1,Constructor
p.AnimDynamics.ComponentAppliedLinearAccClampOverride,-1,Constructor
p.animdynamics.debugbone,,Constructor
p.AnimDynamics.DisableWorldSpace,false,Constructor
p.AnimDynamics.EnableUniformPoseScalePropagation,true,Constructor
p.AnimDynamics.EnableUpdateBodiesOnScaleChange,true,Constructor
p.AnimDynamics.GravityScale,1,Constructor
p.AnimDynamics.ScaleInitialBodyMassByComponentSpace,true,Constructor
p.AnimDynamics.ScaleSupport,1,Constructor
p.AnimDynamics.ScaleWorldSpaceSprings,true,Constructor
p.animdynamics.showdebug,0,Constructor
p.AnimDynamics.SimSpaceCentrifugalAlpha,1,Constructor
p.AnimDynamics.SimSpaceCoriolisAlpha,0.5,Constructor
p.AnimDynamics.SimSpaceEulerAlpha,1,Constructor
p.AnimDynamics.Space.MaxAngularAcceleration,10000,Constructor
p.AnimDynamics.Space.MaxAngularVelocity,10000,Constructor
p.AnimDynamics.Space.Override,false,Constructor
p.AnimDynamics.Space.SimSpaceAngularAlpha,0,Constructor
p.AnimDynamics.TeleportBodiesOnScaleChange,true,Constructor
p.AnimDynamicsAdaptiveSubstep,0,Constructor
p.AnimDynamicsDetailedStats,false,Constructor
p.AnimDynamicsLODThreshold,-1,Constructor
p.AnimDynamicsNumDebtFrames,5,Constructor
p.AnimDynamicsRestrictLOD,-1,Constructor
p.AnimDynamicsWind,1,Constructor
p.ApplyAsyncSleepState,1,Constructor
p.ApplyCharacterCollisionForceAsImpulse,false,Constructor
p.AsyncCharacterMovement,0,Constructor
p.AsyncInterpolationMultiplier,2,Constructor
p.AsyncPhysicsBlockMode,0,Constructor
p.BasedMovementMode,2,Constructor
p.bGeometryCollectionRepUseClusterVelocityMatch,true,Constructor
p.BodySetupSkipDDCThreshold,16384,Constructor
p.BoundingBoxMarginForConnectionGraphFiltering,0,Constructor
p.BoundingVolumeNumCells,35,Constructor
p.BPTreeOfGrids,1,Constructor
p.BroadphaseType,1,Constructor
p.Buoyancy.Algorithms.AccurateBuoyancyAlongNormal,false,Constructor
p.Buoyancy.Algorithms.AllowVolRatioOverOne,false,Constructor
p.Buoyancy.Algorithms.Field.UseAccurateSubmersion,false,Constructor
p.Buoyancy.Algorithms.UseConvexAsBox,false,Constructor
p.Buoyancy.BuoyancyField.MaxVelocity,0,Constructor
p.Buoyancy.bUseAccurateIntegrationForSplines,0,Constructor
p.Buoyancy.bUseShallowWaterSimulation,1,Constructor
p.Buoyancy.bUseSimpleWaves,false,Constructor
p.Buoyancy.bUseWaves,true,Constructor
p.Buoyancy.CallbackData.Enabled,true,Constructor
p.Buoyancy.CallbackData.ParticleValidation,true,Constructor
p.Buoyancy.DebugDraw,false,Constructor
p.Buoyancy.ParticleData.HashIndex,true,Constructor
p.Buoyancy.ParticleData.HashSizeRatioGrowThreshold,1.5,Constructor
p.Buoyancy.ParticleData.MaxHashSize,8192,Constructor
p.Buoyancy.ParticleData.MinHashSize,1024,Constructor
p.Buoyancy.UseImplicitDrag,true,Constructor
p.bUseUnifiedHeightfield,1,Constructor
p.Chaos.AABBTransform.ISPC,true,Constructor
p.Chaos.AABBTransform.Optimized,false,Constructor
p.Chaos.AccelerationStructureCacheOverlappingLeaves,1,Constructor
p.Chaos.AccelerationStructureIsolateQueryOnlyObjects,0,Constructor
p.Chaos.AccelerationStructureSplitStaticDynamic,1,Constructor
p.Chaos.AccelerationStructureTimeSlicingMaxBytesCopy,100000,Constructor
p.Chaos.AccelerationStructureTimeSlicingMaxQueueSizeBeforeForce,1000,Constructor
p.Chaos.AccelerationStructureUseDirtyTreeInsteadOfGrid,1,Constructor
p.Chaos.AccelerationStructureUseDynamicTree,1,Constructor
p.chaos.AllowCreatePhysxBodies,1,ConsoleVariablesIni
p.Chaos.ArrayCollection.MaxSlackFraction,0.5,Constructor
p.Chaos.ArrayCollection.MinSlack,100,Constructor
p.Chaos.AsyncPhysicsStateTask.PriorityExtraTimeBudgetMS,0,Constructor
p.Chaos.AsyncPhysicsStateTask.TimeBudgetMS,0,Constructor
p.Chaos.AxialSpring.ISPC,true,Constructor
p.Chaos.AxialSpring.ParallelConstraintCount,100,Constructor
p.Chaos.Bending.ISPC,true,Constructor
p.Chaos.Bending.ParallelConstraintCount,100,Constructor
p.Chaos.BoxCalcBounds.ISPC,true,Constructor
p.Chaos.BroadPhase.MidPhaseRedistributionEnabled,false,Constructor
p.Chaos.BubbleResim.Enable,false,Constructor
p.Chaos.BubbleResim.EnableCanFrozenParticlesModifyContacts,true,Constructor
p.Chaos.BubbleResim.EnableCheapFreeze,false,Constructor
p.Chaos.BubbleResim.ExtraSweptDistanceForCorrectedParticle,10,Constructor
p.Chaos.BubbleResim.ExtraThicknessForCorrectedParticle,10,Constructor
p.Chaos.BubbleResim.FreezeMode,1,Constructor
p.Chaos.BubbleResim.IncludeKinematicParticlesInBubbleGrowth,false,Constructor
p.Chaos.BubbleResim.MaxNumTriesForResimBubbleGrowth,3,Constructor
p.Chaos.Bugs.ActivateWakingConstraints,true,Constructor
p.Chaos.Bugs.MidPhaseModifierConvexOptimizerFix,true,Constructor
p.Chaos.Bugs.ResetTOIFix,true,Constructor
p.Chaos.Cache.CompressTracksAfterRecording,true,Constructor
p.Chaos.Cache.GeometryCollectionPlayUseKinematicTarget,true,Constructor
p.Chaos.Cache.UseInterpolation,true,Constructor
p.Chaos.CalculateBounds.ISPC,true,Constructor
p.Chaos.CCD.AllowedDepthBoundsScale,0.2,Constructor
p.Chaos.CCD.AxisThresholdMode,2,Constructor
p.Chaos.CCD.CCDAxisThresholdUsesProbeShapes,false,Constructor
p.Chaos.CCD.CCDSweepsUseProbeShapes,false,Constructor
p.Chaos.CCD.EnableThresholdBoundsScale,0.4,Constructor
p.Chaos.CCD.NewTargetDepthMode,true,Constructor
p.Chaos.CCD.NoCullAllShapePairs,true,Constructor
p.Chaos.CCD.OnlyConsiderDynamicStatic,0,Constructor
p.Chaos.CCD.UseGenericSweptConvexConstraints,1,Constructor
p.Chaos.CharacterGroundConstraint.ExternalMovementThreshold,2,Constructor
p.Chaos.CharacterGroundConstraint.InputMovementThreshold,0.1,Constructor
p.Chaos.CheckForInterclusterEdgesOnRelease,true,Constructor
p.Chaos.Cloth.CGTol,0.0001,Constructor
p.Chaos.Cloth.EnableBuoyancy,false,Constructor
p.Chaos.Cloth.MaxItCG,50,Constructor
p.Chaos.Cloth.StiffnessPaddingRatio,0,Constructor
p.Chaos.Cloth.SwapBackstopAnimDriveApply,false,Constructor
p.chaos.clustering.breakonlystrained,1,Constructor
p.Chaos.Clustering.DumpClusterAndReleaseStats,0,Constructor
p.Chaos.Clustering.PerAdvanceBreaksAllowed,2147483647,Constructor
p.Chaos.Clustering.PerAdvanceBreaksRescheduleLimit,2147483647,Constructor
p.Chaos.ClusterUnion.DoNotAddEmptyClusters,true,Constructor
p.Chaos.ClusterUnion.FixLockedChildXROnPush,0,Constructor
p.Chaos.ClusterUnion.FixPartialDestruction,true,Constructor
p.Chaos.ClusterUnion.FixRemoveDuringSort,true,Constructor
p.Chaos.ClusterUnion.GenerateInterclusterEdges,true,Constructor
p.Chaos.ClusterUnion.UseLockedChildToParentInMassProps,0,Constructor
p.Chaos.Collision.AABBBoundsCheck,true,Constructor
p.Chaos.Collision.ABTestSolver,false,Constructor
p.Chaos.Collision.AllowGlobalInitialPhi,true,Constructor
p.Chaos.Collision.AllowLevelsetManifolds,true,Constructor
p.Chaos.Collision.AllowParticleTracking,true,Constructor
p.Chaos.Collision.CCD.AllowClipping,true,Constructor
p.Chaos.Collision.CCD.ClearNullConstraints,true,Constructor
p.Chaos.Collision.CCD.ConstraintMaxProcessCount,1,Constructor
p.Chaos.Collision.CCD.CorrectionIterations,4,Constructor
p.Chaos.Collision.CCD.CorrectionPhiToleranceScale,0.02,Constructor
p.Chaos.Collision.CCD.EnableResweep,true,Constructor
p.Chaos.Collision.CCD.UseTightBoundingBox,true,Constructor
p.Chaos.Collision.ConvexTriMeshBackFaceCull,true,Constructor
p.Chaos.Collision.ConvexTriMeshInsideCull,true,Constructor
p.Chaos.Collision.ConvexTriMeshMode,1,Constructor
p.Chaos.Collision.ConvexTriMeshSortByDistance,false,Constructor
p.Chaos.Collision.ConvexTriMeshSortByPhi,false,Constructor
p.Chaos.Collision.ConvexZeroMargin,0,Constructor
p.Chaos.Collision.CullDistanceReferenceSize,0.01,Constructor
p.Chaos.Collision.DebugDrawProbeDetection,false,Constructor
p.Chaos.Collision.EdgePrunePlaneDistance,3,Constructor
p.Chaos.Collision.EnableBoundsChecks,true,Constructor
p.Chaos.Collision.EnableCollisionManager,true,Constructor
p.Chaos.Collision.EnableEdgeCollisionPruning,true,Constructor
p.Chaos.Collision.EnableEdgePrune,true,Constructor
p.Chaos.Collision.EnableLargeMeshManifolds,true,Constructor
p.Chaos.Collision.EnableMACDFallback,false,Constructor
p.Chaos.Collision.EnableMACDPreManifoldFix,false,Constructor
p.Chaos.Collision.EnableManifoldGJKInject,false,Constructor
p.Chaos.Collision.EnableManifoldGJKReplace,false,Constructor
p.Chaos.Collision.EnableMeshCollisionPruning,true,Constructor
p.Chaos.Collision.EnableMeshManifoldOptimizedLoop,true,Constructor
p.Chaos.Collision.EnableMeshManifoldOptimizedLoopTriMesh,true,Constructor
p.Chaos.Collision.EnableOneWayInteraction,true,Constructor
p.Chaos.Collision.EnableShapePairs,true,Constructor
p.Chaos.Collision.EnableSubSurfaceCollisionPruning,false,Constructor
p.Chaos.Collision.EPAEpsilon,1e-06,Constructor
p.Chaos.Collision.GBFCharacteristicTimeRatio,1,Constructor
p.Chaos.Collision.GJKEpsilon,1e-06,Constructor
p.Chaos.Collision.Manifold.CapsuleAxisAlignedThreshold,0.8,Constructor
p.Chaos.Collision.Manifold.CapsuleDeepPenetrationFraction,0.05,Constructor
p.Chaos.Collision.Manifold.CapsuleMinContactDistanceFraction,0.1,Constructor
p.Chaos.Collision.Manifold.CapsuleRadialContactFraction,0.25,Constructor
p.Chaos.Collision.Manifold.CullDistanceMarginMultiplier,1,Constructor
p.Chaos.Collision.Manifold.EdgeNormalThreshold,0.9,Constructor
p.Chaos.Collision.Manifold.EnableFrictionRestore,true,Constructor
p.Chaos.Collision.Manifold.EnableGjkWarmStart,true,Constructor
p.Chaos.Collision.Manifold.ForceOneShotManifoldEdgeEdgeCaseZeroCullDistance,false,Constructor
p.Chaos.Collision.Manifold.FrictionExactPositionTolerance,0.2,Constructor
p.Chaos.Collision.Manifold.FrictionNearPositionTolerance,1,Constructor
p.Chaos.Collision.Manifold.MatchNormalTolerance,0.02,Constructor
p.Chaos.Collision.Manifold.MatchPositionTolerance,0.3,Constructor
p.Chaos.Collision.Manifold.MinFaceSearchDistance,1,Constructor
p.Chaos.Collision.Manifold.PlaneContactNormalEpsilon,0.001,Constructor
p.Chaos.Collision.Manifold.SphereCapsuleSizeThreshold,0.5,Constructor
p.Chaos.Collision.Manifold.TriangleConvexMarginMultiplier,0.5,Constructor
p.Chaos.Collision.Manifold.TriangleNormalThreshold,0.75,Constructor
p.Chaos.Collision.MarginFraction,-1,Constructor
p.Chaos.Collision.MarginMax,-1,Constructor
p.Chaos.Collision.MaxManifoldPoints,-1,Constructor
p.Chaos.Collision.MaxShapePairs,100,Constructor
p.Chaos.Collision.MeshContactNormalRejectionThreshold,0.7,Constructor
p.Chaos.Collision.MeshContactNormalThreshold,0.998,Constructor
p.Chaos.Collision.MeshManifoldHashSize,256,Constructor
p.Chaos.Collision.MinCullDistanceScale,1,Constructor
p.Chaos.Collision.OneSidedHeightField,true,Constructor
p.Chaos.Collision.OneSidedTriangleMesh,true,Constructor
p.Chaos.Collision.OneWayStiffness,0.5,Constructor
p.Chaos.Collision.ShapesArrayMode,true,Constructor
p.Chaos.Collision.SimpleAssignContact,true,Constructor
p.Chaos.Collision.SortMeshManifoldByDistance,false,Constructor
p.Chaos.Collision.SphereBoundsCheck,true,Constructor
p.Chaos.Collision.Stiffness,-1,Constructor
p.Chaos.Collision.TriangeMeshDistanceTolerance,0.1,Constructor
p.Chaos.Collision.TriangeMeshPhiToleranceScale,1,Constructor
p.Chaos.Collision.UnionBVH.Enabled,true,Constructor
p.Chaos.Collision.UnionBVH.MaxDepth,14,Constructor
p.Chaos.Collision.UnionBVH.NumShapes,10,Constructor
p.Chaos.Collision.UnionBVH.SplitBias,0.1,Constructor
p.Chaos.Collision.UnionBVH.UseOptimizedCountLeafObjects,true,Constructor
p.Chaos.Collision.UseCapsuleTriMesh2,true,Constructor
p.Chaos.Collision.UseConvexTriangleGJKSAT,true,Constructor
p.Chaos.Collision.UseGJK2,false,Constructor
p.Chaos.CollisionSmallBatchSize,10,Constructor
p.Chaos.CollisionStore.Enabled,true,Constructor
p.Chaos.ConstraintGraph.Validate,false,Constructor
p.Chaos.Constraints.DetailedStats,0,Constructor
p.Chaos.Convex.DynamicMode,2,Constructor
p.Chaos.Convex.EnableMerging,true,Constructor
p.Chaos.Convex.KinematicMode,2,Constructor
p.Chaos.Convex.MinVolume,10000,Constructor
p.Chaos.Convex.SimplifyUnion,false,Constructor
p.Chaos.Convex.SplittingThreshold,1,Constructor
p.Chaos.Convex.UseDirectOverlap,true,Constructor
p.Chaos.Convex.UseSimplifierForTConvexHull3Builder,false,Constructor
p.Chaos.Convex.UseTConvexHull3Builder,true,Constructor
p.Chaos.ConvexGeometryCheckEnable,0,Constructor
p.Chaos.ConvexParticlesWarningThreshold,50,Constructor
p.Chaos.CU.UseFlushNetDormancy,true,Constructor
p.Chaos.DampVelocity.ISPC,true,Constructor
p.Chaos.DebugDraw.BVHBounds,true,Constructor
p.Chaos.DebugDraw.BVHLevel,-1,Constructor
p.Chaos.DebugDraw.BVHShapes,false,Constructor
p.Chaos.DebugDraw.CCDDuration,0,Constructor
p.Chaos.DebugDraw.CollisionDuration,0,Constructor
p.Chaos.DebugDraw.ColorBoundsByShapeType,false,Constructor
p.Chaos.DebugDraw.ColorShapesByClusterUnion,false,Constructor
p.Chaos.DebugDraw.ColorShapesByConvexType,false,Constructor
p.Chaos.DebugDraw.ColorShapesByInternalCluster,false,Constructor
p.Chaos.DebugDraw.ColorShapesByIsland,false,Constructor
p.Chaos.DebugDraw.ColorShapesByShapeType,false,Constructor
p.Chaos.DebugDraw.ColorShapesBySimQueryType,false,Constructor
p.Chaos.DebugDraw.ConnectionGraph.ShowAreas,false,Constructor
p.Chaos.DebugDraw.ConnectionGraph.ShowInternalStrains,false,Constructor
p.Chaos.DebugDraw.ConnectionGraphLevelOffset,0,Constructor
p.Chaos.DebugDraw.ConvexExplodeDistance,0,Constructor
p.Chaos.DebugDraw.Deformable.KinematicParticle,false,Constructor
p.Chaos.DebugDraw.Deformable.ParticleRadius,5,Constructor
p.Chaos.DebugDraw.Deformable.RigidCollisionGeometry,false,Constructor
p.Chaos.DebugDraw.Deformable.TetrahedralParticle,false,Constructor
p.Chaos.DebugDraw.Deformable.TransientKinematicParticle,false,Constructor
p.Chaos.DebugDraw.Enabled,false,Constructor
p.Chaos.DebugDraw.EnableGlobalQueue,true,Constructor
p.Chaos.DebugDraw.GeometryCollectionReplication,false,Constructor
p.Chaos.DebugDraw.MaxLines,20000,Constructor
p.Chaos.DebugDraw.Mode,0,Constructor
p.Chaos.DebugDraw.Radius,3000,Constructor
p.Chaos.DebugDraw.SeeThrough,true,Constructor
p.Chaos.DebugDraw.ShowCollisionAnchors,false,Constructor
p.Chaos.DebugDraw.ShowCollisionParticles,false,Constructor
p.Chaos.DebugDraw.ShowContactGraph,false,Constructor
p.Chaos.DebugDraw.ShowContactGraphUnused,false,Constructor
p.Chaos.DebugDraw.ShowContactGraphUsed,false,Constructor
p.Chaos.DebugDraw.ShowContactIterations,false,Constructor
p.Chaos.DebugDraw.ShowConvexVertices,false,Constructor
p.Chaos.DebugDraw.ShowCoreShapes,false,Constructor
p.Chaos.DebugDraw.ShowExactCoreShapes,false,Constructor
p.Chaos.DebugDraw.ShowInactiveContacts,true,Constructor
p.Chaos.DebugDraw.ShowIslands,true,Constructor
p.Chaos.DebugDraw.ShowOptimizedConvexes,false,Constructor
p.Chaos.DebugDraw.ShowPIEClient,1,Constructor
p.Chaos.DebugDraw.ShowPIEServer,0,Constructor
p.Chaos.DebugDraw.ShowProbeOnly,true,Constructor
p.Chaos.DebugDraw.ShowQueryOnly,true,Constructor
p.Chaos.DebugDraw.ShowShapeBounds,false,Constructor
p.Chaos.DebugDraw.ShowSimOnly,true,Constructor
p.Chaos.DebugDraw.SingleActor,false,Constructor
p.Chaos.DebugDraw.SingleActorMaxRadius,1000,Constructor
p.Chaos.DebugDraw.SingleActorTraceLength,2000,Constructor
p.Chaos.DebugDraw.UseLegacyQueue,false,Constructor
p.Chaos.DebugDraw.UseNewQueue,true,Constructor
p.Chaos.DedicatedThreadEnabled,1,Constructor
p.Chaos.Deformable.GSMaxDxRatio,1,Constructor
p.Chaos.Deformable.GSParallelMax,100,Constructor
p.Chaos.Deformable.NumLogExtremeParticle,0,Constructor
p.Chaos.Deformable.XPBDBatchSize,5,Constructor
p.Chaos.Deformable.XPBDBatchThreshold,5,Constructor
p.Chaos.Deformable.XPBDWeakConstraintEnableDraw,false,Constructor
p.Chaos.Deformable.XPBDWeakConstraintLineWidth,5,Constructor
p.Chaos.Deformable.XPBDWeakConstraintParticleWidth,20,Constructor
p.Chaos.DisableCollisionParallelFor,false,Constructor
p.Chaos.DisableParticleParallelFor,false,Constructor
p.Chaos.DisablePhysicsParallelFor,false,Constructor
P.Chaos.DrawHierarchy.Bounds,1,Constructor
P.Chaos.DrawHierarchy.CellElementThresh,128,Constructor
P.Chaos.DrawHierarchy.Cells,0,Constructor
P.Chaos.DrawHierarchy.DrawEmptyCells,1,Constructor
P.Chaos.DrawHierarchy.Enable,0,Constructor
P.Chaos.DrawHierarchy.ObjectBounds,1,Constructor
p.Chaos.DumpHierElementBuckets,1,4,8,16,32,64,128,256,512,Constructor
p.Chaos.EmitSyncBodiesUObjectStats,false,Constructor
p.Chaos.EnableAsyncInitBody,false,Constructor
p.Chaos.EnableOverrideSingleParticleTypeToCluster,false,Constructor
p.Chaos.EnableRewindLogs,false,Constructor
p.Chaos.EventManager.DispatchEmptyEvents,true,Constructor
p.Chaos.ExcludeFreeJointForInertiaConditioning,true,Constructor
p.Chaos.GC.CreatePhysicsStateInEditor,false,Constructor
p.Chaos.GC.CustomRendererHiddenActorFix,true,Constructor
p.Chaos.GC.DestroyProxyOnSetSimulatePhysicsFalse,false,Constructor
p.Chaos.GC.EmitRootBreakingEvent,false,Constructor
p.Chaos.GC.EnableCollisionParticles,true,Constructor
p.Chaos.GC.InitConstantDataParallelForBatchSize,5000,Constructor
p.Chaos.GC.InitConstantDataUseParallelFor,true,Constructor
p.Chaos.GC.IsEditable,true,Constructor
p.Chaos.GC.ISMPoolDebugDraw,0,Constructor
p.Chaos.GC.ISMPoolDebugStats,0,Constructor
p.Chaos.GC.MaxGeometryCollectionAsyncPhysicsTickIdleTimeMs,30,Constructor
p.Chaos.GC.NetAwakeningMode,1,Constructor
p.Chaos.GC.RemovalTimerMultiplier,1,Constructor
p.Chaos.GC.RemoveOnBreakDecayFix,true,Constructor
p.Chaos.GC.UpdateProxyWorldTransformWhenSkippingPhysicsUpdate,true,Constructor
p.Chaos.GC.UseCustomRenderer,true,Constructor
p.Chaos.GC.UseReplicationV2,true,Constructor
p.Chaos.Geometry.ForceDeepCopyAccess,false,Constructor
p.Chaos.GetSimData.ISPC,true,Constructor
p.Chaos.GlobalSmallBatchSize,40,Constructor
p.Chaos.ImmPhys.Collision.CullDistance,-1,Constructor
p.Chaos.ImmPhys.Collision.DeferNarrowPhase,1,Constructor
p.Chaos.ImmPhys.Collision.Enabled,1,Constructor
p.Chaos.ImmPhys.Collision.MaxDepenetrationVelocity,-1,Constructor
p.Chaos.ImmPhys.Collision.Priority,1,Constructor
p.Chaos.ImmPhys.Collision.RestitutionEnabled,1,Constructor
p.Chaos.ImmPhys.Collision.RestitutionThresholdMultiplier,1.5,Constructor
p.Chaos.ImmPhys.Collision.UseManifolds,-1,Constructor
p.Chaos.ImmPhys.DebugDraw.AngVelScale,0,Constructor
p.Chaos.ImmPhys.DebugDraw.ArrowSize,1.5,Constructor
p.Chaos.ImmPhys.DebugDraw.BodyAxisLen,4,Constructor
p.Chaos.ImmPhys.DebugDraw.ConstraintAxisLen,5,Constructor
p.Chaos.ImmPhys.DebugDraw.ContactInfoWidth,2,Constructor
p.Chaos.ImmPhys.DebugDraw.ContactLen,4,Constructor
p.Chaos.ImmPhys.DebugDraw.ContactOwnerWidth,0,Constructor
p.Chaos.ImmPhys.DebugDraw.ContactWidth,2,Constructor
p.Chaos.ImmPhys.DebugDraw.ImpulseScale,0,Constructor
p.Chaos.ImmPhys.DebugDraw.InertiaScale,0,Constructor
p.Chaos.ImmPhys.DebugDraw.JointFeatures.ActorConnector,true,Constructor
p.Chaos.ImmPhys.DebugDraw.JointFeatures.Axes,false,Constructor
p.Chaos.ImmPhys.DebugDraw.JointFeatures.Color,false,Constructor
p.Chaos.ImmPhys.DebugDraw.JointFeatures.CoMConnector,false,Constructor
p.Chaos.ImmPhys.DebugDraw.JointFeatures.Index,false,Constructor
p.Chaos.ImmPhys.DebugDraw.JointFeatures.Island,false,Constructor
p.Chaos.ImmPhys.DebugDraw.JointFeatures.Level,false,Constructor
p.Chaos.ImmPhys.DebugDraw.JointFeatures.Stretch,true,Constructor
p.Chaos.ImmPhys.DebugDraw.LineThickness,0.15,Constructor
p.Chaos.ImmPhys.DebugDraw.PushOutScale,0,Constructor
p.Chaos.ImmPhys.DebugDraw.Scale,1,Constructor
p.Chaos.ImmPhys.DebugDraw.ShapeLineThicknessScale,1,Constructor
p.Chaos.ImmPhys.DebugDraw.VelScale,0,Constructor
p.Chaos.ImmPhys.DebugDrawBounds,false,Constructor
p.Chaos.ImmPhys.DebugDrawCollisions,false,Constructor
p.Chaos.ImmPhys.DebugDrawJoints,false,Constructor
p.Chaos.ImmPhys.DebugDrawOnSimulate,false,Constructor
p.Chaos.ImmPhys.DebugDrawParticles,false,Constructor
p.Chaos.ImmPhys.DebugDrawShapes,false,Constructor
p.Chaos.ImmPhys.DebugDrawShowDynamics,true,Constructor
p.Chaos.ImmPhys.DebugDrawShowKinematics,true,Constructor
p.Chaos.ImmPhys.DebugDrawShowStatics,true,Constructor
p.Chaos.ImmPhys.DebugDrawSimulationSpace,false,Constructor
p.Chaos.ImmPhys.DeltaTimeCount,100,Constructor
p.Chaos.ImmPhys.DisableInactiveByIndex,1,Constructor
p.Chaos.ImmPhys.FixedStepTime,-1,Constructor
p.Chaos.ImmPhys.FixedStepTolerance,0.05,Constructor
p.Chaos.ImmPhys.InertiaConditioning.Distance,10,Constructor
p.Chaos.ImmPhys.InertiaConditioning.LinearEnabled,true,Constructor
p.Chaos.ImmPhys.InertiaConditioning.MaxInvInertiaComponentRatio,0,Constructor
p.Chaos.ImmPhys.InertiaConditioning.NonlinearEnabled,false,Constructor
p.Chaos.ImmPhys.InertiaConditioning.RotationRatio,2,Constructor
p.Chaos.ImmPhys.InitialStepTime,0.033,Constructor
p.Chaos.ImmPhys.Joint.AngleTolerance,0.001,Constructor
p.Chaos.ImmPhys.Joint.AngularDriveDamping,-1,Constructor
p.Chaos.ImmPhys.Joint.AngularDriveStiffness,-1,Constructor
p.Chaos.ImmPhys.Joint.AngularProjection,-1,Constructor
p.Chaos.ImmPhys.Joint.EnableDrives,1,Constructor
p.Chaos.ImmPhys.Joint.EnableSwingLimits,1,Constructor
p.Chaos.ImmPhys.Joint.EnableTwistLimits,1,Constructor
p.Chaos.ImmPhys.Joint.LinearDriveDamping,-1,Constructor
p.Chaos.ImmPhys.Joint.LinearDriveStiffness,-1,Constructor
p.Chaos.ImmPhys.Joint.LinearProjection,-1,Constructor
p.Chaos.ImmPhys.Joint.MaxInertiaRatio,5,Constructor
p.Chaos.ImmPhys.Joint.MinParentMassRatio,0.2,Constructor
p.Chaos.ImmPhys.Joint.NumShockPropagationIterations,-1,Constructor
p.Chaos.ImmPhys.Joint.PositionTolerance,0.025,Constructor
p.Chaos.ImmPhys.Joint.ShockPropagation,-1,Constructor
p.Chaos.ImmPhys.Joint.SoftLinearStiffness,-1,Constructor
p.Chaos.ImmPhys.Joint.SoftSwingDamping,-1,Constructor
p.Chaos.ImmPhys.Joint.SoftSwingStiffness,-1,Constructor
p.Chaos.ImmPhys.Joint.SoftTwistDamping,-1,Constructor
p.Chaos.ImmPhys.Joint.SoftTwistStiffness,-1,Constructor
p.Chaos.ImmPhys.Joint.SolvePositionLast,1,Constructor
p.Chaos.ImmPhys.Joint.Stiffness,-1,Constructor
p.Chaos.ImmPhys.Joint.SwingTwistAngleTolerance,1e-06,Constructor
p.Chaos.ImmPhys.Joint.UseLinearSolver,-1,Constructor
p.Chaos.ImmPhys.Joint.UsePBDDrives,1,Constructor
p.Chaos.ImmPhys.MinStepTime,0.01,Constructor
p.Chaos.ImmPhys.NumCollisionsPerBlock,50,Constructor
p.Chaos.ImmPhys.NumSteps,0,Constructor
p.Chaos.ImmPhys.PositionIterations,-1,Constructor
p.Chaos.ImmPhys.ProjectionIterations,-1,Constructor
p.Chaos.ImmPhys.SimSpaceCentrifugalAlpha,1,Constructor
p.Chaos.ImmPhys.SimSpaceCoriolisAlpha,0.5,Constructor
p.Chaos.ImmPhys.SimSpaceEulerAlpha,1,Constructor
p.Chaos.ImmPhys.StepTime,0,Constructor
p.Chaos.ImmPhys.UseSimd,true,Constructor
p.Chaos.ImmPhys.VelocityIterations,-1,Constructor
p.Chaos.InertiaConditioning.ExtentTolerance,1e-08,Constructor
p.Chaos.InertiaConditioning.InvInertiaTolerance,0.0001,Constructor
p.Chaos.InertiaConditioning.InvMassTolerance,1e-20,Constructor
p.Chaos.InnerParallelForBatchSize,0,Constructor
p.Chaos.Joint.AngularVelocityThresholdToApplyRestitution,0.01,Constructor
p.Chaos.Joint.DegenerateRotationLimit,-0.998,Constructor
p.Chaos.Joint.DisableSoftLimits,false,Constructor
p.Chaos.Joint.ISPC,false,Constructor
p.Chaos.Joint.LinearVelocityThresholdToApplyRestitution,0.01,Constructor
p.Chaos.Joint.MultiDimension,1,Constructor
p.Chaos.Joint.Plasticity.ClampToLimits,true,Constructor
p.Chaos.Joint.VelProjectionAlpha,0.1,Constructor
p.Chaos.JointConstraint.AngularBreakScale,1,Constructor
p.Chaos.JointConstraint.AngularDriveDampingScale,1.5,Constructor
p.Chaos.JointConstraint.AngularDriveStiffnessScale,1.5,Constructor
p.Chaos.JointConstraint.JointStiffness,1,Constructor
p.Chaos.JointConstraint.LinaearDriveDampingScale,1,Constructor
p.Chaos.JointConstraint.LinearBreakScale,1,Constructor
p.Chaos.JointConstraint.LinearDriveStiffnessScale,1,Constructor
p.Chaos.JointConstraint.SoftAngularDampingScale,1000,Constructor
p.Chaos.JointConstraint.SoftAngularForceMode,0,Constructor
p.Chaos.JointConstraint.SoftAngularStiffnessScale,100000,Constructor
p.Chaos.JointConstraint.SoftLinearDampingScale,1.2,Constructor
p.Chaos.JointConstraint.SoftLinearForceMode,0,Constructor
p.Chaos.JointConstraint.SoftLinearStiffnessScale,1.5,Constructor
p.Chaos.KinematicTriangleMeshCollisions.FalloffMultiplier,1,Constructor
p.Chaos.KinematicTriangleMeshCollisions.ISPC,true,Constructor
p.Chaos.KinematicTriangleMeshCollisions.MaxDepthMultiplier,10,Constructor
p.Chaos.KinematicTriangleMeshCollisions.MaxTimer,0.1,Constructor
p.Chaos.LargeBatchSize,100,Constructor
p.Chaos.LinearSystem.Preconditioner,0,Constructor
p.Chaos.LongRange.ISPC,true,Constructor
p.Chaos.MaxInflationScale,2,Constructor
p.Chaos.MaxNumWorkers,100,Constructor
p.Chaos.MeshContactGenerator.FixContactNormal.FixEnabled,true,Constructor
p.Chaos.MeshContactGenerator.TreatBoundaryEdgeAsFace,true,Constructor
p.Chaos.MeshContactGenerator.TreatBoundaryVertexAsFace,true,Constructor
p.chaos.MinContactSpeedForStrainEval,1,Constructor
p.Chaos.MinEvolution.ForceMaxConstraintIterations,false,Constructor
p.chaos.MinImpulseForStrainEval,65.3333,Constructor
p.Chaos.MinRangeBatchSize,0,Constructor
p.Chaos.MultiRes.ApplyTargetNormalOffset,true,Constructor
p.Chaos.MultiRes.ISPC,true,Constructor
p.Chaos.MultiRes.SparseWeightMap,false,Constructor
p.Chaos.NewtonEvolution.FastPositionBasedFriction,true,Constructor
p.Chaos.NewtonEvolution.MinParallelBatchSize,300,Constructor
p.Chaos.NewtonEvolution.ParalleIntegrate,false,Constructor
p.Chaos.NewtonEvolution.UseNestedParallelFor,true,Constructor
p.Chaos.NewtonEvolution.UseSmoothTimeStep,true,Constructor
p.Chaos.NewtonEvolution.WriteCCDContacts,false,Constructor
p.Chaos.NumWorkerCollisionFactor,2,Constructor
p.Chaos.OnlyUseInterclusterEdgesAttachedToMainParticles,true,Constructor
p.Chaos.PBDCollisionSolver.AutoStiffness.MassRatio1,0,Constructor
p.Chaos.PBDCollisionSolver.AutoStiffness.MassRatio2,0,Constructor
p.Chaos.PBDCollisionSolver.EnableInitialDepenetration,true,Constructor
p.Chaos.PBDCollisionSolver.EnableSoftCollisions,true,Constructor
p.Chaos.PBDCollisionSolver.JacobiPositionTolerance,1e-06,Constructor
p.Chaos.PBDCollisionSolver.JacobiRotationTolerance,1e-08,Constructor
p.Chaos.PBDCollisionSolver.JacobiStiffness,0.5,Constructor
p.Chaos.PBDCollisionSolver.MaxManifoldPoints,-1,Constructor
p.Chaos.PBDCollisionSolver.Position.MinInvMassScale,0.77,Constructor
p.Chaos.PBDCollisionSolver.Position.SolveEnabled,true,Constructor
p.Chaos.PBDCollisionSolver.Position.StaticFriction.Stiffness,0.5,Constructor
p.Chaos.PBDCollisionSolver.Velocity.AveragePointEnabled,false,Constructor
p.Chaos.PBDCollisionSolver.Velocity.FrictionEnabled,true,Constructor
p.Chaos.PBDCollisionSolver.Velocity.MinInvMassScale,0.77,Constructor
p.Chaos.PBDCollisionSolver.Velocity.SolveEnabled,true,Constructor
p.Chaos.PBDCollisionSolver.Velocity.StaticFriction.Stiffness,1,Constructor
p.Chaos.PBDEvolution.FastPositionBasedFriction,true,Constructor
p.Chaos.PBDEvolution.MinParallelBatchSize,300,Constructor
p.Chaos.PBDEvolution.ParalleIntegrate,false,Constructor
p.Chaos.PBDEvolution.UseNestedParallelFor,true,Constructor
p.Chaos.PBDEvolution.UseSmoothTimeStep,true,Constructor
p.Chaos.PBDEvolution.WriteCCDContacts,false,Constructor
p.Chaos.PBDLongRangeConstraints.MinParallelBatchSize,500,Constructor
p.Chaos.PerformGeometryReduction,0,Constructor
p.Chaos.PerParticleCollision.ISPC,true,Constructor
p.Chaos.PerParticleCollision.ISPC.ParallelBatchSize,128,Constructor
p.Chaos.Planar.ISPC,true,Constructor
p.Chaos.Planar.ParallelConstraintCount,32,Constructor
p.Chaos.PostIterationUpdates.ISPC,true,Constructor
p.Chaos.PreSimulationTransforms.ISPC,true,Constructor
p.Chaos.PreSubstepInterpolation.ISPC,true,Constructor
p.Chaos.PreviewWorld.DebugDraw.Enabled,false,Constructor
p.Chaos.PruningInSingleWorkerPhysics,false,Constructor
P.Chaos.PullPhysicsStateForceUpdateBounds,false,Constructor
p.Chaos.RemoveParticleFromMovingKinematicsOnDisable,true,Constructor
p.Chaos.SelfCollisionSphere.ParallelCount,256,Constructor
p.chaos.serialization.UseBuiltInSerializer,false,Constructor
p.Chaos.Simulation.ApplySolverProjectSettings,1,Constructor
P.Chaos.Simulation.Enable,1,Constructor
p.Chaos.SingleThreadPullData,false,Constructor
p.Chaos.SingleWorkerPhysics,false,Constructor
p.Chaos.SkinPhysicsMesh.ISPC,true,Constructor
p.Chaos.SmoothedPositionLerpRate,0.3,Constructor
p.Chaos.SoftBodyCollision.ISPC,true,Constructor
p.Chaos.SoftBodyCollision.ISPC.ParallelBatchSize,128,Constructor
p.Chaos.Solver.bChaosForceMACD,false,Constructor
p.Chaos.Solver.CharacterGroundConstraint.Priority,0,Constructor
p.Chaos.Solver.CheckParticleViews,false,Constructor
p.Chaos.Solver.CleanupCommandsOnDestruction,1,Constructor
p.Chaos.Solver.Collision.AllowManifoldUpdate,1,Constructor
p.Chaos.Solver.Collision.CullDistance,-1,Constructor
p.Chaos.Solver.Collision.DeferNarrowPhase,0,Constructor
p.Chaos.Solver.Collision.DepenetrationVelocity,-1,Constructor
p.Chaos.Solver.Collision.Enabled,true,Constructor
p.Chaos.Solver.Collision.MaxPushOutVelocity,-1,Constructor
p.Chaos.Solver.Collision.MaxVelocityBoundsExpansion,3,Constructor
p.Chaos.Solver.Collision.MaxVelocityBoundsExpansionMACD,1000,Constructor
p.Chaos.Solver.Collision.PositionFrictionIterations,-1,Constructor
p.Chaos.Solver.Collision.PositionShockPropagationIterations,-1,Constructor
p.Chaos.Solver.Collision.Priority,0,Constructor
p.Chaos.Solver.Collision.SolverType,-1,Constructor
p.Chaos.Solver.Collision.UseManifolds,1,Constructor
p.Chaos.Solver.Collision.VelocityBoundsMultiplier,1,Constructor
p.Chaos.Solver.Collision.VelocityBoundsMultiplierMACD,1,Constructor
p.Chaos.Solver.Collision.VelocityFrictionIterations,-1,Constructor
p.Chaos.Solver.Collision.VelocityShockPropagationIterations,-1,Constructor
p.Chaos.Solver.CollisionModifiersBeforeCCD,false,Constructor
p.Chaos.Solver.ComputeIterationSettings.Enabled,true,Constructor
p.Chaos.Solver.DebugDraw.AngVelScale,0,Constructor
p.Chaos.Solver.DebugDraw.ArrowSize,10,Constructor
p.Chaos.Solver.DebugDraw.BodyAxisLen,30,Constructor
p.Chaos.Solver.DebugDraw.Cluster.Constraints,0,Constructor
p.Chaos.Solver.DebugDraw.ColorShapeByClientServer,0,Constructor
p.Chaos.Solver.DebugDraw.ConstraintAxisLen,30,Constructor
p.Chaos.Solver.DebugDraw.ContactInfoWidth,6,Constructor
p.Chaos.Solver.DebugDraw.ContactLen,30,Constructor
p.Chaos.Solver.DebugDraw.ContactOwnerWidth,0,Constructor
p.Chaos.Solver.DebugDraw.ContactWidth,6,Constructor
p.Chaos.Solver.DebugDraw.DrawPriority,10,Constructor
p.Chaos.Solver.DebugDraw.ImpulseScale,0,Constructor
p.Chaos.Solver.DebugDraw.InertiaScale,1,Constructor
p.Chaos.Solver.DebugDraw.JointFeatures.ActorConnector,true,Constructor
p.Chaos.Solver.DebugDraw.JointFeatures.Axes,false,Constructor
p.Chaos.Solver.DebugDraw.JointFeatures.Color,false,Constructor
p.Chaos.Solver.DebugDraw.JointFeatures.CoMConnector,false,Constructor
p.Chaos.Solver.DebugDraw.JointFeatures.Index,false,Constructor
p.Chaos.Solver.DebugDraw.JointFeatures.Island,false,Constructor
p.Chaos.Solver.DebugDraw.JointFeatures.Level,false,Constructor
p.Chaos.Solver.DebugDraw.JointFeatures.Stretch,true,Constructor
p.Chaos.Solver.DebugDraw.LineThickness,1,Constructor
p.Chaos.Solver.DebugDraw.PointSize,5,Constructor
p.Chaos.Solver.DebugDraw.PushOutScale,0,Constructor
p.Chaos.Solver.DebugDraw.Scale,1,Constructor
p.Chaos.Solver.DebugDraw.ShapeLineThicknessScale,1,Constructor
p.Chaos.Solver.DebugDraw.ShowClient,1,Constructor
p.Chaos.Solver.DebugDraw.ShowComplex,false,Constructor
p.Chaos.Solver.DebugDraw.ShowDynamics,1,Constructor
p.Chaos.Solver.DebugDraw.ShowKinematics,1,Constructor
p.Chaos.Solver.DebugDraw.ShowLevelSet,true,Constructor
p.Chaos.Solver.DebugDraw.ShowServer,1,Constructor
p.Chaos.Solver.DebugDraw.ShowSimple,true,Constructor
p.Chaos.Solver.DebugDraw.ShowStatics,1,Constructor
p.Chaos.Solver.DebugDraw.VelScale,0,Constructor
p.Chaos.Solver.DebugDrawBounds,0,Constructor
p.Chaos.Solver.DebugDrawBVHs,0,Constructor
p.Chaos.Solver.DebugDrawCCDInteractions,0,Constructor
p.Chaos.Solver.DebugDrawCCDThresholds,0,Constructor
p.Chaos.Solver.DebugDrawCharacterGroundConstraints,0,Constructor
p.Chaos.Solver.DebugDrawCollidingShapes,0,Constructor
p.Chaos.Solver.DebugDrawCollisions,0,Constructor
p.Chaos.Solver.DebugDrawDensity,0,Constructor
p.Chaos.Solver.DebugDrawIslands,0,Constructor
p.Chaos.Solver.DebugDrawJoints,0,Constructor
p.Chaos.Solver.DebugDrawMass,0,Constructor
p.Chaos.Solver.DebugDrawMeshBVHOverlaps,0,Constructor
p.Chaos.Solver.DebugDrawMeshContactDetails,0,Constructor
p.Chaos.Solver.DebugDrawMeshContacts,0,Constructor
p.Chaos.Solver.DebugDrawPostIntegrationCollisions,0,Constructor
p.Chaos.Solver.DebugDrawPostIntegrationShapes,0,Constructor
p.Chaos.Solver.DebugDrawPreIntegrationCollisions,0,Constructor
p.Chaos.Solver.DebugDrawPreIntegrationShapes,0,Constructor
p.Chaos.Solver.DebugDrawShapes,0,Constructor
p.Chaos.Solver.DebugDrawSleepState,0,Constructor
p.Chaos.Solver.DebugDrawSpatialAccelerationStructure,0,Constructor
p.Chaos.Solver.DebugDrawSpatialAccelerationStructure.ShowLeaves,0,Constructor
p.Chaos.Solver.DebugDrawSpatialAccelerationStructure.ShowNodes,0,Constructor
p.Chaos.Solver.DebugDrawSuspension,0,Constructor
p.Chaos.Solver.DebugDrawTransforms,0,Constructor
p.Chaos.Solver.Deterministic,-1,Constructor
p.Chaos.Solver.DoFinalProbeNarrowPhase,true,Constructor
p.Chaos.Solver.InertiaConditioning.Distance,20,Constructor
p.Chaos.Solver.InertiaConditioning.Enabled,true,Constructor
p.Chaos.Solver.InertiaConditioning.MaxInvInertiaComponentRatio,0,Constructor
p.Chaos.Solver.InertiaConditioning.RotationRatio,2.5,Constructor
p.Chaos.Solver.IslandGroups.MaxWorkers,0,Constructor
p.Chaos.Solver.IslandGroups.MinBodiesPerWorker,50,Constructor
p.Chaos.Solver.IslandGroups.MinConstraintsPerWorker,50,Constructor
p.Chaos.Solver.IslandGroups.ParallelMode,2,Constructor
p.Chaos.Solver.IslandGroups.WorkerMultiplier,1,Constructor
p.Chaos.Solver.Iterations.Position,-1,Constructor
p.Chaos.Solver.Iterations.Projection,-1,Constructor
p.Chaos.Solver.Iterations.Velocity,-1,Constructor
p.Chaos.Solver.Joint.AngleTolerance,0.001,Constructor
p.Chaos.Solver.Joint.MaxInertiaRatio,5,Constructor
p.Chaos.Solver.Joint.MaxSolverStiffness,1,Constructor
p.Chaos.Solver.Joint.MinParentMassRatio,0.2,Constructor
p.Chaos.Solver.Joint.MinSolverStiffness,1,Constructor
p.Chaos.Solver.Joint.NumIterationsAtMaxSolverStiffness,1,Constructor
p.Chaos.Solver.Joint.NumShockPropagationIterations,0,Constructor
p.Chaos.Solver.Joint.PositionTolerance,0.025,Constructor
p.Chaos.Solver.Joint.Priority,0,Constructor
p.Chaos.Solver.Joint.ShockPropagation,-1,Constructor
p.Chaos.Solver.Joint.SolvePositionLast,true,Constructor
p.Chaos.Solver.Joint.TransferCollisions,true,Constructor
p.Chaos.Solver.Joint.TransferCollisionsDebugTestAgainstMaxClamp,false,Constructor
p.Chaos.Solver.Joint.TransferCollisionsKinematicScale,1,Constructor
p.Chaos.Solver.Joint.TransferCollisionsLimit,2147483647,Constructor
p.Chaos.Solver.Joint.TransferCollisionsStiffnessClamp,1,Constructor
p.Chaos.Solver.Joint.UsePBDDrives,true,Constructor
p.Chaos.Solver.Joint.UseSimd,true,Constructor
p.Chaos.Solver.OneWayPairCollisionMode,2,Constructor
p.Chaos.Solver.OneWayPairSphereRadiusAlpha,1,Constructor
p.Chaos.Solver.ParticlePoolNumFrameUntilShrink,30,Constructor
p.Chaos.Solver.PartitionManager.MinBatchSize,200,Constructor
p.Chaos.Solver.PartitionManager.MinConstraintsForColoring,1000,Constructor
p.Chaos.Solver.PartitionManager.ParallelSolve,-1,Constructor
p.Chaos.Solver.PartitionManager.Partitioning,0,Constructor
p.Chaos.Solver.PersistentGraph,true,Constructor
p.Chaos.Solver.RandomizeConstraintOrder,false,Constructor
p.Chaos.Solver.ShrinkArrays,false,Constructor
p.Chaos.Solver.Sleep.AngularSleepThresholdSize,0,Constructor
p.Chaos.Solver.Sleep.Defaults.AngularSleepThreshold,0.0087,Constructor
p.Chaos.Solver.Sleep.Defaults.LinearSleepThreshold,0.001,Constructor
p.Chaos.Solver.Sleep.Defaults.SleepCounterThreshold,20,Constructor
p.Chaos.Solver.Sleep.Enabled,true,Constructor
p.Chaos.Solver.Sleep.IsolatedParticle.AngularMultiplier,1,Constructor
p.Chaos.Solver.Sleep.IsolatedParticle.CounterMultiplier,1,Constructor
p.Chaos.Solver.Sleep.IsolatedParticle.LinearMultiplier,1,Constructor
p.Chaos.Solver.Sleep.PartialIslandSleep,false,Constructor
p.Chaos.Solver.Sleep.PartialIslandSleep.AngularWakeThresholdMultiplier,10,Constructor
p.Chaos.Solver.Sleep.PartialIslandSleep.CollisionConstraintsOnly,1,Constructor
p.Chaos.Solver.Sleep.PartialIslandSleep.ForcePartialIslandWake,false,Constructor
p.Chaos.Solver.Sleep.PartialIslandSleep.LevelBasedWake,true,Constructor
p.Chaos.Solver.Sleep.PartialIslandSleep.LinearWakeThresholdMultiplier,10,Constructor
p.Chaos.Solver.Sleep.PartialIslandSleep.MinimumMotionlessRatio,0.1,Constructor
p.Chaos.Solver.Sleep.PartialIslandSleep.MomentumPropagation,0.3,Constructor
p.Chaos.Solver.Sleep.PartialIslandSleep.PartialIslandWake,true,Constructor
p.Chaos.Solver.Sleep.PartialIslandSleep.PartialWakePreIntegration,true,Constructor
p.Chaos.Solver.Sleep.PartialIslandSleep.PostStepWakeThreshold,20,Constructor
p.Chaos.Solver.Sleep.PartialIslandSleep.SleepModeSwitchCounterThreshold,10,Constructor
p.Chaos.Solver.Sleep.PartialIslandSleep.ValidateConstraintSleepState,false,Constructor
p.Chaos.Solver.Sleep.PartialIslandSleep.WakeOnMovingOnly,true,Constructor
p.Chaos.Solver.Sleep.PartialIslandSleep.WakeOnParticleStateChanged,false,Constructor
p.Chaos.Solver.SplitImpulseMode,-1,Constructor
p.Chaos.Solver.Suspension.Priority,0,Constructor
p.Chaos.Solver.TestMode.Enabled,false,Constructor
p.Chaos.Solver.TestMode.ShowInitialTransforms,false,Constructor
p.Chaos.Solver.TestMode.Step,0,Constructor
p.Chaos.Solver.Use1DFriction,false,Constructor
p.Chaos.Solver.UseCCD,true,Constructor
p.Chaos.Solver.UseMACD,true,Constructor
p.Chaos.Solver.UseParticlePool,true,Constructor
p.Chaos.Spherical.ISPC,true,Constructor
p.Chaos.Spring.ISPC,true,Constructor
p.Chaos.Spring.ParallelConstraintCount,100,Constructor
p.Chaos.SQ.DrawDebugVisitorQueries,0,Constructor
p.Chaos.Suspension.DebugDraw.Hardstop,false,Constructor
p.Chaos.Suspension.Hardstop.Enabled,true,Constructor
p.Chaos.Suspension.MaxPushout,5,Constructor
p.Chaos.Suspension.MaxPushoutVelocity,100,Constructor
p.Chaos.Suspension.SlopeSpeedBlendThreshold,10,Constructor
p.Chaos.Suspension.SlopeSpeedThreshold,1,Constructor
p.Chaos.Suspension.SlopeThreshold,0.707,Constructor
p.Chaos.Suspension.Spring.Enabled,true,Constructor
p.Chaos.Suspension.VelocitySolve,true,Constructor
P.Chaos.SyncKinematicOnGameThread,-1,Constructor
p.Chaos.Thread.DesiredHz,60,Constructor
p.Chaos.Thread.WaitThreshold,0,Constructor
p.Chaos.Timestep.VariableCapped.Cap,0.0667,Constructor
p.Chaos.TriangleIntersections.MaxDelta,0.01,Constructor
p.Chaos.TriangleMesh.ISPC,true,Constructor
p.Chaos.TriMeshPerPolySupport,true,Constructor
P.Chaos.UpdateKinematicsOnDeferredSkelMeshes,1,Constructor
p.chaos.UseContactSpeedForStrainEval,true,Constructor
p.Chaos.UseRBANForDefaultPhysicsAssetSolverType,false,Constructor
p.Chaos.VD.CompressBinaryData,false,Constructor
p.Chaos.VD.CompressionMode,2,Constructor
p.Chaos.VD.TimeBetweenFullCaptures,10,Constructor
p.Chaos.VD.Tool.BroadcastGameFrameUpdateEvenIfNotChanged,false,Constructor
p.Chaos.VD.Tool.DeduplicateSimpleGeometry,true,Constructor
p.Chaos.VD.Tool.DisableUVsSupport,true,Constructor
p.Chaos.VD.Tool.ForceStaticMeshComponentUse,false,Constructor
p.Chaos.VD.Tool.GeometryGenerationTaskLaunchBudgetSeconds,0.005,Constructor
p.Chaos.VD.Tool.MaxDebugDrawLinesPerFrame,300000,Constructor
p.Chaos.VD.Tool.PlayAllPreviousFrameSteps,true,Constructor
p.Chaos.VD.Tool.ReInitializeGeometryBuilderOnCleanup,true,Constructor
p.Chaos.VD.Tool.UnloadParticleDataUsingKeyFrameDiff,true,Constructor
p.Chaos.VD.Tool.UseCVDDynamicMeshGenerator,true,Constructor
p.Chaos.VD.Tool.UseInstancedStaticMeshForLandscape,false,Constructor
p.Chaos.VD.Tool.UseObjectPool,true,Constructor
p.Chaos.VD.UseSharedGeometryArchiveContext,true,Constructor
p.Chaos.VelocityField.ISPC,true,Constructor
p.Chaos.VelocityField.MaxVelocity,0,Constructor
p.Chaos.VisualDebuggerEnable,1,Constructor
p.Chaos.WeightedLattice.PhiAndNormal.ParallelBatchSize,16,Constructor
p.Chaos.XPBDBending.ISPC,true,Constructor
p.Chaos.XPBDBending.ISPC.MinNumParallelBatches,1028,Constructor
p.Chaos.XPBDBending.ISPC.ParallelBatchSize,1028,Constructor
p.Chaos.XPBDBending.ParallelConstraintCount,100,Constructor
p.Chaos.XPBDBending.SplitLambdaDamping,true,Constructor
p.Chaos.XPBDSpring.ISPC,true,Constructor
p.Chaos.XPBDSpring.ParallelConstraintCount,100,Constructor
p.Chaos.XPBDSpring.SplitDamping,4,Constructor
p.Chaos.XPBDStretchBias.ISPC,true,Constructor
p.ChaosCloth.DebugDrawAmimNormals,false,Constructor
p.ChaosCloth.DebugDrawAnimDrive,false,Constructor
p.ChaosCloth.DebugDrawAnimMeshWired,false,Constructor
p.ChaosCloth.DebugDrawAnimVelocities,false,Constructor
p.ChaosCloth.DebugDrawBackstopDistances,false,Constructor
p.ChaosCloth.DebugDrawBackstops,false,Constructor
p.ChaosCloth.DebugDrawBendingConstraint,false,Constructor
p.ChaosCloth.DebugDrawBounds,false,Constructor
p.ChaosCloth.DebugDrawClothClothConstraints,false,Constructor
p.ChaosCloth.DebugDrawClothCollisionThickness,false,Constructor
p.ChaosCloth.DebugDrawCollision,false,Constructor
p.ChaosCloth.DebugDrawEdgeConstraint,false,Constructor
p.ChaosCloth.DebugDrawElementIndices,false,Constructor
p.ChaosCloth.DebugDrawExtremlyDeformedEdges,false,Constructor
p.ChaosCloth.DebugDrawFaceNormals,false,Constructor
p.ChaosCloth.DebugDrawFilterSet,,Constructor
p.ChaosCloth.DebugDrawGravity,false,Constructor
p.ChaosCloth.DebugDrawInnerCollisionThickness,false,Constructor
p.ChaosCloth.DebugDrawInversedFaceNormals,false,Constructor
p.ChaosCloth.DebugDrawLocalSpace,false,Constructor
p.ChaosCloth.DebugDrawLongRangeConstraint,false,Constructor
p.ChaosCloth.DebugDrawMaxDistances,false,Constructor
p.ChaosCloth.DebugDrawMaxDistanceValues,false,Constructor
p.ChaosCloth.DebugDrawParticleIndices,false,Constructor
p.ChaosCloth.DebugDrawPhysMeshWired,false,Constructor
p.ChaosCloth.DebugDrawPointNormals,false,Constructor
p.ChaosCloth.DebugDrawPointVelocities,false,Constructor
p.ChaosCloth.DebugDrawSelfCollision,false,Constructor
p.ChaosCloth.DebugDrawSelfCollisionThickness,false,Constructor
p.ChaosCloth.DebugDrawSelfIntersection,false,Constructor
p.ChaosCloth.DebugDrawSingleVertex,-1,Constructor
p.ChaosCloth.DebugDrawTeleportReset,false,Constructor
p.ChaosCloth.DebugDrawVelocityScale,false,Constructor
p.ChaosCloth.DebugDrawWindForces,false,Constructor
p.ChaosCloth.DebugDrawWindVelocity,false,Constructor
p.ChaosCloth.EnableSeamChecks,false,Constructor
p.ChaosCloth.GravityMultiplier,1,Constructor
p.ChaosCloth.LegacyDisablesAccurateWind,true,Constructor
p.ChaosCloth.MaxAngularAcceleration,0,Constructor
p.ChaosCloth.MaxAngularVelocity,0,Constructor
p.ChaosCloth.MaxLinearAcceleration,0,Constructor
p.ChaosCloth.MaxLinearVelocity,0,Constructor
p.ChaosCloth.Solver.BrokenAccelerationClampingHack,false,Constructor
p.ChaosCloth.Solver.DebugHitchInterval,0,Constructor
p.ChaosCloth.Solver.DebugHitchLength,0,Constructor
p.ChaosCloth.Solver.DisableCollision,false,Constructor
p.ChaosCloth.Solver.DisableTimeDependentNumIterations,false,Constructor
p.ChaosCloth.Solver.EnableResetIfExtremeEdgeDeformation,true,Constructor
p.ChaosCloth.Solver.MaxVelocity,0,Constructor
p.ChaosCloth.Solver.MinParallelBatchSize,1000,Constructor
p.ChaosCloth.Solver.ParallelClothPostUpdate,true,Constructor
p.ChaosCloth.Solver.ParallelClothPreUpdate,true,Constructor
p.ChaosCloth.Solver.ParallelClothUpdate,true,Constructor
p.ChaosCloth.Solver.UseVelocityScale,true,Constructor
p.ChaosCloth.UseLegacyEvolution,true,Constructor
p.ChaosCloth.UseOptimizedTaperedCapsule,true,Constructor
p.ChaosCloth.UseTimeStepSmoothing,true,Constructor
p.ChaosClothAsset.DeltaTimeDecay,0.03,Constructor
p.ChaosClothAsset.EnableAsyncClothInitialization,false,Constructor
p.ChaosClothAsset.SimulationDataCheckFinite,true,Constructor
p.ChaosClothAsset.SimulationDataResetOnNonFinite,true,Constructor
p.ChaosClothAsset.Thumbnail.Enable,true,Constructor
p.ChaosClothAsset.TransformClothSimulData.ISPC,true,Constructor
p.ChaosClothAsset.WaitForAsyncClothInitialization,true,Constructor
p.ChaosClothEditor.DebugDrawAnimDrive,false,Constructor
p.ChaosClothEditor.DebugDrawAnimMeshWired,false,Constructor
p.ChaosClothEditor.DebugDrawAnimNormals,false,Constructor
p.ChaosClothEditor.DebugDrawBackstopDistances,false,Constructor
p.ChaosClothEditor.DebugDrawBackstops,false,Constructor
p.ChaosClothEditor.DebugDrawBendingConstraint,false,Constructor
p.ChaosClothEditor.DebugDrawCollision,false,Constructor
p.ChaosClothEditor.DebugDrawEdgeConstraint,false,Constructor
p.ChaosClothEditor.DebugDrawElementIndices,false,Constructor
p.ChaosClothEditor.DebugDrawFilterSet,,Constructor
p.ChaosClothEditor.DebugDrawLocalSpace,false,Constructor
p.ChaosClothEditor.DebugDrawLocalSpaceBoneNames,false,Constructor
p.ChaosClothEditor.DebugDrawLongRangeConstraint,false,Constructor
p.ChaosClothEditor.DebugDrawMaxDistances,false,Constructor
p.ChaosClothEditor.DebugDrawMaxDistanceValues,false,Constructor
p.ChaosClothEditor.DebugDrawParticleIndices,false,Constructor
p.ChaosClothEditor.DebugDrawPhysMeshShaded,false,Constructor
p.ChaosClothEditor.DebugDrawPhysMeshWired,false,Constructor
p.ChaosClothEditor.DebugDrawPointNormals,false,Constructor
p.ChaosClothEditor.DebugDrawPointVelocities,false,Constructor
p.ChaosClothEditor.DebugDrawSelfCollision,false,Constructor
p.ChaosClothEditor.DebugDrawSelfIntersection,false,Constructor
p.ChaosClothEditor.DebugDrawSingleVertex,-1,Constructor
p.ChaosClothEditor.DebugDrawVelocityScale,false,Constructor
p.ChaosClothEditor.DebugDrawWindAndPressureForces,false,Constructor
p.ChaosClothEditor.DebugDrawWindVelocity,false,Constructor
p.ChaosClothVisualization.AnisoSpringDrawMode,0,Constructor
p.ChaosClothVisualization.BendingDrawMode,0,Constructor
p.ChaosClothVisualization.DrawInForeground,true,Constructor
p.ChaosClothVisualization.DrawMLLevelSetFlag,0,Constructor
p.ChaosClothVisualization.DrawSkinnedLattice,0,Constructor
p.ChaosClothVisualization.NumSphereSections,12,Constructor
p.ChaosClothVisualization.StretchBiasDrawMode,0,Constructor
p.ChaosClothVisualization.StretchBiasDrawOutOfRange,true,Constructor
p.ChaosClothVisualization.StretchBiasDrawRangeMax,1,Constructor
p.ChaosClothVisualization.StretchBiasDrawRangeMin,-1,Constructor
p.ChaosClothVisualization.WeightMapName,,Constructor
p.ChaosNumContactIterationsOverride,-1,Constructor
p.ChaosNumPushOutIterationsOverride,-1,Constructor
p.ChaosRigidsEvolutionApplyAllowEarlyOut,1,Constructor
p.ChaosRigidsEvolutionApplyPushoutAllowEarlyOut,1,Constructor
p.ChaosSolverEnableJointConstraints,true,Constructor
p.CharacterStuckWarningPeriod,1,Constructor
p.checkbox,1,Constructor
p.ClearPerShapeOverridesOnTerminate,true,Constructor
p.ClientAuthorityThresholdOnBaseChange,0,Constructor
p.ClientRecordMovePackedRpcStatsToCsv,false,Constructor
p.ClientRecordNetCorrectionDistanceToCsv,false,Constructor
p.ClosestIntersectionStepSizeMultiplier,0.5,Constructor
p.Cloth.DefaultClothingAssetFactoryClass,ClothingAssetFactory,Constructor
p.Cloth.DefaultClothingSimulationFactoryClass,ChaosClothingSimulationFactory,Constructor
p.Cloth.MaxDeltaTimeTeleportMultiplier,1.5,Constructor
p.Cloth.MaxVelocityScale,1,Constructor
p.Cloth.ResetAfterTeleport,true,Constructor
p.Cloth.TeleportDistanceThreshold,300,Constructor
p.Cloth.TeleportOverride,false,Constructor
p.Cloth.TeleportRotationThreshold,0,Constructor
p.ClothAsset.MinLodQualityLevel,-1,Constructor
p.ClothCollectionOnlyCookRequiredFacades,true,Constructor
p.ClothPhysics,1,Constructor
p.ClothPhysics.LODThreshold,-1,Constructor
p.ClothPhysics.OnUpdateTransformTeleport,true,Constructor
p.ClothPhysics.TickWithMontages,0,Constructor
p.ClothPhysics.UseEndTickWait,1,Constructor
p.ClothPhysics.UseTaskThread,1,Constructor
p.ClothPhysics.WaitForParallelClothTask,0,Constructor
p.ClusterDistanceThreshold,100,Constructor
p.Clustering.ParticleReleaseThrottlingMaxCount,-1,Constructor
p.Clustering.ParticleReleaseThrottlingMinCount,-1,Constructor
p.ClusterSnapDistance,1,Constructor
p.ClusterUnion.SyncBodiesMoveNewComponents,true,Constructor
p.CollisionAngularFriction,-1,Constructor
p.CollisionBaseFrictionImpulse,-1,Constructor
p.CollisionCanAlwaysDisableContacts,0,Constructor
p.CollisionCanNeverDisableContacts,0,Constructor
p.CollisionDisableCulledContacts,0,Constructor
p.CollisionFriction,-1,Constructor
p.CollisionParticlesBVHDepth,4,Constructor
p.CollisionParticlesMax,2000,Constructor
p.CollisionParticlesMin,10,Constructor
p.CollisionParticlesPerObjectFractionDefault,1,Constructor
p.CollisionParticlesSpatialDivision,10,Constructor
p.CollisionParticlesUseImplicitCulling,0,Constructor
p.CollisionRestitution,-1,Constructor
p.CollisionRestitutionThreshold,-1,Constructor
p.ComNudgeAffectsInertia,true,Constructor
p.ComputeClusterCollisionStrains,1,Constructor
p.ConstraintAngularDampingScale,100000,Constructor
p.ConstraintAngularStiffnessScale,100000,Constructor
p.ConstraintBPBVHDepth,2,Constructor
p.ConstraintLinearDampingScale,1,Constructor
p.ConstraintLinearStiffnessScale,1,Constructor
p.ContactOffsetFactor,-1,Constructor
p.CVarGeometryCollectionImpulseWorkAround,true,Constructor
p.Dataflow.DisableFreezingState,true,Constructor
p.Dataflow.Editor.ConstructionFontScale,1.5,Constructor
p.Dataflow.Editor.ContextCaching,false,Constructor
p.Dataflow.Editor.EnableSkeletonView,false,Constructor
p.Dataflow.Editor.EnableSubgraphs,true,Constructor
p.Dataflow.Editor.ForceGraphEditable,false,Constructor
p.Dataflow.Editor.LogNodeEvaluation,false,Constructor
p.Dataflow.Editor.ShowEnvironment,true,Constructor
p.Dataflow.Editor.ShowFloor,true,Constructor
p.Dataflow.EditSkinWeightsNodeGeneratesDynamicMesh,true,Constructor
p.Dataflow.EnableGraphEval,true,Constructor
p.Dataflow.EnableSimulation,false,Constructor
p.Dataflow.EnableToolsInPIE,true,Constructor
p.Dataflow.FastDynamicMeshGeneration,false,Constructor
p.Dataflow.IsEditable,false,Constructor
p.Dataflow.PointRenderLimit,100000,Constructor
p.Dataflow.Simulation.ThreadingMode,2,Constructor
p.Dataflow.UseDemandPullDirect,1,Constructor
p.Dataflow.UseDemandPullTaskGraph,1,Constructor
p.Dataflow.UseDemandPullTick,1,Constructor
p.Dataflow.UseSlowTaskForProgressNotification,false,Constructor
p.DataflowEditor.UseNewWeightMapTool,true,Constructor
p.DeactivateClusterChildren,0,Constructor
p.DebugTimeDiscrepancy,0,Constructor
p.DefaultCollisionFriction,0,Constructor
p.DefaultCollisionRestitution,0,Constructor
p.DefaultReplication.CorrectConnectedBodies,false,Constructor
p.DefaultReplication.CorrectConnectedBodiesFriction,true,Constructor
p.DefaultReplication.Legacy.HardsnapInPT,false,Constructor
p.DeferCharacterMeshMovement,false,Constructor
p.DeferCharacterMeshMovementForAllCorrections,true,Constructor
p.DisableEditorPhysicsHandle,false,Constructor
p.DisableParticleUpdateVelocityParallelFor,0,Constructor
p.DisableQueryOnlyActors,0,Constructor
p.DisableThreshold2,5,Constructor
p.DisplayExcludeFromHLODLevelsProperty,false,Constructor
p.EnableCharacterAccelerationReplication,0,Constructor
p.EnableCollisions,1,Constructor
p.EnableDeferredPhysicsCreation,0,Constructor
p.EnableDynamicPerBodyFilterHacks,0,Constructor
p.EnableFastOverlapCheck,1,Constructor
p.EnableKinematicDeferralPrePhysicsCondition,1,Constructor
p.EnableKinematicDeferralStartPhysicsCondition,1,Constructor
p.EnableMeshClean,1,Constructor
p.EnableMultiplayerWorldOriginRebasing,0,Constructor
p.EnableOverrideSolverDeltaTime,true,Constructor
p.EnableSkeletalMeshConstraints,true,Constructor
p.EncroachEpsilon,0.15,Constructor
p.EnsureUnweldModifiesGTOnly,0,Constructor
p.ErrorAccumulationDistanceSq,-1,Constructor
p.ErrorAccumulationSeconds,-1,Constructor
p.ErrorAccumulationSimilarity,-1,Constructor
p.ErrorPerAngularDifference,-1,Constructor
p.ErrorPerLinearDifference,-1,Constructor
p.Experimental.EnableMLLevelSet,false,Constructor
p.ExtremeDeformationConstraints.GlobalExtremeDeformationEdgeRatioThreshold,3.40282e+38,Constructor
p.ExtremeDeformationConstraints.OverrideExtremeDeformationEdgeRatioThreshold,false,Constructor
p.FindAllIntersectionsSingleThreaded,1,Constructor
p.FixBadAccelerationStructureRemoval,1,Constructor
p.FixReplayOverSampling,1,Constructor
p.ForceDisableAsyncPhysics,0,Constructor
p.ForceJumpPeakSubstep,1,Constructor
p.ForceNoCollisionIntoSQ,0,Constructor
p.fracture.ValidateResultsOfEditOperations,0,Constructor
p.FractureEditor.UseNewDataflowEvaluator,true,Constructor
p.gc.BuildGeometryForChildrenOnGT,true,Constructor
p.gc.BuildGeometryForChildrenOnPT,true,Constructor
p.gc.CreateGTParticlesForChildren,true,Constructor
p.gc.GlobalMaxSimulatedLevel,100,Constructor
p.gc.logcachereduction,0,Constructor
p.gc.RemoveImplicitsInDynamicCollections,false,Constructor
p.gc.ReportHighParticleFraction,-1,Constructor
p.gc.ReportNoLevelsetCluster,0,Constructor
p.gc.UseLargestClusterToComputeRelativeSize,false,Constructor
p.gc.UseVolumeToComputeRelativeSize,false,Constructor
p.GeometryCollection.AlwaysGenerateConnectionGraph,false,Constructor
p.GeometryCollection.AlwaysGenerateGTCollisionForClusters,true,Constructor
p.GeometryCollection.AngularVelocityUpdateTolerance,0.0001,Constructor
p.GeometryCollection.AreaBasedDamageThresholdMode,0,Constructor
p.GeometryCollection.EmptyUniqueIndicesOnGT,false,Constructor
p.GeometryCollection.EnabledNestedChildTransformUpdates,true,Constructor
p.GeometryCollection.ForceOverrideGCCollisionSetupForTraces,-1,Constructor
p.GeometryCollection.LinearVelocityUpdateTolerance,0.0001,Constructor
p.GeometryCollection.LocalInertiaDropOffDiagonalTerms,0,Constructor
p.GeometryCollection.PositionUpdateTolerance,0.0001,Constructor
p.GeometryCollection.PropagateInternalClusterDisableFlagToChildren,true,Constructor
p.GeometryCollection.RotationUpdateTolerance,0.0001,Constructor
p.GeometryCollection.ScaleClusterGeometry,true,Constructor
p.GeometryCollection.TransformTolerance,0.001,Constructor
p.GeometryCollection.UpdateGTParticlesOnWorldTransformUpdate,false,Constructor
p.GeometryCollection.UseRootBrokenFlag,true,Constructor
p.GeometryCollectionAlwaysRecreateSimulationData,false,Constructor
p.GeometryCollectionAssetForceStripOnCook,false,Constructor
p.GeometryCollectionCollideAll,false,Constructor
p.GeometryCollectionDisableGravity,false,Constructor
p.GeometryCollectionEnableForcedConvexGenerationInSerialize,true,Constructor
p.GeometryCollectionHardMissingUpdatesSnapThreshold,20,Constructor
p.GeometryCollectionHardsnapThresholdMs,20,Constructor
p.GeometryCollectionNavigationSizeThreshold,20,Constructor
p.GeometryCollectionRepAngularMatchTime,0.5,Constructor
p.GeometryCollectionRepLinearMatchStrength,50,Constructor
p.GeometryCollectionRepMaxExtrapolationTime,3,Constructor
p.GeometryCollectionSingleThreadedBoundsCalculation,false,Constructor
p.GraphPropagationBasedCollisionFactor,1,Constructor
p.GraphPropagationBasedCollisionImpulseProcessing,0,Constructor
p.HackMaxAngularVelocity,1000,Constructor
p.HackMaxVelocity2,-1,Constructor
p.HitDistanceTolerance,0,Constructor
p.IgnoreAnalyticCollisionsOverride,0,Constructor
p.InitialOverlapTolerance,0,Constructor
p.IterationsPerTimeSlice,4000,Constructor
p.KinematicDeferralCheckValidBodies,true,Constructor
p.KinematicDeferralLogInvalidBodies,false,Constructor
p.KinematicDeferralUpdateExternalAccelerationStructure,false,Constructor
p.LedgeMovement.ApplyDirectMove,true,Constructor
p.LedgeMovement.DetectEdgeNormal,true,Constructor
p.LevelSetAvgAngleErrorTolerance,1,Constructor
p.LevelSetAvgDistErrorTolerance,1,Constructor
p.LevelSetFailureOnHighError,0,Constructor
p.LevelsetGhostCells,1,Constructor
p.LevelSetMaxDistErrorTolerance,1,Constructor
p.LevelSetOutputFailedDebugData,0,Constructor
p.LevelsetOverlapCapsuleSamples,24,Constructor
p.LevelsetOverlapSphereSamples,16,Constructor
p.LinearEtherDragOverride,-1,Constructor
p.LinearVelocityCoefficient,-1,Constructor
p.LocalBoundsUseAttachParentBound,true,Constructor
p.LockSceneOnlyToUpdateAcc,false,Constructor
p.LogCorruptMap,0,Constructor
p.LogDirtyParticles,0,Constructor
p.LogPhysicsReplicationHardSnaps,0,Constructor
p.MaxBoundsForTree,10000,Constructor
p.MaxChildrenInLeaf,5,Constructor
p.MaxContactOffset,-1,Constructor
p.MaxDirtyElements,2147483647,Constructor
p.MaxFallingCorrectionLeash,0,Constructor
p.MaxFallingCorrectionLeashBuffer,10,Constructor
p.MaxLevelsetDimension,20,Constructor
p.MaxLinearHardSnapDistance,-1,Constructor
p.MaxPayloadSize,100000,Constructor
p.MaxPhysicsStepsPerGameTick,3,Constructor
p.MaxRestoredStateError,-1,Constructor
p.MaxTreeDepth,200,Constructor
p.MinCleanedPointsBeforeRemovingInternals,10,Constructor
p.MinLevelsetDimension,4,Constructor
p.MinLevelsetSize,50,Constructor
p.MLLevelSet.MLLevelSetUpdatePhiFlag,0,Constructor
p.ModularVehicle.ApplyWheelForceToGroundBody.Enabled,true,Constructor
p.ModularVehicle.DisableAllSimulationAfterDestruction.Enable,false,Constructor
p.ModularVehicle.DisableForces,false,Constructor
p.ModularVehicle.DrawForceScaling,0.0004,Constructor
p.ModularVehicle.EnableCustomInputQuantization,false,Constructor
p.ModularVehicle.EnableInputSendingTypeInfo,true,Constructor
p.ModularVehicle.NetworkData.Enable,true,Constructor
p.ModularVehicle.ShowForces,false,Constructor
p.ModularVehicle.ShowMass,false,Constructor
p.ModularVehicle.WheelForceToGroundBodyScaling,1,Constructor
p.MoveIgnoreFirstBlockingOverlap,0,Constructor
p.Net.DebugDraw.LifeTime,3,Constructor
p.Net.DebugDraw.ShowRepMode,0,Constructor
p.net.ForceInputDrop,0,Constructor
p.NetCorrectionLifetime,4,Constructor
p.NetEnableListenServerSmoothing,1,Constructor
p.NetEnableMoveCombining,1,Constructor
p.NetEnableMoveCombiningOnStaticBaseChange,1,Constructor
p.NetEnableSkipProxyPredictionOnNetUpdate,1,Constructor
p.NetForceClientAdjustmentPercent,0,Constructor
p.NetForceClientServerMoveLossDuration,0,Constructor
p.NetForceClientServerMoveLossPercent,0,Constructor
p.NetMoveCombiningAttachedLocationTolerance,0.01,Constructor
p.NetMoveCombiningAttachedRotationTolerance,0.01,Constructor
p.NetPackedMovementMaxBits,4096,Constructor
p.NetPingExtrapolation,-1,Constructor
p.NetPingLimit,-1,Constructor
p.NetServerForcePositionUpdateSyncToClient,false,Constructor
p.NetServerMaxMoveDeltaTimeScalar,1.75,Constructor
p.NetShowCorrections,0,Constructor
p.NetStationaryRotationTolerance,0.1,Constructor
p.NetUseBaseRelativeAcceleration,1,Constructor
p.NetUseBaseRelativeVelocity,1,Constructor
p.NetUseClientTimestampForReplicatedTransform,1,Constructor
p.NetUsePackedMovementRPCs,1,Constructor
p.NetVisualizeSimulatedCorrections,0,Constructor
p.NormalAveraging2,0,Constructor
p.NumActiveChannels,1,Constructor
p.PenetrationOverlapCheckInflation,0.1,Constructor
p.PenetrationPullbackDistance,0.125,Constructor
p.PhysDrawing.SkinnedLatticeBoneWeight,-1,Constructor
p.PhysicalMaterial.ShowExperimentalProperties,false,Constructor
p.PhysicsAnimBlendUpdatesPhysX,1,Constructor
p.PhysicsControl.LimitViolationResponseOverride,-1,Constructor
p.PhysicsRunsOnGT,0,Constructor
p.PositionLerp,-1,Constructor
p.PreventInvalidBodyInstanceTransforms,true,Constructor
p.PreventNonVerticalOrientationBlock,1,Constructor
p.PrimitiveComponent.ReplicatePhysicsObject,true,Constructor
p.RagdollPhysics,1,Constructor
p.RCWS.ImpactDebug,0,Constructor
p.RemoveFarBodiesFromBVH,0,Constructor
p.RenderInterp.ApplyExponentialDecay,false,Constructor
p.RenderInterp.DebugDraw,false,Constructor
p.RenderInterp.DebugDraw.GC,false,Constructor
p.RenderInterp.DebugDraw.ResimBoxScale,1,Constructor
p.RenderInterp.DebugDraw.ResimTrigger,false,Constructor
p.RenderInterp.DebugDrawZOffset,0,Constructor
p.RenderInterp.DirectionalDecayMultiplier,0,Constructor
p.RenderInterp.ErrorCorrectionDuration,0.3,Constructor
p.RenderInterp.ErrorVelocityCorrection,false,Constructor
p.RenderInterp.ErrorVelocitySmoothingDuration,0.3,Constructor
p.RenderInterp.ExponentialDecayAngularHalfLife,0.06,Constructor
p.RenderInterp.ExponentialDecayLinearHalfLife,0.06,Constructor
p.RenderInterp.MaximumErrorCorrectionBeforeSnapping,250,Constructor
p.RenderInterp.MaximumErrorCorrectionDesyncTimeBeforeSnapping,0.6,Constructor
p.RenderInterp.MinimumAngularThreshold,0.001,Constructor
p.RenderInterp.MinimumLinearThreshold,0.1,Constructor
p.RenderInterp.SnapToLatest,false,Constructor
p.ReplayLerpAcceleration,0,Constructor
p.ReplicationLOD.BaseDistanceRadiusMultiplier,-1,Constructor
p.ReplicationLOD.BaseDistancesForFullPrediction,-1,Constructor
p.ReplicationLOD.BaseDistancesForResimulationMode,-1,Constructor
p.ReplicationLOD.DrawDebug.Enabled,false,Constructor
p.ReplicationLOD.DrawDebug.WorstLatency,300,Constructor
p.ReplicationLOD.MinimumBaseDistance,-1,Constructor
p.ReplicationLOD.OverrideEnabled,0,Constructor
p.ReplicationLOD.TimeOverDistance,-1,Constructor
p.ReplicationLOD.TransitionExtrapFraction,0.3,Constructor
p.ReplicationLOD.TransitionExtrapFrameMin,3,Constructor
p.ReplicationLOD.TransitionMode.DebugLog,false,Constructor
p.ReportTooManyChildrenNum,-1,Constructor
p.ResetJumpStateDuringResimIfNotFalling,true,Constructor
p.Resim.AccurateHeadFrames,3,Constructor
p.Resim.AllowRewindToResimulatedFrames,true,Constructor
p.Resim.AllowRewindToResimulatedFrames.OverlapPercent,1,Constructor
p.Resim.AveragePredictedFramesScalar,0.2,Constructor
p.Resim.CachePushDataAsyncInputs,true,Constructor
p.Resim.CachePushDataDirtyProxies,true,Constructor
p.Resim.CachePushDataSimCommands,true,Constructor
p.Resim.ClampedFramesOverride,0,Constructor
p.Resim.CoalescingBudgetMultiplier,1,Constructor
p.Resim.CooldownFrames,0,Constructor
p.Resim.DelayDestroyObject,true,Constructor
p.Resim.DesyncLeniencyValue,0.5,Constructor
p.Resim.EnableAdaptiveCoalescing,false,Constructor
p.Resim.FindValidFrameNFramesBehind,2,Constructor
p.Resim.FindValidFrameNPercentBehind,0.1,Constructor
p.Resim.FindValidInputHistory,true,Constructor
p.Resim.FindValidStateHistory,true,Constructor
p.Resim.ForceSkipResim,false,Constructor
p.Resim.GuardFromPerformanceCollapse,true,Constructor
p.Resim.IncompleteHistory,true,Constructor
p.Resim.InterpolateTargetGaps,5,Constructor
p.Resim.MaxCoalesceMultiplier,3,Constructor
p.Resim.ResimFrameValidation,1,Constructor
p.Resim.ResimulateOnSpecifiedStep,1,Constructor
p.Resim.ResizeHistoryFromTickRate,1,Constructor
p.Resim.RewindBeforeAdvance,1,Constructor
p.Resim.RewindDataOptimization,true,Constructor
p.Resim.UseParticleResimAsFollowerDuringTargetValidation,false,Constructor
p.RestoreBreakingMomentumPercent,0.5,Constructor
p.RestoreFloorWhenMissingBaseComponent,true,Constructor
p.RigidBodyLODThreshold,-1,Constructor
p.RigidBodyNode,true,Constructor
p.RigidBodyNode.ComponentAppliedLinearAccClamp,-1,Constructor
p.RigidBodyNode.ComponentLinearAccScale,-1,Constructor
p.RigidBodyNode.ComponentLinearVelcale,-1,Constructor
p.RigidBodyNode.DebugDraw,false,Constructor
p.RigidBodyNode.DeferredSimulationDefault,false,Constructor
p.RigidBodyNode.DeferredSimulationForceDefault,false,Constructor
p.RigidBodyNode.EnableComponentAcceleration,true,Constructor
p.RigidBodyNode.EnablePoseScalePropagation,false,Constructor
p.RigidBodyNode.EnableSimulation,1,Constructor
p.RigidBodyNode.EnableTimeBasedReset,true,Constructor
p.RigidBodyNode.ForceJointSolverType,-1,Constructor
p.RigidBodyNode.GravityScale,1,Constructor
p.RigidBodyNode.IncludeClothColliders,true,Constructor
p.RigidBodyNode.InitializeBoneReferencesRangeCheckEnabled,true,Constructor
p.RigidBodyNode.MaxSubSteps,4,Constructor
p.RigidBodyNode.Space.DampingAlpha,-1,Constructor
p.RigidBodyNode.Space.MaxAngularAcceleration,-1,Constructor
p.RigidBodyNode.Space.MaxAngularVelocity,-1,Constructor
p.RigidBodyNode.Space.MaxLinearAcceleration,-1,Constructor
p.RigidBodyNode.Space.MaxLinearVelocity,-1,Constructor
p.RigidBodyNode.Space.Override,false,Constructor
p.RigidBodyNode.Space.VelocityScaleZ,-1,Constructor
p.RigidBodyNode.Space.WorldAlpha,-1,Constructor
p.RigidBodyNode.TaskPriority.Simulation,0,Constructor
p.RigidBodyNode.WorldObjectExpiry,4,Constructor
p.RigidBodyNodeWithControl,1,Constructor
p.RigidBodyNodeWithControl.DebugDraw,false,Constructor
p.RigidBodyNodeWithControl.DeferredSimulationDefault,false,Constructor
p.RigidBodyNodeWithControl.EnableComponentAcceleration,true,Constructor
p.RigidBodyNodeWithControl.EnableMatchingConstraintsToSkeleton,1,Constructor
p.RigidBodyNodeWithControl.EnableSimulation,1,Constructor
p.RigidBodyNodeWithControl.EnableTimeBasedReset,true,Constructor
p.RigidBodyNodeWithControl.IncludeClothColliders,true,Constructor
p.RigidBodyNodeWithControl.MaxSubSteps,4,Constructor
p.RigidBodyNodeWithControl.Space.MaxAngularAcceleration,10000,Constructor
p.RigidBodyNodeWithControl.Space.MaxAngularVelocity,10000,Constructor
p.RigidBodyNodeWithControl.Space.MaxLinearAcceleration,10000,Constructor
p.RigidBodyNodeWithControl.Space.MaxLinearVelocity,10000,Constructor
p.RigidBodyNodeWithControl.Space.Override,false,Constructor
p.RigidBodyNodeWithControl.Space.VelocityScaleZ,1,Constructor
p.RigidBodyNodeWithControl.Space.WorldAlpha,0,Constructor
p.RigidBodyNodeWithControl.TaskPriority.Simulation,0,Constructor
p.RigidBodyNodeWithControl.WorldObjectExpiry,4,Constructor
p.RigidBodyWithControl.EnableControlSetViewer,false,Constructor
p.RigidBodyWithControlLODThreshold,-1,Constructor
p.RK4SpringInterpolator.MaxIter,4,Constructor
p.RK4SpringInterpolator.UpdateRate,60,Constructor
p.RootMotion.Debug,0,Constructor
p.RootMotion.DebugSourceLifeTime,6,Constructor
p.SampleMinParticlesForAcceleration,2048,Constructor
p.SecondChannelDelay,0.05,Constructor
p.SensitiveSleepThresholdMultiplier,0.05,Constructor
p.SerializeEvolution,0,Constructor
p.ShallowCopyOnClusterUnionUpdate,1,Constructor
p.ShowInitialOverlaps,0,Constructor
p.SimCollisionEnabled,1,Constructor
p.simDelay,0,Constructor
p.SkeletalMeshComponent.EnableAsyncInitBody,false,Constructor
p.SkipDesyncTest,0,Constructor
p.SkipPhysicsReplication,0,Constructor
p.SkipShapeCreationForEmptyBodySetup,false,Constructor
p.SkipSkeletalRepOptimization,1,Constructor
p.SkipUpdateOverlapsOptimEnabled,1,Constructor
p.SQHitchDetection,0,Constructor
p.SQHitchDetectionForceNames,0,Constructor
p.SQHitchDetectionThreshold,0.05,Constructor
p.ToleranceScale_Length,100,Constructor
p.ToleranceScale_Speed,1000,Constructor
p.UGV.KeepAwakeWhileSteering,1,Constructor
p.UGV.SkidSteer.FalloffEndKmh,45,Constructor
p.UGV.SkidSteer.FalloffMinScale,0.25,Constructor
p.UGV.SkidSteer.FalloffStartKmh,5,Constructor
p.UGV.SkidSteer.FlipInReverse,1,Constructor
p.UGV.SkidSteer.ReverseFlipThresholdCmS,50,Constructor
p.UGV.SkidSteer.TorqueNm,1600,SystemSettingsIni
p.UGV.SteeringWakeThreshold,0.02,Constructor
p.UGV.TrackLock.AirDamping,1.5,Constructor
p.UGV.TrackLock.DebugLogInterval,0,Constructor
p.UGV.TrackLock.Enabled,1,Constructor
p.UGV.TrackLock.RedistributeTorque,1,Constructor
p.UGV.TrackLock.SpinDownDecel,120,Constructor
p.UnionsHaveCollisionParticles,0,Constructor
p.UpdateRigidBodyScaling,true,Constructor
p.UseAccumulationArray,1,Constructor
p.UseAsyncInterpolation,1,Constructor
p.UseBoundingBoxForConnectionGraphFiltering,0,Constructor
p.UseConnectivity,1,Constructor
p.UseDeprecatedBehaviorUpdateMassScaleChanges,0,Constructor
p.UseLastGoodRotationDuringCorrection,1,Constructor
p.UseLegacyDoJump,1,Constructor
p.UseLevelsetCollision,0,Constructor
p.UseTargetVelocityOnImpact,1,Constructor
p.ValidateSceneComponentAttachmentDetailLevel_High,true,Constructor
p.ValidateSceneComponentAttachmentDetailLevel_Low,true,Constructor
p.ValidateSceneComponentAttachmentDetailLevel_Medium,true,Constructor
p.ValidateSceneComponentAttachmentEditorOnlySettings,true,Constructor
p.Vehicle.BatchQueries,false,Constructor
p.Vehicle.CacheSuspensionOffset,true,Constructor
p.Vehicle.CacheTraceOverlap,false,Constructor
p.Vehicle.ControlInputWakeTolerance,0.02,Constructor
p.Vehicle.DisableAerodynamics,false,Constructor
p.Vehicle.DisableAerofoils,false,Constructor
p.Vehicle.DisableConstraintSuspension,false,Constructor
p.Vehicle.DisableFrictionForces,false,Constructor
p.Vehicle.DisableRollbarForces,false,Constructor
p.Vehicle.DisableStabilizeControl,false,Constructor
p.Vehicle.DisableSuspensionForces,false,Constructor
p.Vehicle.DisableThrusters,false,Constructor
p.Vehicle.DisableTorqueControl,false,Constructor
p.Vehicle.DisableVehicleSleep,false,Constructor
p.Vehicle.EnableMultithreading,true,Constructor
p.Vehicle.OverlapTestExpansionXY,100,Constructor
p.Vehicle.OverlapTestExpansionZ,50,Constructor
p.Vehicle.ResetMeasurements,false,Constructor
p.Vehicle.SetForceDebugScaling,0.0006,Constructor
p.Vehicle.SetMaxMPH,0,Constructor
p.Vehicle.ShowAerofoilForces,false,Constructor
p.Vehicle.ShowAerofoilSurface,false,Constructor
p.Vehicle.ShowAllForces,false,Constructor
p.Vehicle.ShowBatchQueryExtents,false,Constructor
p.Vehicle.ShowCOM,false,Constructor
p.Vehicle.ShowModelOrigin,false,Constructor
p.Vehicle.ShowRaycastComponent,false,Constructor
p.Vehicle.ShowRaycastMaterial,false,Constructor
p.Vehicle.ShowSuspensionForces,false,Constructor
p.Vehicle.ShowSuspensionLimits,false,Constructor
p.Vehicle.ShowSuspensionRaycasts,false,Constructor
p.Vehicle.ShowWheelCollisionNormal,false,Constructor
p.Vehicle.ShowWheelForces,false,Constructor
p.Vehicle.SleepCounterThreshold,15,Constructor
p.Vehicle.SteeringOverride,0,Constructor
p.Vehicle.ThrottleOverride,0,Constructor
p.Vehicle.TraceTypeOverride,0,Constructor
p.VisualizeMovement,0,Constructor
p4.AlwaysBranchFilesOnCopy,false,Constructor
p4.ParseIgnores,false,Constructor
Package.DumpStackTraceOnDirty,0,Constructor
Package.Relocation,0,Constructor
PackageReload.EnableFastPath,false,Constructor
PackageTools.UnloadPackagesUnloadsPrimaryAssets,true,Constructor
PackFactory.AllowSourceCodeImport,false,Constructor
pak.AllowMissingUToc,false,Constructor
pak.ReaderReleaseDelay,5,Constructor
pak.UseDirectoryTreeForPakSearch,true,Constructor
pak.ValidateDirectoryTreeSearchConsistency,false,Constructor
pcg.Actor.AllowReuse,true,Constructor
pcg.ActorModifiedPreviousDataCheckDelayMS,1000,Constructor
pcg.ActorModifiedPreviousDataCleanupDelayMS,10000,Constructor
pcg.Advanced.ConvertToPointDataInPostProcessGraph,false,Constructor
pcg.Advanced.DeletePreviewResourcesWhenUnloading,true,Constructor
pcg.Advanced.DisableStealingForFlattenInPostProcessGraph,false,Constructor
pcg.AllowPerDataCaching,true,Constructor
pcg.Async.OutOfTickBudgetInMilliseconds,5,Constructor
pcg.AsyncOverrideChunkSize,-1,Constructor
pcg.Cache.CacheSizeDetailLevel,1,Constructor
pcg.Cache.CleanupLevel,0,Constructor
pcg.Cache.Debug.ValidateElementToCacheEntryKeys,false,Constructor
pcg.Cache.Editor.Enabled,true,Constructor
pcg.Cache.Editor.MemoryBudgetMB,6144,Constructor
pcg.Cache.EditorCleanupLevel,2,Constructor
pcg.Cache.Enabled,true,Constructor
pcg.Cache.EnableDebugging,false,Constructor
pcg.Cache.EnableMemoryBudget,true,Constructor
pcg.Cache.EnableTLSGatherCacheSize,true,Constructor
pcg.Cache.FullPointDataCrc,true,Constructor
pcg.Cache.MemoryBudgetMB,6144,Constructor
pcg.Cache.MemoryCleanupRatio,0.5,Constructor
pcg.Cache.Runtime.Enabled,false,Constructor
pcg.Cache.Runtime.MemoryBudgetMB,128,Constructor
pcg.CheckSamplerMemory,true,Constructor
pcg.ComponentVisualizer.CullingDistance2D,10000,Constructor
pcg.ComponentVisualizer.CullingMethod,true,Constructor
pcg.ComponentVisualizer.EnableCulling,true,Constructor
pcg.CreateTargetActor.AllowReuse,true,Constructor
pcg.debug.hash.AlwaysHash,false,Constructor
pcg.debug.hash.LogDependencies,false,Constructor
pcg.debug.hash.LogSkippedObjects,false,Constructor
pcg.debug.hash.LogSkippedProperties,false,Constructor
pcg.debug.tools.cleartoolassetscache,true,Constructor
pcg.debug.ValidateDataPinsAndTypes,true,Constructor
pcg.debug.ValidatePointMetadata,true,Constructor
pcg.DeterminismGraphTestCycleLimit,10000,Constructor
pcg.DeterminismPermutationLimit,10000,Constructor
pcg.DirtyLoadAsPreviewOnLoad,false,Constructor
pcg.DisableAsyncTimeSlicing,false,Constructor
pcg.DisableAsyncTimeSlicingOnGameThread,false,Constructor
pcg.DisableDelayedActorRegistering,false,Constructor
pcg.DisableObjectDependenciesTracking,false,Constructor
pcg.DisablePCGDataInterdependencyOptimization,false,Constructor
pcg.Editor.CheckConnectionCycles,true,Constructor
pcg.Editor.EnableColorsOnParamPins,true,Constructor
pcg.Editor.EnableManualEditPalette,true,Constructor
pcg.Editor.EnablePostExecuteConsumerThread,false,Constructor
pcg.Editor.ManualEdit.MeshComplexityThreshold,1000,Constructor
pcg.Editor.MaxExecutingThreads,8,Constructor
pcg.Editor.MaxPercentageOfExecutingThreads,0.3,Constructor
pcg.Editor.MaxPercentageOfThreadsToUse,0.9,Constructor
pcg.Editor.MaxProcessingTasks,4096,Constructor
PCG.Editor.OutlinerRefreshDelay,1,Constructor
pcg.Editor.PostExecuteConsumerThreadTime,15,Constructor
pcg.Editor.Tools.CommitPropertyChangedEventOnTimer,true,Constructor
pcg.EditorFrameTime,15,Constructor
pcg.EditorNotificationDelayInSeconds,3,Constructor
pcg.EnableLocalRefreshForPCGComponentDependencies,true,Constructor
pcg.EnablePointArrayData,true,Constructor
pcg.EnablePointArrayDataParenting,true,Constructor
pcg.EnablePointArrayDataToPointDataConversionWarnings,false,Constructor
pcg.ForceLandscapeCacheNeverSerialized,false,Constructor
pcg.ForceReleaseResourcesOnGenerate,false,Constructor
pcg.FrameTime,5,Constructor
pcg.FullDataCrcInCommandlets,true,Constructor
pcg.GlobalDisableRefresh,false,Constructor
pcg.GPU.ComputeGraphInstancePooling,false,Constructor
pcg.GPU.EnableInternalKernelPinInspection,false,Constructor
pcg.GPU.EnableLandscapeVTSampling,true,Constructor
pcg.GPU.EnableRayTracingUVCache,true,Constructor
pcg.GPU.FixProviderGCRaceOnDestroy,true,Constructor
pcg.GPU.FuzzMemory,false,Constructor
pcg.GPU.ReadbackTextureDataOnInspect,true,Constructor
pcg.GPU.TriggerRenderCaptures.DownsampleTexture,0,Constructor
pcg.GPU.TriggerRenderCaptures.GrassMapGeneration,0,Constructor
pcg.GPU.TriggerRenderCaptures.InstanceSceneWriter,0,Constructor
pcg.GPU.TriggerRenderCaptures.TextureReadback,0,Constructor
pcg.GPU.TriggerRenderCaptures.VisTexture2DInit,0,Constructor
pcg.Graph.CompileTasksToDetectChanges,true,Constructor
pcg.Graph.DynamicTaskCulling,true,Constructor
pcg.Graph.EnableWarningOnDeprecatedCSVActorTags,true,Constructor
pcg.Graph.EnableWarningOnPinDestructiveChangesInPostLoad,false,Constructor
pcg.Graph.FixInvalidEdgesOnPostLoad,true,Constructor
pcg.Graph.GPU.PassGPUDataThroughGridLinks,true,Constructor
pcg.Graph.GPU.WarnOnGPUReadbacks,false,Constructor
pcg.Graph.GPU.WarnOnOverridePinUsage,true,Constructor
pcg.graph.ShowAdvancedAttributes,false,Constructor
pcg.Graph.WarnPinNameCollisions,false,Constructor
pcg.GraphCompilation.ForceDynamicDispatch,false,Constructor
pcg.GraphExecution.DebugDrawGeneratedCells,false,Constructor
pcg.GraphExecution.EnableCullingLogging,false,Constructor
pcg.GraphExecution.EnableLogging,false,Constructor
pcg.GraphExecution.GPU.Enable,true,Constructor
pcg.GraphExecution.GPU.EnableDebugging,false,Constructor
pcg.GraphExecution.GPU.MaxBufferSize,0.5,Constructor
pcg.GraphExecution.TaskStaticCulling,true,Constructor
pcg.GraphMultithreading,true,Constructor
pcg.Grass.DebugDrawGeneratedComponents,false,Constructor
pcg.ISM.AllowReuse,true,Constructor
pcg.LandscapeCacheGCFrequency,10,Constructor
pcg.LandscapeCacheSizeThreshold,64,Constructor
pcg.LandscapeDisableRefreshTracking,false,Constructor
pcg.LandscapeDisableRefreshTrackingInLandscapeEditingMode,false,Constructor
pcg.LandscapeForceRefreshRuntimeGen,false,Constructor
pcg.LandscapeRefreshTimeDelayMS,1000,Constructor
pcg.LevelAsset.UseTransactions,true,Constructor
pcg.LoadManagedActorsForCleanup,true,Constructor
pcg.LogProfilingData,false,Constructor
pcg.ManagedResourcesLogging.Enable,false,Constructor
pcg.ManagedResourcesLogging.MaxElementPrintCount,3,Constructor
pcg.MaxConcurrentTasks,4096,Constructor
pcg.MaxPercentageOfExecutingThreads,0.3,Constructor
pcg.MaxPercentageOfThreadsToUse,0.9,Constructor
pcg.MetadataOperationChunkSize,256,Constructor
pcg.MetadataOperationInMT,true,Constructor
pcg.MetadataOperationReserveValues,true,Constructor
pcg.MetadataPartition.UseMixedRadixHash,true,Constructor
pcg.MetadataPartition.ValidateOverflow,true,Constructor
pcg.PauseExecution,false,Constructor
pcg.PauseExecutionWhileTransactionActive,true,Constructor
pcg.PIE.RebuildLandscapeOnPIE,true,Constructor
pcg.Quality,3,Scalability
pcg.ReleaseTransientResourcesEarly,true,Constructor
pcg.Runtime.EnablePostExecuteConsumerThread,false,Constructor
pcg.Runtime.MaxExecutingThreads,8,Constructor
pcg.Runtime.MaxPercentageOfExecutingThreads,0.3,Constructor
pcg.Runtime.MaxPercentageOfThreadsToUse,0.9,Constructor
pcg.Runtime.MaxProcessingTasks,4096,Constructor
pcg.Runtime.PostExecuteConsumerThreadTime,5,Constructor
pcg.RuntimeGeneration.BasePoolSize,100,Constructor
pcg.RuntimeGeneration.ChangeDetection.MaxPositionDeltaGridProportion,0.1,Constructor
pcg.RuntimeGeneration.ChangeDetection.MaxPositionDeltaUnbounded,100,Constructor
pcg.RuntimeGeneration.DisableDynamicTracking,false,Constructor
pcg.RuntimeGeneration.Enable,true,Constructor
pcg.RuntimeGeneration.EnableActorComponentlessGeneration,false,Constructor
pcg.RuntimeGeneration.EnableChangeDetection,true,Constructor
pcg.RuntimeGeneration.EnableDebugging,false,Constructor
pcg.RuntimeGeneration.EnableDebugOverlay,false,Constructor
pcg.RuntimeGeneration.EnablePooling,true,Constructor
pcg.RuntimeGeneration.EnableWorldStreamingQueries,true,Constructor
pcg.RuntimeGeneration.FramesBeforeFirstGenerate,0,Constructor
pcg.RuntimeGeneration.GlobalRadiusMultiplier,1,Constructor
pcg.RuntimeGeneration.HideActorsFromOutliner,true,Constructor
pcg.RuntimeGeneration.ISM.ComponentlessPrimitives,false,Constructor
pcg.RuntimeGeneration.ISM.CullingCellBoundsDebugDraw,false,Constructor
pcg.RuntimeGeneration.ISM.UseRawDataForGPUAnalysis,true,Constructor
pcg.RuntimeGeneration.NumGeneratingComponents,16,Constructor
pcg.RuntimeGeneration.Server.Mode,2,Constructor
pcg.RuntimeGeneration.TimeBetweenRuntimeGenSchedulerTicks,0,Constructor
pcg.SamplerMemoryThreshold,0.8,Constructor
pcg.ShouldVerifyIfOutputsAreUsedMultipleTimes,true,Constructor
pcg.SpatialData.EnablePrepareForSpatialQuery,true,Constructor
pcg.VirtualTexturePriming.DebugDrawTexturePrimingBounds,false,Constructor
pcg.VirtualTexturePriming.Enable,true,Constructor
PCGSplineStruct.UseSplineCurves,true,Constructor
PerfWarn.CoarseMinFPS,20,Constructor
PerfWarn.CoarsePercentThreshold,80,Constructor
PerfWarn.CoarseSampleTime,600,Constructor
PerfWarn.FineMinFPS,10,Constructor
PerfWarn.FinePercentThreshold,80,Constructor
PerfWarn.FineSampleTime,30,Constructor
Persona.AnimationEditorViewportClient.ShowEngineDebugMessageOnAnimViewport,true,Constructor
PlacementMode.AllowAssetFactoryInterfaceWorkflowForItems,true,Constructor
PlacementMode.AllowNonPrimitiveComponentHits,true,Constructor
PlacementMode.ItemInternalsInTooltip,false,Constructor
PlayerController.Input.SortInputStackByPriority,true,Constructor
PlayerController.IsPushBased,false,Constructor
PlayerController.LevelVisibilityDontSerializeFileName,false,Constructor
PlayerController.NetResetServerPredictionDataOnPawnAck,1,Constructor
PluginManager.LeakedAssetTrace.MaxReportCount,10,Constructor
PluginManager.LeakedAssetTrace.RenameLeakedPackages,true,Constructor
PluginManager.LeakedAssetTrace.Severity,2,Constructor
PluginManager.LeakedAssetTrace.Severity.Editor,-1,Constructor
PluginManager.LeakedAssetTrace.TraceMode,1,Constructor
PluginManager.RunGarbageCollectTwice,true,Constructor
PluginManager.VerifyUnload,true,Constructor
PropertyEditor.AllowPropertyMatrixForNonActors,false,Constructor
PropertyEditor.PropertyEditorPermissionList.ClassToDebug,,Constructor
PropertyEditor.PropertyEditorPermissionList.SupportAllowAllFunctions,true,Constructor
PropertyEditor.ShowInlineEditConditionToggleWhenNotSpecifiedAndNotEditable,true,Constructor
PurgeOldLightmaps,1,Constructor
r.128BitBPPSCompilation.Allow,true,Constructor
r.AdrenoOcclusionUseFDM,0,Constructor
r.AllowClearLightSceneExtentsOnly,1,Constructor
r.AllowDepthBoundsTest,1,Constructor
r.AllowGlobalClipPlane,0,Constructor
r.AllowHDR,0,Constructor
r.AllowLandscapeShadows,1,Constructor
r.AllowOcclusionQueries,true,Constructor
r.AllowPointLightCubemapShadows,1,Constructor
r.AllowPrecomputedVisibility,1,Constructor
r.AllowSimpleLights,1,Constructor
r.AllowStaticLighting,0,ProjectSetting
r.AllowStaticLightingInWorldPartitionMaps,0,Constructor
r.AllowSubPrimitiveQueries,1,Constructor
r.AllowTexture2DArrayCreation,1,Constructor
r.AlphaInvertPass,false,Constructor
r.AmbientOcclusion.AsyncComputeBudget,1,Constructor
r.AmbientOcclusion.Compute,0,Constructor
r.AmbientOcclusion.Compute.Smooth,1,Constructor
r.AmbientOcclusion.Denoiser,2,Constructor
r.AmbientOcclusion.Denoiser.HistoryConvolution.KernelSpreadFactor,7,Constructor
r.AmbientOcclusion.Denoiser.HistoryConvolution.SampleCount,1,Constructor
r.AmbientOcclusion.Denoiser.KernelSpreadFactor,4,Constructor
r.AmbientOcclusion.Denoiser.PreConvolution,2,Constructor
r.AmbientOcclusion.Denoiser.ReconstructionSamples,16,Constructor
r.AmbientOcclusion.Denoiser.TemporalAccumulation,1,Constructor
r.AmbientOcclusion.DepthBoundsTest,1,Constructor
r.AmbientOcclusion.FadeRadiusScale,1,Constructor
r.AmbientOcclusion.FramebufferCompression,0,Constructor
r.AmbientOcclusion.Method,0,Constructor
r.AmbientOcclusionLevels,-1,Scalability
r.AmbientOcclusionMaxQuality,100,Scalability
r.AmbientOcclusionMipLevelFactor,0.4,Scalability
r.AmbientOcclusionRadiusScale,1,Scalability
r.AmbientOcclusionStaticFraction,-1,Constructor
r.Android.DisableASTCSupport,0,Constructor
r.Android.DisableOpenGLES31Support,0,Constructor
r.Android.DisableVulkanSM5Support,0,Constructor
r.Android.DisableVulkanSupport,0,Constructor
r.Android.OverrideExternalTextureSupport,0,Constructor
r.AndroidDisableThreadedRendering,0,Constructor
r.AndroidDisableThreadedRenderingFirstLoad,0,Constructor
r.AnimBank.GPU,true,Constructor
r.AnimBank.Interpolation,true,Constructor
r.AnimBank.TimeScale,1,Constructor
r.AnimSequenceTransformProvider.AnimCompactBones,true,Constructor
r.AnimSequenceTransformProvider.Blending,true,Constructor
r.AnimSequenceTransformProvider.ForceSampleRateLevel,-1,Constructor
r.AnimSequenceTransformProvider.ForceSampleRateMax,30,Constructor
r.AnimSequenceTransformProvider.HalfPrecision,false,Constructor
r.AnimSequenceTransformProvider.MaxSampleRateLevels,3,Constructor
r.AnimSequenceTransformProvider.TimeScale,1,Constructor
r.AnimSequenceTransformProvider.UploadBudget,32,Constructor
r.AnisotropicMaterials,1,Scalability
r.AntiAliasingMethod,4,SystemSettingsIni
r.AOApplyToStaticIndirect,0,Constructor
r.AOAsyncBuildQueue,1,Constructor
r.AOAverageObjectsPerCullTile,512,Constructor
r.AOClearHistory,0,Constructor
r.AOComputeShaderNormalCalculation,0,Constructor
r.AOGlobalDFClipmapDistanceExponent,2,Constructor
r.AOGlobalDFResolution,128,Constructor
r.AOGlobalDFStartDistance,100,Constructor
r.AOGlobalDistanceField,1,Constructor
r.AOGlobalDistanceField.AverageCulledObjectsPerCell,512,Constructor
r.AOGlobalDistanceField.CameraPositionVelocityOffsetDecay,0.7,Constructor
r.AOGlobalDistanceField.DetailedNecessityCheck,1,Constructor
r.AOGlobalDistanceField.FastCameraMode,0,Constructor
r.AOGlobalDistanceField.ForceRecacheForStreaming,0,Constructor
r.AOGlobalDistanceField.Heightfield,1,Constructor
r.AOGlobalDistanceField.MinMeshSDFRadius,20,Constructor
r.AOGlobalDistanceField.MinMeshSDFRadiusInVoxels,0.5,Constructor
r.AOGlobalDistanceField.MipFactor,4,Constructor
r.AOGlobalDistanceField.NumClipmaps,4,Constructor
r.AOGlobalDistanceField.OccupancyRatio,0.3,Constructor
r.AOGlobalDistanceField.RecacheClipmapsWithPendingStreaming,1,Constructor
r.AOGlobalDistanceFieldCacheMostlyStaticSeparately,1,Constructor
r.AOGlobalDistanceFieldClipmapUpdatesPerFrame,2,Constructor
r.AOGlobalDistanceFieldForceFullUpdate,0,Constructor
r.AOGlobalDistanceFieldForceUpdateOnce,0,Constructor
r.AOGlobalDistanceFieldPartialUpdates,1,Constructor
r.AOGlobalDistanceFieldRepresentHeightfields,1,Constructor
r.AOGlobalDistanceFieldStaggeredUpdates,1,Constructor
r.AOHistoryDistanceThreshold,30,Constructor
r.AOHistoryStabilityPass,1,Constructor
r.AOHistoryWeight,0.85,Constructor
r.AOJitterConeDirections,0,Constructor
r.AOMaxViewDistance,20000,Constructor
r.AOObjectDistanceField,1,Constructor
r.AOOverwriteSceneColor,0,Constructor
r.AOQuality,1,Scalability
r.AOSampleSet,1,Constructor
r.AOScatterTileCulling,1,Constructor
r.AOSpecularOcclusionMode,1,Constructor
r.AOStepExponentScale,0.5,Constructor
r.AOUpdateGlobalDistanceField,1,Constructor
r.AOUseHistory,1,Constructor
r.AOUseJitter,1,Constructor
r.AOViewFadeDistanceScale,0.7,Constructor
r.ApproximateOcclusionQueries,0,Constructor
r.AreShaderErrorsFatal,true,Constructor
r.AsyncCacheMaterialUniformExpressions,1,Constructor
r.AsyncCacheMeshDrawCommands,1,Constructor
r.AsyncCreateLightPrimitiveInteractions,1,Constructor
r.AsyncPipelineCompile,1,Constructor
r.AutoAttachGPUReshape,0,Constructor
r.AutoExposure.IgnoreMaterials,false,Constructor
r.AutoExposure.IgnoreMaterials.Debug,false,Constructor
r.AutoExposure.IgnoreMaterials.DownscaleFactor,2,Constructor
r.AutoExposure.IgnoreMaterials.EvaluationPositionBias,10,Constructor
r.AutoExposure.IgnoreMaterials.LuminanceScale,0.18,Constructor
r.AutoExposure.IgnoreMaterials.MinBaseColorLuminance,0.01,Constructor
r.AutoExposure.IgnoreMaterials.ReconstructFromSceneColor,true,Constructor
r.AutoExposure.IgnoreMaterials.UsePrecalculatedIlluminance,true,Constructor
r.AutoExposure.LuminanceMethod,0,Constructor
r.BackbufferQuantizationDitheringOverride,0,Constructor
r.BadDriverWarningIsFatal,false,Constructor
r.BasePassOutputsVelocity,-1,Constructor
r.BasePassWriteDepthEvenWithFullPrepass,0,Constructor
r.bFlushRenderTargetsOnWorldCleanup,1,Constructor
r.BlackBorders,0,Constructor
r.Bloom.ApplyLocalExposure,true,Constructor
r.Bloom.AsyncCompute,1,Constructor
r.Bloom.CacheKernel,1,Constructor
r.Bloom.ScreenPercentage,50,Scalability
r.Bloom.WarnKernelResolution,1,Constructor
r.BloomQuality,5,Scalability
r.BufferVisualizationDumpFrames,0,Constructor
r.BufferVisualizationDumpFramesAsHDR,0,Constructor
r.BufferVisualizationOverviewTargets,BaseColor,Specular,SubsurfaceColor,WorldNormal,SeparateTranslucencyRGB,,,WorldTangent,SeparateTranslucencyA,,,Opacity,SceneDepth,Roughness,Metallic,ShadingModel,,SceneDepthWorldUnits,SceneColor,PreTonemapHDRColor,PostTonemapHDRColor,Constructor
r.BufferVisualizationTarget,,Constructor
r.Cache.DrawDirectionalShadowing,0,Constructor
r.Cache.DrawInterpolationPoints,0,Constructor
r.Cache.DrawLightingSamples,0,Constructor
r.Cache.LightingCacheDimension,64,Constructor
r.Cache.LightingCacheMovableObjectAllocationSize,5,Constructor
r.Cache.LimitQuerySize,1,Constructor
r.Cache.QueryNodeLevel,3,Constructor
r.Cache.ReduceSHRinging,1,Constructor
r.Cache.SampleTransitionSpeed,800,Constructor
r.Cache.UpdateEveryFrame,0,Constructor
r.Cache.UpdatePrimsTaskEnabled,1,Constructor
r.CalcLocalPlayerCachedLODDistanceFactor,1,Constructor
r.CameraAnimation.LegacyPostProcessBlending,true,Constructor
r.CameraCutTranslationThreshold,10000,Constructor
r.CameraShake.LegacyPostProcessBlending,false,Constructor
r.CameraShakeDebug,false,Constructor
r.CameraShakeDebug.InfoRecordLimit,2,Constructor
r.CameraShakeDebug.LargeGraph,false,Constructor
r.CameraShakeDebug.Location,true,Constructor
r.CameraShakeDebug.Rotation,true,Constructor
r.CapsuleDirectShadows,1,Constructor
r.CapsuleIndirectConeAngle,0.392699,Constructor
r.CapsuleIndirectShadows,1,Constructor
r.CapsuleMaxDirectOcclusionDistance,400,Constructor
r.CapsuleMaxIndirectOcclusionDistance,200,Constructor
r.CapsuleMinSkyAngle,15,Constructor
r.CapsuleShadowFadeAngleFromVertical,1.0472,Constructor
r.CapsuleShadows,1,Scalability
r.CapsuleShadowsFullResolution,0,Constructor
r.CapsuleSkyAngleScale,0.6,Constructor
r.CaptureNextDeferredShadingRendererFrame,-1,Constructor
r.CaptureNextSceneCullingUpdate,-1,Constructor
r.CatmullRomEndParamOffset,0.1,Constructor
r.CEFGPUAcceleration,true,Constructor
r.chaos.ReflectionCaptureStaticSceneOnly,1,Constructor
r.CheckSRVTransitions,0,Constructor
r.ClearCoatNormal,0,Constructor
r.ClearGBufferDBeforeBasePass,1,Constructor
r.ClearSceneMethod,1,Constructor
r.Cloth.Enable,true,Constructor
r.CloudDefaultTexturesNoFastClear,1,Constructor
r.ClusteredDeferredShading.EnableForProject,1,Constructor
r.Color.Grading,1,Constructor
r.Color.Max,1,Constructor
r.Color.Mid,0.5,Constructor
r.Color.Min,0,Constructor
r.CompileMaterialsForShaderFormat,,Constructor
r.CompileShadersForDevelopment,1,Constructor
r.Composite.TemporalUpsampleDepth,2,Constructor
r.ComputeFramework.DeferredCompilation,1,Constructor
r.ComputeFramework.Enable,1,Constructor
r.ComputeFramework.SortSubmit,1,Constructor
r.ComputeFramework.TriggerGPUCaptureDispatches,0,Constructor
r.ContactShadows,1,Constructor
r.ContactShadows.Bend.OverrideSurfaceThickness,0.005,Constructor
r.ContactShadows.Intensity.FadeLength,800,Constructor
r.ContactShadows.Intensity.FadeStart,1600,Constructor
r.ContactShadows.Intensity.Mode,0,Constructor
r.ContactShadows.NonShadowCastingIntensity,0,Constructor
r.ContactShadows.OverrideLength,-1,Constructor
r.ContactShadows.OverrideLengthInWS,false,Constructor
r.ContactShadows.OverrideNonShadowCastingIntensity,-1,Constructor
r.ContactShadows.OverrideShadowCastingIntensity,-1,Constructor
r.ContactShadows.Standalone.Method,0,Constructor
r.CookMemory.DistanceFieldsEstimate,true,Constructor
r.CookMemory.DistanceFieldsEstimateRatio,15,Constructor
r.CookMemory.MeshCardRepresentationEstimate,true,Constructor
r.CookOutUnusedDetailModeComponents,0,Constructor
r.CreateShadersOnLoad,0,Constructor
r.CullBeforeFetch,0,Constructor
r.CullInstances,1,Constructor
r.CustomDepth,1,Constructor
r.CustomDepth.Order,2,Constructor
r.CustomDepthEnableFastClear,false,Constructor
r.CustomDepthTemporalAAJitter,1,Constructor
r.CustomUnsafeZones,,Constructor
r.D3D.CheckedForTypedUAVs,1,Constructor
r.D3D.ForceDXC,0,Constructor
r.D3D12.AllowAsyncCompute,1,Constructor
r.D3D12.AutoAttachPIX,0,Constructor
r.D3D12.Depth24Bit,0,Constructor
r.D3D12.DevDisableD3DRuntimeBackgroundThreads,0,Constructor
r.D3D12.DiagnosticBufferExtraMemory,0,Constructor
r.D3D12.DRED,0,Constructor
r.D3D12.DXR.MinimumDriverVersionAMD,,Constructor
r.D3D12.DXR.MinimumDriverVersionIntel,,Constructor
r.D3D12.DXR.MinimumDriverVersionNVIDIA,,Constructor
r.D3D12.DXR.MinimumWindowsBuildVersion,0,Constructor
r.D3D12.DXR.RaytracingValidation,0,Constructor
r.D3D12.DXR.RaytracingValidation.IgnoreList,,Constructor
r.D3D12.EnableD3DDebug,0,Constructor
r.D3D12.ExperimentalShaderModels,0,Constructor
r.D3D12.ExplicitDescriptorHeap.DeduplicateSamplers,1,Constructor
r.D3D12.ExplicitDescriptorHeap.ViewDescriptorHeapSize,250000,Constructor
r.D3D12.GPUTimeout,1,Constructor
r.D3D12.LightweightDRED,0,Constructor
r.D3D12.NumViewportBuffers,3,Constructor
r.D3D12.PreferredBarrierImplementation,1,Constructor
r.D3D12.PresentOnSubmissionThread,false,Constructor
r.D3D12.RayTracing.AllowCompaction,1,Constructor
r.D3D12.RayTracing.AllowSpecializedStateObjects,1,Constructor
r.D3D12.RayTracing.CacheShaderRecords,1,Constructor
r.D3D12.RayTracing.Compaction.MinPrimitiveCount,128,Constructor
r.D3D12.RayTracing.DebugForceBuildMode,0,Constructor
r.D3D12.RayTracing.GPUValidation,0,Constructor
r.D3D12.RayTracing.MaxBatchedCompaction,64,Constructor
r.D3D12.RayTracing.SpecializeStateObjects,0,Constructor
r.D3D12.Submission.MaxExecuteBatchSize.Async,2147483647,Constructor
r.D3D12.Submission.MaxExecuteBatchSize.Copy,2147483647,Constructor
r.D3D12.Submission.MaxExecuteBatchSize.Direct,2147483647,Constructor
r.D3D12.SubmissionTimeout,5,Constructor
r.D3D12.UseAllowTearing,1,Constructor
r.DBuffer,1,Constructor
r.Debug.DrawCurrentDebugTargetBoundingBox,1,Constructor
r.DebugActionZone.ActionRatio,1,Constructor
r.DebugLightDiscardProp,0,Constructor
r.DebugRender.AllowFrustumCulling,true,Constructor
r.DebugRender.OverrideFarClippingPlane,0,Constructor
r.DebugSafeZone.MaxDebugTextStringsPerActor,128,Constructor
r.DebugSafeZone.Mode,0,Constructor
r.DebugSafeZone.OverlayAlpha,0.2,Constructor
r.DebugSafeZone.TitleRatio,1,Constructor
r.Decal.FadeDurationScale,1,Constructor
r.Decal.FadeScreenSizeMult,1,Constructor
r.Decal.FilterMaterialList,true,Constructor
r.Decal.NormalReprojectionEnabled,false,Constructor
r.Decal.NormalReprojectionThresholdHigh,0.995,Constructor
r.Decal.NormalReprojectionThresholdLow,0.99,Constructor
r.Decal.StencilSizeThreshold,0.1,Constructor
r.DecalDepthBias,0.005,Constructor
r.DefaultBackBufferPixelFormat,4,Constructor
r.DefaultFeature.AmbientOcclusion,1,Constructor
r.DefaultFeature.AmbientOcclusionStaticFraction,1,Constructor
r.DefaultFeature.AutoExposure,1,Constructor
r.DefaultFeature.AutoExposure.Bias,1,Constructor
r.DefaultFeature.AutoExposure.ExtendDefaultLuminanceRange,1,ProjectSetting
r.DefaultFeature.AutoExposure.Method,0,Constructor
r.DefaultFeature.Bloom,1,Constructor
r.DefaultFeature.LensFlare,0,Constructor
r.DefaultFeature.LightUnits,1,Constructor
r.DefaultFeature.LocalExposure.HighlightContrastScale,0.8,ProjectSetting
r.DefaultFeature.LocalExposure.ShadowContrastScale,0.8,ProjectSetting
r.DefaultFeature.MotionBlur,1,Constructor
r.Deferred.SupportPrimitiveAlphaHoldout,false,Constructor
r.Deferred.UsesLightFunctionAtlas,1,Constructor
r.DeferredMeshPassSetupTaskSync,1,Constructor
r.DeferUniformExpressionCaching,1,Constructor
r.DeferUpdateRenderStates,1,Constructor
r.DeformerGraph.Enable,1,Constructor
r.DeformerGraph.EnableAssetValidation,1,Constructor
r.DemosaicVposOffset,0,Constructor
r.DemotedLocalMemoryWarning,1,Constructor
r.DepthCopy.FastPath,1,Constructor
r.DepthOfField.DepthBlur.Amount,1,Constructor
r.DepthOfField.DepthBlur.ResolutionScale,1,Constructor
r.DepthOfField.DepthBlur.Scale,1,Constructor
r.DepthOfField.MaxSize,100,Constructor
r.DepthOfField.NearBlurSizeThreshold,0.01,Constructor
r.DepthOfFieldQuality,2,Scalability
r.DetailedMipAlphaLogging,0,Constructor
r.DetailMode,3,Scalability
r.DFDistanceScale,1,Constructor
r.DFFarTransitionScale,1,Constructor
r.DFFullResolution,0,Constructor
r.DFShadow.TwoSidedMeshDistanceBiasScale,1,Constructor
r.DFShadowAsyncCompute,0,Constructor
r.DFShadowAverageObjectsPerCullTile,128,Constructor
r.DFShadowCompactCulledObjects,1,Constructor
r.DFShadowCullingSubsampleDepth,false,Constructor
r.DFShadowCullTileWorldSize,200,Constructor
r.DFShadowQuality,3,Constructor
r.DFShadowScatterTileCulling,1,Constructor
r.DiffuseColor.Max,1,Constructor
r.DiffuseColor.Min,0,Constructor
r.DiffuseIndirect.Denoiser,1,Constructor
r.DiffuseIndirect.HalfRes,1,Constructor
r.DiffuseIndirect.RayPerPixel,6,Constructor
r.DiffuseIndirectForceCopyPass,false,Constructor
r.DiffuseIndirectOffUseDepthBoundsAO,true,Constructor
r.DisableDistortion,0,Constructor
r.DisableEngineAndAppRegistration,0,Constructor
r.DisableLandscapeNaniteGI,1,Constructor
r.DisableLODFade,0,Constructor
r.DisambiguateShaderDebugDir,false,Constructor
r.DiscardUnusedQuality,0,Constructor
r.DisplayInternals,0,Constructor
r.DistanceCullToSphereEdge,true,Constructor
r.DistanceFadeMaxTravel,1000,Constructor
r.DistanceFieldAO,1,Scalability
r.DistanceFieldAO.MultiView,1,Constructor
r.DistanceFieldAO.TraverseMips,1,Constructor
r.DistanceFields,1,Constructor
r.DistanceFields.BlockAllocatorSizeInBricks,16,Constructor
r.DistanceFields.BrickAtlasMaxSizeZ,32,Constructor
r.DistanceFields.BrickAtlasSizeXYInBricks,128,Constructor
r.DistanceFields.Debug.ForceNumMips,0,Constructor
r.DistanceFields.Debug.ResizeAtlasEveryFrame,0,Constructor
r.DistanceFields.DefaultVoxelDensity,0.2,Constructor
r.DistanceFields.DefragmentIndirectionAtlas,1,Constructor
r.DistanceFields.LogAtlasStats,0,Constructor
r.DistanceFields.MaxIndirectionAtlasSizeXYZ,512,Constructor
r.DistanceFields.MaxObjectBoundingRadius,100000,Constructor
r.DistanceFields.MaxPerMeshResolution,256,Constructor
r.DistanceFields.MinIndirectionAtlasSizeXYZ,64,Constructor
r.DistanceFields.OffsetDataStructure,0,Constructor
r.DistanceFields.ParallelUpdate,0,Constructor
r.DistanceFields.ReverseAtlasAllocationOrder,0,Constructor
r.DistanceFields.SupportEvenIfHardwareRayTracingSupported,1,Constructor
r.DistanceFields.SurfaceBiasExpand,0.25,Constructor
r.DistanceFields.TextureUploadLimitKBytes,8192,Constructor
r.DistanceFields.Visualize.Monochrome,0,Constructor
r.DistanceFieldShadowing,1,Scalability
r.DOF.Gather.AccumulatorQuality,1,Scalability
r.DOF.Gather.DistinctionLimit,0,Constructor
r.DOF.Gather.EnableBokehSettings,0,Scalability
r.DOF.Gather.MaxMipMapCount,4,Constructor
r.DOF.Gather.PostfilterMethod,1,Scalability
r.DOF.Gather.ResolutionDivisor,2,Scalability
r.DOF.Gather.RingCount,4,Scalability
r.DOF.Kernel.MaxBackgroundRadius,0.025,Scalability
r.DOF.Kernel.MaxForegroundRadius,0.025,Scalability
r.DOF.PreferLowerBitDepth,0,Constructor
r.DOF.Recombine.EnableBokehSettings,0,Scalability
r.DOF.Recombine.MinFullresBlurRadius,0.1,Constructor
r.DOF.Recombine.Quality,1,Scalability
r.DOF.Scatter.BackgroundCompositing,2,Scalability
r.DOF.Scatter.EnableBokehSettings,1,Scalability
r.DOF.Scatter.ForegroundCompositing,1,Scalability
r.DOF.Scatter.MaxSpriteRatio,0.1,Scalability
r.DOF.Scatter.MinCocRadius,3,Constructor
r.DOF.Scatter.NeighborCompareMaxColor,10,Constructor
r.DOF.TAA.CoCBilateralFilterStrength,0,Constructor
r.DOF.TAA.SOFHistoryRejectionBoost,0,Constructor
r.DOF.TemporalAAQuality,1,Scalability
r.DontLimitOnBattery,0,Constructor
r.DoTiledReflections,1,Constructor
r.DownsampledOcclusionQueries,0,Constructor
r.DrawRectangleOptimization,1,Constructor
r.DrawTileMesh.DummyRT,0,Constructor
r.DriverDetectionMethod,5,Constructor
r.DumpGPU.Buffer,2,Constructor
r.DumpGPU.CameraCut,0,Constructor
r.DumpGPU.ConsoleVariables,1,Constructor
r.DumpGPU.Delay,0,Constructor
r.DumpGPU.Directory,,Constructor
r.DumpGPU.Draws,0,Constructor
r.DumpGPU.DumpOnScreenshotTest,0,Constructor
r.DumpGPU.EnableLogWrite,1,Constructor
r.DumpGPU.Explore,1,Constructor
r.DumpGPU.FixedTickRate,0,Constructor
r.DumpGPU.FrameCount,1,Constructor
r.DumpGPU.FrameDelay,0,Constructor
r.DumpGPU.Mask,1,Constructor
r.DumpGPU.MaxStagingSize,64,Constructor
r.DumpGPU.PassParameters,1,Constructor
r.DumpGPU.RedumpInputs,0,Constructor
r.DumpGPU.Root,*,Constructor
r.DumpGPU.Screenshot,1,Constructor
r.DumpGPU.Stream,0,Constructor
r.DumpGPU.Test.EnableDiskWrite,1,Constructor
r.DumpGPU.Test.PrettifyResourceFileNames,0,Constructor
r.DumpGPU.Texture,2,Constructor
r.DumpGPU.Upload,1,Constructor
r.DumpGPU.Upload.CompressResources,1,Constructor
r.DumpGPU.Viewer.Visualize,,Constructor
r.DumpingMovie,0,Constructor
r.DumpShaderDebugBindlessNames,0,Constructor
r.DumpShaderDebugInfo,2,Constructor
r.DumpShaderDebugShortNames,0,Constructor
r.DumpShaderOutputCacheHits,false,Constructor
r.DumpTransitionsForResource,,Constructor
r.DynamicGlobalIlluminationMethod,1,ProjectSetting
r.DynamicRes.AllowInPIE,1,Constructor
r.DynamicRes.ChangePercentageThreshold,2,Constructor
r.DynamicRes.FrameTimeBudget,33.3,Constructor
r.DynamicRes.FrameWeightExponent,0.9,Constructor
r.DynamicRes.HistorySize,16,Constructor
r.DynamicRes.IncreaseAmortizationBlendFactor,0.9,Constructor
r.DynamicRes.MaxConsecutiveOverBudgetGPUFrameCount,2,Constructor
r.DynamicRes.MaxScreenPercentage,100,Constructor
r.DynamicRes.MinResolutionChangePeriod,8,Constructor
r.DynamicRes.MinScreenPercentage,50,Constructor
r.DynamicRes.OperationMode,0,Constructor
r.DynamicRes.OverBudgetGPUHeadRoomPercentage,0,Constructor
r.DynamicRes.TargetedGPUHeadRoomPercentage,10,Constructor
r.DynamicRes.TestScreenPercentage,0,Constructor
r.DynamicRes.ThrottlingMaxScreenPercentage,0,Constructor
r.DynamicRes.UpperBoundQuantization,0,Constructor
r.DynamicRes.UseCPUTimeLogic,false,Constructor
r.DynamicRes.UseGameThreadCriticalPath,0,Constructor
r.EarlyInitDynamicShadows,1,Constructor
r.EarlyZPass,3,Constructor
r.EarlyZPassOnlyMaterialMasking,1,Constructor
r.EarlyZSortMasked,1,Constructor
r.Editor.2DGridFade,0.15,Constructor
r.Editor.2DSnapFade,0.3,Constructor
r.Editor.2DSnapMin,0.25,Constructor
r.Editor.2DSnapScale,10,Constructor
r.Editor.3DGridFade,0.5,Constructor
r.Editor.3DSnapFade,0.35,Constructor
r.Editor.AlignedOrthoZoom,1,Constructor
r.Editor.ArcballDragLimit,2,Constructor
r.Editor.ArcballSize,1,Constructor
r.Editor.DepthBarMinSpace,500,Constructor
r.Editor.DisableFogInOrthoDebugViews,true,Constructor
r.Editor.HideLightStaticMobilityWhenStaticLightingDisabled,false,Constructor
r.Editor.MaxNumInstancesDetails,512,Constructor
r.Editor.NeverStartInPreviewMode,0,Constructor
r.Editor.NewLevelGrid,2,Constructor
r.Editor.ProjectEditorRecordsFile,,Constructor
r.Editor.SkipSourceControlCheckForEditablePackages,0,Constructor
r.Editor.Viewport.HighDPI,1,ProjectSetting
r.Editor.Viewport.InvalidateEachSIEFrame,1,Constructor
r.Editor.Viewport.MaxRenderingResolution,2160,ProjectSetting
r.Editor.Viewport.MinRenderingResolution,720,ProjectSetting
r.Editor.Viewport.OverridePIEScreenPercentage,1,ProjectSetting
r.Editor.Viewport.ScreenPercentage,100,ProjectSetting
r.Editor.Viewport.ScreenPercentageMode.Mobile,2,ProjectSetting
r.Editor.Viewport.ScreenPercentageMode.NonRealTime,2,ProjectSetting
r.Editor.Viewport.ScreenPercentageMode.PathTracer,0,ProjectSetting
r.Editor.Viewport.ScreenPercentageMode.RealTime,1,ProjectSetting
r.Editor.Viewport.ScreenPercentageMode.VR,0,ProjectSetting
r.Embree.MemoryEstimateFactor,60,Constructor
r.EmitMeshDrawEvents,0,Constructor
r.Emitter.FastPoolEnable,0,Constructor
r.Emitter.FastPoolMaxFreeSize,2097152,Constructor
r.Emitter.SkipRibbonSpawnInterp,1,Constructor
r.EmitterSpawnRateScale,1,Scalability
r.EnableComputeBuildHZB,1,Constructor
r.EnableDebugSpam_GetObjectPositionAndScale,1,Constructor
r.EnableDrawDebugHelpers,true,Constructor
r.EnableMemoryInsights,false,Constructor
r.EnableMorphTargets,1,Constructor
r.EnableMultiGPUForkAndJoin,1,Constructor
r.EnableObjectWorldPositionFix,true,Constructor
r.EnableStereoEmulation,0,Constructor
r.ExpandAllOcclusionTestedBBoxesAmount,0,Constructor
r.ExpandAllOcclusionTestedBBoxesScreenSpace,0,Constructor
r.ExpandNewlyOcclusionTestedBBoxesAmount,0,Constructor
r.ExpandNewlyOcclusionTestedBBoxesScreenSpace,0,Constructor
r.ExposureOffset,0,Constructor
r.ExrReadAndProcessOnGPU,true,Constructor
r.ExrReaderGPU.ForceTileDescBuffer,true,Constructor
r.ExrReaderGPU.UseUploadHeap,true,Constructor
r.EyeAdaptation.BlackHistogramBucketInfluence,0,Constructor
r.EyeAdaptation.CachedLightingPreExposure,4,Constructor
r.EyeAdaptation.ExponentialTransitionDistance,1.5,Constructor
r.EyeAdaptation.ExposureCompensationCurveLUT,true,Constructor
r.EyeAdaptation.ExposureCompensationCurveLUT.MaxX,20,Constructor
r.EyeAdaptation.ExposureCompensationCurveLUT.MinX,-10,Constructor
r.EyeAdaptation.ExposureCompensationCurveLUT.NumSamples,64,Constructor
r.EyeAdaptation.LensAttenuation,0.78,Constructor
r.EyeAdaptation.MethodOverride,-1,Constructor
r.EyeAdaptation.PreExposureOverride,0,Constructor
r.EyeAdaptation.VisualizeDebugType,0,Constructor
r.EyeAdaptation.VisualizeLuminanceScale,1,Constructor
r.EyeAdaptationQuality,2,Scalability
r.FastBlurThreshold,100,Scalability
r.FastVRam.Bloom,1,Constructor
r.FastVRam.BokehDOF,1,Constructor
r.FastVRam.CircleDOF,1,Constructor
r.FastVRam.CombineLUTs,1,Constructor
r.FastVRam.CustomDepth,0,Constructor
r.FastVRam.DBufferA,0,Constructor
r.FastVRam.DBufferB,0,Constructor
r.FastVRam.DBufferC,0,Constructor
r.FastVRam.DBufferMask,0,Constructor
r.FastVRam.DistanceFieldAOBentNormal,0,Constructor
r.FastVRam.DistanceFieldAODownsampledBentNormal,1,Constructor
r.FastVRam.DistanceFieldAOHistory,1,Constructor
r.FastVRam.DistanceFieldAOScreenGridResources,1,Constructor
r.FastVRam.DistanceFieldCulledObjectBuffers,1,Constructor
r.FastVRam.DistanceFieldIrradiance,0,Constructor
r.FastVRam.DistanceFieldNormal,1,Constructor
r.FastVRam.DistanceFieldShadows,1,Constructor
r.FastVRam.DistanceFieldTileIntersectionResources,1,Constructor
r.FastVRam.Distortion,1,Constructor
r.FastVRam.DOFPostfilter,1,Constructor
r.FastVRam.DOFReduce,1,Constructor
r.FastVRam.DOFSetup,1,Constructor
r.FastVRam.Downsample,1,Constructor
r.FastVRam.EyeAdaptation,1,Constructor
r.FastVRam.ForwardLightingCullingResources,1,Constructor
r.FastVRam.GBufferA,0,Constructor
r.FastVRam.GBufferB,1,Constructor
r.FastVRam.GBufferC,0,Constructor
r.FastVRam.GBufferD,0,Constructor
r.FastVRam.GBufferE,0,Constructor
r.FastVRam.GBufferF,0,Constructor
r.FastVRam.GBufferVelocity,0,Constructor
r.FastVRam.GlobalDistanceFieldCullGridBuffers,1,Constructor
r.FastVRam.Histogram,1,Constructor
r.FastVRam.HistogramReduce,1,Constructor
r.FastVRam.HZB,1,Constructor
r.FastVRam.MotionBlur,1,Constructor
r.FastVRam.PostProcessMaterial,1,Constructor
r.FastVRam.SceneColor,1,Constructor
r.FastVRam.SceneDepth,1,Constructor
r.FastVRam.ScreenSpaceAO,0,Constructor
r.FastVRam.ScreenSpaceShadowMask,1,Constructor
r.FastVRam.SeparateTranslucency,0,Constructor
r.FastVRam.SeparateTranslucencyModulate,0,Constructor
r.FastVRam.ShadowCSM,0,Constructor
r.FastVRam.ShadowPerObject,0,Constructor
r.FastVRam.ShadowPointLight,0,Constructor
r.FastVRam.SSR,0,Constructor
r.FastVRam.Tonemap,1,Constructor
r.FastVRam.Upscale,1,Constructor
r.FastVRam.VelocityFlat,1,Constructor
r.FastVRam.VelocityMax,1,Constructor
r.FastVRam.VolumetricFog,1,Constructor
r.FBlueprintContext.VirtualStackAllocator.DecommitMode,0,Constructor
r.FBlueprintContext.VirtualStackAllocatorStackSize,8388608,Constructor
r.FeatureLevelPreview,0,Constructor
r.FilmGrain,1,Constructor
r.FilmGrain.CacheTextureConstants,1,Constructor
r.FilmGrain.SequenceLength,97,Constructor
r.Filter.LoopMode,0,Constructor
r.Filter.SizeScale,1,Scalability
r.FinishCurrentFrame,0,Constructor
r.FirstPerson.SelfShadow,0,Constructor
r.FirstPerson.SelfShadow.BilateralFilterDepthThreshold,1,Constructor
r.FirstPerson.SelfShadow.DownsampleCheckerboardMode,0,Constructor
r.FirstPerson.SelfShadow.LightTypes,0,Constructor
r.FirstPerson.SelfShadow.MaxHZBTraceIterations,512,Constructor
r.FirstPerson.SelfShadow.MaxTraceDistance,100,Constructor
r.FirstPerson.SelfShadow.MinimumHZBTraceOccupancy,0,Constructor
r.FirstPerson.SelfShadow.RawFullResolution,0,Constructor
r.FirstPerson.SelfShadow.RelativeDepthThickness,0.2,Constructor
r.FirstPerson.Shadow.Virtual.Clipmap,true,Constructor
r.FirstPerson.Shadow.Virtual.Clipmap.FirstLevel,8,Constructor
r.FirstPerson.Shadow.Virtual.Clipmap.LastLevel,18,Constructor
r.FirstPerson.Shadow.Virtual.Clipmap.PixelRequestBias,2,Constructor
r.FirstPerson.Shadow.Virtual.Clipmap.RequestMinLevelClamp,8,Constructor
r.FlushRHIThreadOnSTreamingTextureLocks,0,Constructor
r.Fog,1,Constructor
r.Fog.ScreenSpaceScattering,1,Constructor
r.Fog.ScreenSpaceScattering.MaxExposedLuminance,10,Constructor
r.Fog.ScreenSpaceScattering.TAA,1,Constructor
r.Fog.SeparateComposition,-1,Scalability
r.FogUseDepthBounds,true,Constructor
r.ForceAllCoresForShaderCompiling,0,Constructor
r.ForceDebugViewModes,0,Constructor
r.ForceGCOnPreviewSceneExit,true,Constructor
r.ForceHighestMipOnUITextures,0,Constructor
r.ForceLOD,-1,Constructor
r.ForceLODShadow,-1,Constructor
r.ForcePreferredRHISupport,false,Constructor
r.ForceRetileTextures,0,Constructor
r.ForceSceneHasDecals,0,Constructor
r.ForceStartInVR,0,Constructor
r.Forward.LightBuffer.Mode,1,Constructor
r.Forward.LightGridAsyncCompute,false,Constructor
r.Forward.LightGridDebug,0,Constructor
r.Forward.LightGridDebug.MaxThreshold,8,Constructor
r.Forward.LightGridDebug.RectLightBounds,1,Constructor
r.Forward.LightGridHZBCull,1,Constructor
r.Forward.LightGridPixelSize,64,Constructor
r.Forward.LightGridSizeZ,32,Constructor
r.Forward.LightLinkedListCulling,1,Constructor
r.Forward.MaxCulledLightsPerCell,32,Constructor
r.ForwardShading,0,Constructor
r.ForwardShading.ForceSkyLightCubemapBlending,0,Constructor
r.FramesToExpandNewlyOcclusionTestedBBoxes,2,Constructor
r.FreeSkeletalMeshBuffers,0,Constructor
r.FreezeMouseCursor,0,Constructor
r.FrontLayerTranslucency.DepthThreshold,1024,Constructor
r.FrontLayerTranslucency.IndirectTileClassificationDispatch,true,Constructor
r.FullScreenMode,1,GameSetting
r.FXAA.Quality,4,Scalability
r.Gamma,1,Constructor
r.GaussianBloom.Cross,0,Constructor
r.GBufferDiffuseSampleOcclusion,0,Constructor
r.GBufferFormat,1,Constructor
r.GC.ISMPool.ComponentFreeListTargetSize,50,Constructor
r.GC.ISMPool.ComponentKeepAlive,false,Constructor
r.GC.ISMPool.ComponentRecycle,true,Constructor
r.GC.ISMPool.ShadowCopyCustomData,false,Constructor
r.GeneralPurposeTweak,1,Constructor
r.GeneralPurposeTweak2,1,Constructor
r.GenerateMeshDistanceFields,1,ProjectSetting
r.GeometryCacheSceneProxy.ISPC,true,Constructor
r.GeometryCollection.CustomRenderer.ForceBreak,-1,Constructor
r.GeometryCollection.Nanite,1,Constructor
r.GeometryCollection.UseCachedMDCs,true,Constructor
r.GeometryCollectionSetDynamicData.ISPC,true,Constructor
r.GeometryCollectionTripleBufferUploads,1,Constructor
r.GFramesNotOcclusionTestedToExpandBBoxes,5,Constructor
r.GlobalDistanceField.Debug.DrawModifiedPrimitives,0,Constructor
r.GlobalDistanceField.Debug.ForceMovementUpdate,0,Constructor
r.GlobalDistanceField.Debug.LogModifiedPrimitives,0,Constructor
r.GlobalDistanceField.Debug.ShowStats,false,Constructor
r.GlobalDistanceField.DetailedNecessitySufficient,0,Constructor
r.GlobalDistanceFieldHeightFieldThicknessScale,4,Constructor
r.GlobalIllumination.Denoiser.HistoryConvolution.KernelSpreadFactor,3,Constructor
r.GlobalIllumination.Denoiser.HistoryConvolution.SampleCount,1,Constructor
r.GlobalIllumination.Denoiser.PreConvolution,1,Constructor
r.GlobalIllumination.Denoiser.ReconstructionSamples,16,Constructor
r.GlobalIllumination.Denoiser.TemporalAccumulation,1,Constructor
r.GlobalTextureLODBias,0,Constructor
r.GPUCrashDebugging,0,ProjectSetting
r.GPUCrashDebugging.Aftermath,1,Constructor
r.GPUCrashDebugging.Aftermath.Callstack,0,Constructor
r.GPUCrashDebugging.Aftermath.DumpProcessWaitTime,10,Constructor
r.GPUCrashDebugging.Aftermath.DumpShaderDebugInfo,0,Constructor
r.GPUCrashDebugging.Aftermath.DumpStartWaitTime,3,Constructor
r.GPUCrashDebugging.Aftermath.LateShaderAssociations.FrameLimit,10,Constructor
r.GPUCrashDebugging.Aftermath.LateShaderAssociations.TimeLimit,7.5,Constructor
r.GPUCrashDebugging.Aftermath.Markers,0,Constructor
r.GPUCrashDebugging.Aftermath.ResourceTracking,0,Constructor
r.GPUCrashDebugging.Aftermath.ShaderErrorReporting,0,Constructor
r.GPUCrashDebugging.Aftermath.ShaderRegistration,1,Constructor
r.GPUCrashDebugging.Aftermath.TrackAll,0,Constructor
r.GPUCrashDebugging.Breadcrumbs,1,Constructor
r.GPUCrashDebugging.IntelCrashDumps,0,Constructor
r.GPUCrashDebugging.IntelCrashDumps.Callstack,0,Constructor
r.GPUCrashDebugging.IntelCrashDumps.DumpWaitTime,10,Constructor
r.GPUCrashDebugging.IntelCrashDumps.Markers,1,Constructor
r.GPUCrashDebugging.IntelCrashDumps.ResourceTracking,0,Constructor
r.GPUCrashOnOutOfMemory,0,Constructor
r.GPUCsvStatsEnabled,0,Constructor
r.GPUDefrag.AllowOverlappedMoves,1,Constructor
r.GPUDefrag.EnableTimeLimits,1,Constructor
r.GPUDefrag.MaxRelocations,10,Constructor
r.GPUMessage.LogAllMessages,0,Constructor
r.GPUMessage.MaxBufferSize,64,Constructor
r.GPUParticle.FixDeltaSeconds,0.0333333,Constructor
r.GPUParticle.FixTolerance,0.1,Constructor
r.GPUParticle.MaxNumIterations,3,Constructor
r.GPUParticle.Simulate,1,Constructor
r.GPUScene.DebugDrawRange,-1,Constructor
r.GPUScene.DebugMode,0,Constructor
r.GPUScene.InstanceDataTileSizeLog2,12,Constructor
r.GPUScene.Lights.AsyncSetup,1,Constructor
r.GPUScene.MaxPooledUploadBufferSize,256000,Constructor
r.GPUScene.ParallelUpdate,2048,Constructor
r.GPUScene.UploadEveryFrame,0,Constructor
r.GPUScene.UseGrowOnlyAllocationPolicy,0,Constructor
r.GPUScene.UseReservedResources,true,Constructor
r.GPUScene.ViewDistanceScaleWorkaround,true,Constructor
r.GPUSkin.AlwaysUseDeformerForUnlimitedBoneInfluences,false,Constructor
r.GPUSkin.BoneTransformAllocationMode,1,Constructor
r.GPUSkin.CopyBones.ISPC,false,Constructor
r.GPUSkin.Limit2BoneInfluences,0,Constructor
r.GPUSkin.Support16BitBoneIndex,0,Constructor
r.GPUSkin.UnlimitedBoneInfluences,0,Constructor
r.GPUSkin.UnlimitedBoneInfluencesThreshold,8,Constructor
r.GPUSkin.UseSceneExtension,true,Constructor
r.GraphicsAdapter,-1,Constructor
r.grass.DensityQualityLevel,-1,Constructor
r.grass.ShowBothPerQualityAndPerPlaformProperties,false,Constructor
r.GTAO.Downsample,0,Constructor
r.GTAO.FalloffEnd,200,Constructor
r.GTAO.FalloffStartRatio,0.5,Constructor
r.GTAO.FilterWidth,5,Constructor
r.GTAO.NumAngles,2,Constructor
r.GTAO.PauseJitter,0,Constructor
r.GTAO.SpatialFilter,1,Constructor
r.GTAO.TemporalFilter,1,Constructor
r.GTAO.ThicknessBlend,0.5,Constructor
r.GTAO.Upsample,1,Constructor
r.GTAO.UseNormals,0,Constructor
r.GTSyncType,0,Constructor
r.HairStrands.AsyncLoad,0,Constructor
r.HairStrands.AutoLOD.Bias,0.1,Constructor
r.HairStrands.AutoLOD.Force,0,Constructor
r.HairStrands.Binding,1,Constructor
r.HairStrands.Binding.DelayBindingDataRelease,1,Constructor
r.HairStrands.BindingValidation,0,Constructor
r.HairStrands.BoundMode,0,Constructor
r.HairStrands.Cards,1,Constructor
r.HairStrands.Cards.BulkData.AsyncLoading,-1,Constructor
r.HairStrands.Cards.CoverageBias,0,Constructor
r.HairStrands.Cards.DebugAtlas,0,Constructor
r.HairStrands.Cards.InterpolationType,1,Constructor
r.HairStrands.ClusterBuilder.MaxVoxelResolution,256,Constructor
r.HairStrands.Components.GlobalScattering,1,Constructor
r.HairStrands.Components.LocalScattering,1,Constructor
r.HairStrands.Components.R,1,Constructor
r.HairStrands.Components.TRT,1,Constructor
r.HairStrands.Components.TT,1,Constructor
r.HairStrands.Components.TTModel,0,Constructor
r.HairStrands.ComposeAfterTranslucency,1,Constructor
r.HairStrands.CompressedPosition,0,Constructor
r.HairStrands.ContinuousDecimationReordering,0,Constructor
r.HairStrands.DDCLog,0,Constructor
r.HairStrands.Debug.EnableProxyInstanceTransform,false,Constructor
r.HairStrands.DebugData.MaxSegmentPerVoxel,2048,Constructor
r.HairStrands.DebugData.VoxelSize,0.3,Constructor
r.HairStrands.DeepShadow.AABBScale,1,Constructor
r.HairStrands.DeepShadow.DebugDOMIndex,0,Constructor
r.HairStrands.DeepShadow.DebugDOMScale,20,Constructor
r.HairStrands.DeepShadow.DebugMode,0,Constructor
r.HairStrands.DeepShadow.DensityScale,2,Constructor
r.HairStrands.DeepShadow.DepthBiasScale,0.05,Constructor
r.HairStrands.DeepShadow.InjectVoxelDepth,0,Constructor
r.HairStrands.DeepShadow.KernelAperture,1,Constructor
r.HairStrands.DeepShadow.KernelType,2,Constructor
r.HairStrands.DeepShadow.MaxFrustumAngle,90,Constructor
r.HairStrands.DeepShadow.MinResolution,64,Constructor
r.HairStrands.DeepShadow.MipTraversal,1,Constructor
r.HairStrands.DeepShadow.RandomType,2,Constructor
r.HairStrands.DeepShadow.Resolution,2048,Constructor
r.HairStrands.DeepShadow.ScreenTraceLength,10,Constructor
r.HairStrands.DeepShadow.ShadowMaskKernelType,4,Constructor
r.HairStrands.DeepShadow.ShadowMaskPassType,1,Constructor
r.HairStrands.DeepShadow.SuperSampling,0,Constructor
r.HairStrands.DeepShadow.UseScreenTrace,1,Constructor
r.HairStrands.DOFDepth,1,Constructor
r.HairStrands.DualScatteringRoughness,0,Constructor
r.HairStrands.Dump,0,Constructor
r.HairStrands.Dump.GroomAsset,0,Constructor
r.HairStrands.Dump.GroomBindingAsset,0,Constructor
r.HairStrands.Dump.GroomComponent,0,Constructor
r.HairStrands.Edit.TestCase,0,Constructor
r.HairStrands.Enable,1,Constructor
r.HairStrands.EnableAdaptiveSubsteps,0,Constructor
r.HairStrands.ForceVelocityOutput,0,Constructor
r.HairStrands.HairGroupBuilder.MaxVoxelResolution,64,Constructor
r.HairStrands.HairLUT.AbsorptionCount,16,Constructor
r.HairStrands.HairLUT.IncidentAngleCount,64,Constructor
r.HairStrands.HairLUT.RoughnessCount,64,Constructor
r.HairStrands.HairLUT.SampleCountScale,1,Constructor
r.HairStrands.HoldoutMode,1,Constructor
r.HairStrands.Interoplation.FrustumCulling,1,Constructor
r.HairStrands.Interpolation.Debug,0,Constructor
r.HairStrands.InterpolationMetric.Angle,0,Constructor
r.HairStrands.InterpolationMetric.AngleAttenuation,5,Constructor
r.HairStrands.InterpolationMetric.Distance,1,Constructor
r.HairStrands.InterpolationMetric.Length,0,Constructor
r.HairStrands.LightFunction,1,Constructor
r.HairStrands.Lighting.AllowOneTransmittancePass,1,Constructor
r.HairStrands.Lighting.SimpleLights,1,Constructor
r.HairStrands.LightSampleFormat,1,Constructor
r.HairStrands.LoadAsset,1,Constructor
r.HairStrands.LODMode,1,Constructor
r.HairStrands.Log,-1,Constructor
r.HairStrands.Log.BindingBuilderWarning,1,Constructor
r.HairStrands.ManualSkinCache,1,Constructor
r.HairStrands.MaterialCompaction.DepthThreshold,1,Constructor
r.HairStrands.MaterialCompaction.TangentThreshold,10,Constructor
r.HairStrands.MaxSimulatedLOD,-1,Constructor
r.HairStrands.Meshes,1,Constructor
r.HairStrands.MeshProjection,0,Constructor
r.HairStrands.MeshProjection.DebugInUVsSpace,0,Constructor
r.HairStrands.MeshProjection.Render.Deformed.Frames,1,Constructor
r.HairStrands.MeshProjection.Render.Deformed.Triangles,0,Constructor
r.HairStrands.MeshProjection.Render.Rest.Frames,0,Constructor
r.HairStrands.MeshProjection.Render.Rest.Triangles,0,Constructor
r.HairStrands.MeshProjection.Sim.Deformed.Frames,0,Constructor
r.HairStrands.MeshProjection.Sim.Deformed.Samples,0,Constructor
r.HairStrands.MeshProjection.Sim.Deformed.Triangles,0,Constructor
r.HairStrands.MeshProjection.Sim.Rest.Frames,0,Constructor
r.HairStrands.MeshProjection.Sim.Rest.Samples,0,Constructor
r.HairStrands.MeshProjection.Sim.Rest.Triangles,0,Constructor
r.HairStrands.MinLOD,0,Constructor
r.HairStrands.Nanite,0,Constructor
r.HairStrands.Nanite.MaxPointPerCurve,32,Constructor
r.HairStrands.Nanite.ProceduralShape,0,Constructor
r.HairStrands.PathTracing.InvalidationDebug,0,Constructor
r.HairStrands.PathTracing.InvalidationThreshold,0.05,Constructor
r.HairStrands.Projection.MaxTrianglePerIteration,8,Constructor
r.HairStrands.RasterizationScale,0.5,Constructor
r.HairStrands.Raytracing,1,Constructor
r.HairStrands.Raytracing.EnableLinearSweptSpheres,1,Constructor
r.HairStrands.Raytracing.MaxMemoryPerInstance,2048,Constructor
r.HairStrands.RaytracingProceduralSplits,4,Constructor
r.HairStrands.RaytracingRadiusScale,0,Constructor
r.HairStrands.RBFLocalSpace,1,Constructor
r.HairStrands.RectLightingOptim,1,Constructor
r.HairStrands.ReimportGroupRemapping,1,Constructor
r.HairStrands.ReleaseResourceBeforeBuildingData,1,Constructor
r.HairStrands.ScatterSceneLighting,0,Constructor
r.HairStrands.Selection.CoverageThreshold,0,Constructor
r.HairStrands.Shadow.CastShadowWhenNonVisible,1,Constructor
r.HairStrands.Shadow.CullPerObjectShadowCaster,1,Constructor
r.HairStrands.ShadowRasterizationScale,1,Constructor
r.HairStrands.Simulation,1,Constructor
r.HairStrands.Simulation.ResetAll,0,Constructor
r.HairStrands.SimulationMaxDelay,4,Constructor
r.HairStrands.SimulationRestUpdate,0,Constructor
r.HairStrands.SkyAO,1,Constructor
r.HairStrands.SkyAO.DistanceThreshold,10,Constructor
r.HairStrands.SkyAO.SampleCount,4,Scalability
r.HairStrands.SkyLighting,1,Constructor
r.HairStrands.SkyLighting.ConeAngle,3,Constructor
r.HairStrands.SkyLighting.DistanceThreshold,10,Constructor
r.HairStrands.SkyLighting.IntegrationType,2,Scalability
r.HairStrands.SkyLighting.SampleCount,16,Constructor
r.HairStrands.SkyLighting.ScreenTraceOcclusion,0,Constructor
r.HairStrands.SkyLighting.TransmissionDensityScale,10,Constructor
r.HairStrands.SkyLighting.UseViewHairCount,1,Constructor
r.HairStrands.StableRasterizationScale,1,Constructor
r.HairStrands.Strands,1,Constructor
r.HairStrands.Strands.AddDeformerStrandsDisplacement,0,Constructor
r.HairStrands.Strands.BindingDataValidation,0,Constructor
r.HairStrands.Strands.BulkData.AsyncLoading,-1,Constructor
r.HairStrands.Strands.BulkData.ReleaseAfterUse,0,Constructor
r.HairStrands.Strands.BulkData.Validation,1,Constructor
r.HairStrands.Strands.Interpolation.ForceSingleGuide,1,Constructor
r.HairStrands.Strands.MotionVectorCheckViewID,1,Constructor
r.HairStrands.Strands.Raytracing.ForceRebuildBVH,1,Constructor
r.HairStrands.Strands.ScaleHairRadiusByTransform,1,Constructor
r.HairStrands.Strands.TransferPrevPos,0,Constructor
r.HairStrands.Strands.UseTriangleStrips,1,Constructor
r.HairStrands.StrandWidth,0,Constructor
r.HairStrands.Streaming,0,Constructor
r.HairStrands.Streaming.CurvePage,2048,Constructor
r.HairStrands.Streaming.Prediction,false,Constructor
r.HairStrands.Streaming.StreamOutThreshold,2,Constructor
r.HairStrands.SwapType,2,Constructor
r.HairStrands.UpdateGroupNames,0,Constructor
r.HairStrands.UseAttachedSimulationComponents,0,Constructor
r.HairStrands.UseCardsInsteadOfStrands,0,Constructor
r.HairStrands.UseGPUPositionOffset,1,Constructor
r.HairStrands.UseParallelGDME,0,Constructor
r.HairStrands.UseProxyLocalToWorld,true,Constructor
r.HairStrands.VelocityMagnitudeScale,100,Constructor
r.HairStrands.VelocityRasterizationScale,1.5,Constructor
r.HairStrands.VelocityThreshold,1,Constructor
r.HairStrands.VelocityType,1,Constructor
r.HairStrands.ViewMode,0,Constructor
r.HairStrands.ViewMode.ClumpIndex,0,Constructor
r.HairStrands.Visibility.Clear,0,Constructor
r.HairStrands.Visibility.Compute.MeanSamplePerPixel,0.75,Constructor
r.HairStrands.Visibility.Compute.SamplePerPixel,1,Constructor
r.HairStrands.Visibility.ComputeRaster,0,Constructor
r.HairStrands.Visibility.ComputeRaster.ContinuousLOD,1,Constructor
r.HairStrands.Visibility.ComputeRaster.Culling,0,Constructor
r.HairStrands.Visibility.ComputeRaster.Debug,0,Constructor
r.HairStrands.Visibility.ComputeRaster.MaxTiles,65536,Constructor
r.HairStrands.Visibility.ComputeRaster.NumBinners,32,Constructor
r.HairStrands.Visibility.ComputeRaster.NumRasterizers,256,Constructor
r.HairStrands.Visibility.ComputeRaster.NumRasterizersNaive,256,Constructor
r.HairStrands.Visibility.ComputeRaster.TileSize,32,Constructor
r.HairStrands.Visibility.FullCoverageThreshold,0.98,Constructor
r.HairStrands.Visibility.HairCount.DistanceThreshold,30,Constructor
r.HairStrands.Visibility.HWSWClassifaction,0,Constructor
r.HairStrands.Visibility.MSAA.MeanSamplePerPixel,0.75,Constructor
r.HairStrands.Visibility.MSAA.SamplePerPixel,4,Scalability
r.HairStrands.Visibility.NonVisibleShadowCasting.CullDistance,2000,Constructor
r.HairStrands.Visibility.NonVisibleShadowCasting.Debug,0,Constructor
r.HairStrands.Visibility.NumClassifiers,32,Constructor
r.HairStrands.Visibility.PPLL,0,Constructor
r.HairStrands.Visibility.PPLL.Debug,0,Constructor
r.HairStrands.Visibility.PPLL.MeanSamplePerPixel,1,Constructor
r.HairStrands.Visibility.PPLL.SamplePerPixel,16,Constructor
r.HairStrands.Visibility.ResolutionScaleAware,1,Constructor
r.HairStrands.Visibility.SortByDepth,0,Constructor
r.HairStrands.Visibility.TileCompaction,0,Constructor
r.HairStrands.Visibility.UpdateSceneHZB,0,Constructor
r.HairStrands.Visibility.UseCoverageMappping,0,Constructor
r.HairStrands.Visibility.UseHWRaster,0,Constructor
r.HairStrands.Visibility.UseNaiveSWRaster,0,Constructor
r.HairStrands.Visibility.WriteVelocityCoverageThreshold,0,Constructor
r.HairStrands.Voxelization,1,Constructor
r.HairStrands.Voxelization.AABBScale,1,Constructor
r.HairStrands.Voxelization.DensityScale,2,Constructor
r.HairStrands.Voxelization.DensityScale.AO,-1,Constructor
r.HairStrands.Voxelization.DensityScale.Environment,-1,Constructor
r.HairStrands.Voxelization.DensityScale.Raytracing,-1,Constructor
r.HairStrands.Voxelization.DensityScale.Shadow,-1,Constructor
r.HairStrands.Voxelization.DensityScale.Transmittance,-1,Constructor
r.HairStrands.Voxelization.DepthBiasScale.Environment,1.8,Constructor
r.HairStrands.Voxelization.DepthBiasScale.Light,3,Constructor
r.HairStrands.Voxelization.DepthBiasScale.Shadow,2,Constructor
r.HairStrands.Voxelization.DepthBiasScale.Transmittance,3,Constructor
r.HairStrands.Voxelization.ForceTransmittanceAndShadow,0,Constructor
r.HairStrands.Voxelization.GPUDriven,1,Constructor
r.HairStrands.Voxelization.GPUDriven.MaxPageIndexResolution,64,Constructor
r.HairStrands.Voxelization.GPUDriven.MinPageIndexResolution,32,Constructor
r.HairStrands.Voxelization.InjectOpaque.BiasCount,3,Constructor
r.HairStrands.Voxelization.InjectOpaque.MarkCount,6,Constructor
r.HairStrands.Voxelization.InjectOpaqueDepth,1,Constructor
r.HairStrands.Voxelization.Raymarching.SteppingScale,1.15,Constructor
r.HairStrands.Voxelization.Raymarching.SteppingScale.Environment,-1,Constructor
r.HairStrands.Voxelization.Raymarching.SteppingScale.Raytracing,-1,Constructor
r.HairStrands.Voxelization.Raymarching.SteppingScale.Shadow,-1,Constructor
r.HairStrands.Voxelization.Raymarching.SteppingScale.Transmission,-1,Constructor
r.HairStrands.Voxelization.Virtual,1,Constructor
r.HairStrands.Voxelization.Virtual.Adaptive,1,Constructor
r.HairStrands.Voxelization.Virtual.Adaptive.CorrectionSpeed,0.1,Constructor
r.HairStrands.Voxelization.Virtual.Adaptive.CorrectionThreshold,0.9,Constructor
r.HairStrands.Voxelization.Virtual.ComputeRasterMaxVoxelCount,32,Constructor
r.HairStrands.Voxelization.Virtual.DebugTraversalType,0,Constructor
r.HairStrands.Voxelization.Virtual.InvalidateEmptyPageIndex,1,Constructor
r.HairStrands.Voxelization.Virtual.Jitter,1,Constructor
r.HairStrands.Voxelization.Virtual.VoxelPageCountPerDim,14,Constructor
r.HairStrands.Voxelization.Virtual.VoxelPageResolution,32,Constructor
r.HairStrands.Voxelization.Virtual.VoxelWorldSize,0.3,Constructor
r.HairStrands.Voxelization.VoxelSizeInPixel,1,Constructor
r.HairStrands.WriteGBufferData,1,Constructor
r.HalfResDepthNoFastClear,1,Constructor
r.HDR.Aces.GamutCompression,0,Constructor
r.HDR.Aces.SceneColorMultiplier,1.5,Constructor
r.HDR.Aces.Version,2,Constructor
r.HDR.Display.ColorGamut,0,Constructor
r.HDR.Display.MaxLuminance,0,Constructor
r.HDR.Display.MidLuminance,15,Constructor
r.HDR.Display.MinLuminanceLog10,-4,Constructor
r.HDR.Display.OutputDevice,0,Constructor
r.HDR.Display.OverrideOSMaxLuminance,false,Code
r.HDR.EnableHDROutput,0,GameSetting
r.HDR.PaperWhite,203,Code
r.HDR.PaperWhite.Mode,0,Constructor
r.HDR.UI.CompositeBlend,0,Constructor
r.HDR.UI.CompositeBlend.Gamma,2.4,Constructor
r.HDR.UI.CompositeEOTF,0,Constructor
r.HDR.UI.CompositeEOTF.Gamma,2.4,Constructor
r.HDR.UI.CompositeMode,1,Constructor
r.HDR.UI.Level,1,Constructor
r.HDR.UI.Luminance,203,Code
r.HDR.UI.Luminance.Mode,0,Code
r.HeightFields.AtlasDimInTiles,16,Constructor
r.HeightFields.AtlasDownSampleLevel,2,Constructor
r.HeightFields.AtlasTileSize,64,Constructor
r.HeightFields.VisibilityAtlasDimInTiles,8,Constructor
r.HeightFields.VisibilityAtlasDownSampleLevel,2,Constructor
r.HeightFields.VisibilityAtlasTileSize,64,Constructor
r.HeightFieldShadowing,0,Constructor
r.HeterogeneousVolumes,1,Constructor
r.HeterogeneousVolumes.Allowed,1,Scalability
r.HeterogeneousVolumes.AmbientOcclusion,0,Constructor
r.HeterogeneousVolumes.AmbientOcclusion.DownsampleFactor,4,Constructor
r.HeterogeneousVolumes.AmbientOcclusion.MaxStepCount,64,Constructor
r.HeterogeneousVolumes.AmbientOcclusion.MaxTraceDistance,1000,Constructor
r.HeterogeneousVolumes.AmbientOcclusion.RayCount.X,4,Constructor
r.HeterogeneousVolumes.AmbientOcclusion.RayCount.Y,4,Constructor
r.HeterogeneousVolumes.ApplyFogInscattering,2,Constructor
r.HeterogeneousVolumes.CLOD,1,Constructor
r.HeterogeneousVolumes.CLOD.Bias,0,Constructor
r.HeterogeneousVolumes.CompositeWithTranslucency.Refraction.TransmittanceThreshold,0.9,Constructor
r.HeterogeneousVolumes.CompositeWithTranslucency.Refraction.UseAVSM,1,Constructor
r.HeterogeneousVolumes.Composition,0,Constructor
r.HeterogeneousVolumes.Debug,0,Constructor
r.HeterogeneousVolumes.Debug.MarchingMode,1,Constructor
r.HeterogeneousVolumes.DepthSort,1,Constructor
r.HeterogeneousVolumes.DownsampleFactor,2,Scalability
r.HeterogeneousVolumes.Filter,2,Constructor
r.HeterogeneousVolumes.Filter.Width,3,Constructor
r.HeterogeneousVolumes.FrustumGrid,1,Constructor
r.HeterogeneousVolumes.FrustumGrid.DepthSliceCount,512,Constructor
r.HeterogeneousVolumes.FrustumGrid.FarPlaneDistance,-1,Constructor
r.HeterogeneousVolumes.FrustumGrid.MaxBottomLevelMemoryInMegabytes,128,Constructor
r.HeterogeneousVolumes.FrustumGrid.NearPlaneDistance,1,Constructor
r.HeterogeneousVolumes.FrustumGrid.ShadingRate,4,Constructor
r.HeterogeneousVolumes.HardwareRayTracing,0,Constructor
r.HeterogeneousVolumes.HeightFog,1,Constructor
r.HeterogeneousVolumes.IndirectLighting,0,Constructor
r.HeterogeneousVolumes.IndirectLighting.Mode,0,Constructor
r.HeterogeneousVolumes.Jitter,1,Constructor
r.HeterogeneousVolumes.LightingCache,2,Constructor
r.HeterogeneousVolumes.LightingCache.BoundsCulling,1,Constructor
r.HeterogeneousVolumes.LightingCache.DownsampleFactor,0,Constructor
r.HeterogeneousVolumes.LightingCache.UseAVSM,0,Constructor
r.HeterogeneousVolumes.LightType.Directional,true,Constructor
r.HeterogeneousVolumes.LightType.Point,true,Constructor
r.HeterogeneousVolumes.LightType.Rect,true,Constructor
r.HeterogeneousVolumes.LightType.Spot,true,Constructor
r.HeterogeneousVolumes.LiveShading.ScreenTileClassification,0,Constructor
r.HeterogeneousVolumes.Majorant.Flush,0,Constructor
r.HeterogeneousVolumes.Majorant.Resolution,64,Constructor
r.HeterogeneousVolumes.MaxShadowTraceDistance,30000,Constructor
r.HeterogeneousVolumes.MaxStepCount,256,Scalability
r.HeterogeneousVolumes.MaxTraceDistance,30000,Constructor
r.HeterogeneousVolumes.OrthoGrid,1,Constructor
r.HeterogeneousVolumes.OrthoGrid.MaxBottomLevelMemoryInMegabytes,128,Constructor
r.HeterogeneousVolumes.OrthoGrid.ShadingRate,4,Constructor
r.HeterogeneousVolumes.OrthoGrid.VoxelizationMode,1,Constructor
r.HeterogeneousVolumes.Preshading,0,Constructor
r.HeterogeneousVolumes.Preshading.CLOD,1,Constructor
r.HeterogeneousVolumes.Preshading.MipLevel,0,Constructor
r.HeterogeneousVolumes.Preshading.PixelFormat,2,Constructor
r.HeterogeneousVolumes.ReferenceFastPath,false,Constructor
r.HeterogeneousVolumes.Scalability,3,Constructor
r.HeterogeneousVolumes.Shadows,0,Constructor
r.HeterogeneousVolumes.Shadows.AbsoluteErrorThreshold,0,Constructor
r.HeterogeneousVolumes.Shadows.CameraDownsampleFactor,2,Constructor
r.HeterogeneousVolumes.Shadows.Cascades,1,Constructor
r.HeterogeneousVolumes.Shadows.Cascades.PixelSnapping,16,Constructor
r.HeterogeneousVolumes.Shadows.DebugTweak,0,Constructor
r.HeterogeneousVolumes.Shadows.Jitter,0,Constructor
r.HeterogeneousVolumes.Shadows.LightType.Directional,true,Constructor
r.HeterogeneousVolumes.Shadows.LightType.Point,true,Constructor
r.HeterogeneousVolumes.Shadows.LightType.Rect,true,Constructor
r.HeterogeneousVolumes.Shadows.LightType.Spot,true,Constructor
r.HeterogeneousVolumes.Shadows.MaxSampleCount,8,Constructor
r.HeterogeneousVolumes.Shadows.NearClippingDistance,1,Constructor
r.HeterogeneousVolumes.Shadows.OutOfFrustumShadingRate,2,Constructor
r.HeterogeneousVolumes.Shadows.Pipeline,0,Constructor
r.HeterogeneousVolumes.Shadows.Precision,0,Scalability
r.HeterogeneousVolumes.Shadows.RelativeErrorThreshold,0.05,Constructor
r.HeterogeneousVolumes.Shadows.Resolution,512,Scalability
r.HeterogeneousVolumes.Shadows.ShadingRate,1,Constructor
r.HeterogeneousVolumes.Shadows.StepSize,2,Constructor
r.HeterogeneousVolumes.Shadows.Type,1,Constructor
r.HeterogeneousVolumes.Shadows.UseAVSMCompression,1,Constructor
r.HeterogeneousVolumes.Shadows.UseCameraSceneDepth,0,Constructor
r.HeterogeneousVolumes.ShadowStepSize,-1,Constructor
r.HeterogeneousVolumes.SparseVoxel,0,Constructor
r.HeterogeneousVolumes.SparseVoxel.GenerationMipBias,0,Constructor
r.HeterogeneousVolumes.SparseVoxel.PerTileCulling,0,Constructor
r.HeterogeneousVolumes.SparseVoxel.Refinement,0,Constructor
r.HeterogeneousVolumes.StepSize,-1,Constructor
r.HeterogeneousVolumes.StochasticFiltering,3,Constructor
r.HeterogeneousVolumes.SupportOverlappingVolumes,0,Constructor
r.HeterogeneousVolumes.Tessellation.BottomLevelGrid.HomogeneousAggregation,1,Constructor
r.HeterogeneousVolumes.Tessellation.BottomLevelGrid.HomogeneousAggregationThreshold,0.001,Constructor
r.HeterogeneousVolumes.Tessellation.BottomLevelGrid.Resolution,4,Constructor
r.HeterogeneousVolumes.Tessellation.BottomLevelGrid.VoxelHashing,0,Constructor
r.HeterogeneousVolumes.Tessellation.BottomLevelGrid.VoxelHashingMemoryInMegabytes,64,Constructor
r.HeterogeneousVolumes.Tessellation.FarPlaneAutoTransition,1,Constructor
r.HeterogeneousVolumes.Tessellation.IndirectionGrid,1,Constructor
r.HeterogeneousVolumes.Tessellation.IndirectionGrid.Resolution,4,Constructor
r.HeterogeneousVolumes.Tessellation.Jitter,1,Constructor
r.HeterogeneousVolumes.Tessellation.MajorantGrid,1,Constructor
r.HeterogeneousVolumes.Tessellation.MajorantGrid.Max,0,Constructor
r.HeterogeneousVolumes.Tessellation.MinimumVoxelSizeInFrustum,0.1,Constructor
r.HeterogeneousVolumes.Tessellation.MinimumVoxelSizeOutsideFrustum,100,Constructor
r.HeterogeneousVolumes.Tessellation.TopLevelBitmask,0,Constructor
r.HeterogeneousVolumes.Upsample,2,Constructor
r.HeterogeneousVolumes.UseAnalyticDerivatives,0,Constructor
r.HeterogeneousVolumes.UseExistenceMask,0,Scalability
r.HeterogeneousVolumes.Velocity,0,Constructor
r.HeterogeneousVolumes.VolumeResolution.X,0,Constructor
r.HeterogeneousVolumes.VolumeResolution.Y,0,Constructor
r.HeterogeneousVolumes.VolumeResolution.Z,0,Constructor
r.HeterogeneousVolumes.VolumetricFog,1,Constructor
r.HFShadowAverageObjectsPerCullTile,16,Constructor
r.HFShadowQuality,2,Constructor
r.HighQualityLightMaps,1,Constructor
r.HighResScreenshot.AdditionalCmds,,Constructor
r.HighResScreenshotDelay,4,Constructor
r.Histogram.UseAtomic,1,Constructor
r.HitProxy.CaptureNextUpdate,0,Constructor
r.HLOD.DistanceOverride,0.0,Constructor
r.HLOD.DistanceOverrideScale,,Constructor
r.HLOD.DitherPauseTime,0.5,Constructor
r.HLOD.ForceDisableCastDynamicShadow,0,Constructor
r.HLOD.MaximumLevel,-1,Constructor
r.HZB.BuildUseCompute,1,Constructor
r.HZB.UseUpperBoundViewRect,1,Constructor
r.HZBOcclusion,0,Constructor
r.IESAtlas.Debug,0,Constructor
r.IESAtlas.ForceUpdate,0,Constructor
r.IESAtlas.MaxProfileCount,32,Constructor
r.IESAtlas.Resolution,256,Constructor
r.IgnorePerformanceModeCheck,false,Constructor
r.IncludeNonVirtualTexturedLightmaps,0,Constructor
r.IndirectLightingCache,1,Constructor
r.InstanceCulling.AllowBatchedBuildRenderingCommands,1,Constructor
r.InstanceCulling.AllowInstanceOrderPreservation,1,Constructor
r.InstanceCulling.ForceInstanceCulling,0,Constructor
r.InstanceCulling.OcclusionCull,0,Constructor
r.InstanceCulling.OcclusionQueries,0,Constructor
r.InstanceCulling.UseLoadBalancer,1,Constructor
r.InstanceData.BuildOptimizedForTesting,false,Constructor
r.InstanceData.MinInstanceCountToOptimize,2,Constructor
r.InstanceData.ResetTrackingOnRegister,1,Constructor
r.InstancedSkinnedMeshes.AnimationBounds,1,Constructor
r.InstancedSkinnedMeshes.DebugDraw,false,Constructor
r.InstancedSkinnedMeshes.ForceRefPose,0,Constructor
r.InstancedStaticMeshes.AllowCreateEmpty,0,Constructor
r.InstancedStaticMeshes.ConservativeBounds.Threshold,30,Constructor
r.InstancedStaticMeshes.FetchInstanceCountFromScene,1,Constructor
r.InstancedStaticMeshes.ForceRemoveAtSwap,0,Constructor
r.InstancedStaticMeshes.GpuLod,1,Constructor
r.InstancedStaticMeshes.InvalidateCachedNavigationBoundsOnPartialNavigationUpdates,1,Constructor
r.InstancedStaticMeshes.UseInstancedStaticMeshVertexFactory,false,Constructor
r.InstancedStereoIsMultiViewport,true,Constructor
r.InstanceUpdateTaskDebugDelay,0,Constructor
r.InvertTemporalJitterX,0,Constructor
r.InvertTemporalJitterY,0,Constructor
r.IrisNormal,0,Constructor
r.ISMPool.ClearComponentMeshOnRecycle,true,Constructor
r.ISMPool.ComponentFreeListTargetSize,50,Constructor
r.ISMPool.ComponentKeepAlive,false,Constructor
r.ISMPool.ComponentRecycle,true,Constructor
r.ISMPool.DebugDraw,0,Constructor
r.ISMPool.DebugStats,0,Constructor
r.ISMPool.ShadowCopyCustomData,false,Constructor
r.KeepOverrideVertexColorsOnCPU,1,Constructor
r.Landscape.AllowNanitePerClusterDisplacementDisable,1,Constructor
r.LandscapeLOD0DistributionScale,1,Constructor
r.LandscapeLODDistributionScale,1,Constructor
r.LandscapeUseAsyncTasksForLODComputation,1,Constructor
r.LegacyLuminanceFactors,0,Constructor
r.LensDistortion.AffectScreenPercentage,0,Constructor
r.LensDistortion.LUTScreenPercentage,6.66667,Constructor
r.LensDistortion.Panini.D,0,Constructor
r.LensDistortion.Panini.S,0,Constructor
r.LensDistortion.Panini.ScreenFit,1,Constructor
r.LensFlareQuality,2,Scalability
r.Light.TestMobilityForStaticSceneMembership,1,Constructor
r.LightCulling.MaxDistanceOverrideKilometers,-1,Constructor
r.LightCulling.Quality,1,Constructor
r.LightCulling.TwoLevel,false,Constructor
r.LightCulling.TwoLevel.Exponent,2,Constructor
r.LightCulling.TwoLevel.Threshold,128,Constructor
r.LightCulling.WorkloadDistributionMode,0,Constructor
r.LightFunctionAtlas,1,Constructor
r.LightFunctionAtlas.Format,0,Constructor
r.LightFunctionAtlas.MaxLightCount,-1,Constructor
r.LightFunctionAtlas.Size,4,Constructor
r.LightFunctionAtlas.SlotResolution,128,Constructor
r.LightFunctionQuality,1,Scalability
r.LightGridInjection.UseSpecializationConstants,1,Constructor
r.LightMaxDrawDistanceScale,1,Scalability
r.LightMaxDrawDistanceScale.UseLegacyFadeBehavior_WillBeRemoved,false,Constructor
r.LightShaftAllowTAA,1,Constructor
r.LightShaftBlurPasses,3,Constructor
r.LightShaftDownSampleFactor,2,Constructor
r.LightShaftFirstPassDistance,0.1,Constructor
r.LightShaftNumSamples,12,Constructor
r.LightShaftQuality,1,Scalability
r.LightShaftRenderToSeparateTranslucency,0,Constructor
r.LimitRenderingFeatures,0,Constructor
r.LocalExposure,1,Constructor
r.LocalExposure.ExposureFusion.NumLevels,16,Constructor
r.LocalExposure.ExposureFusion.TargetLuminance,0.5,Constructor
r.LocalExposure.VisualizationMode,0,Constructor
r.LocalFogVolume,1,Constructor
r.LocalFogVolume.ApplyOnTranslucent,0,Constructor
r.LocalFogVolume.GlobalStartDistance,1000,Constructor
r.LocalFogVolume.HalfResolution,0,Constructor
r.LocalFogVolume.MaxDensityIntoVolumetricFog,0.01,Constructor
r.LocalFogVolume.RenderDuringHeightFogPass,0,Constructor
r.LocalFogVolume.RenderIntoVolumetricFog,1,Constructor
r.LocalFogVolume.TileCullingUseAsync,1,Constructor
r.LocalFogVolume.TileDebug,0,Constructor
r.LocalFogVolume.TileMaxInstanceCount,32,Constructor
r.LocalFogVolume.TilePixelSize,128,Constructor
r.LocalFogVolume.UseHZB,1,Constructor
r.LODFadeTime,0.25,Constructor
r.LogShaderCompilerStats,0,Constructor
r.Lumen.AsyncCompute,1,Constructor
r.Lumen.DiffuseIndirect.Allow,1,Scalability
r.Lumen.DiffuseIndirect.AsyncCompute,1,Constructor
r.Lumen.DiffuseIndirect.CardInterpolateInfluenceRadius,10,Constructor
r.Lumen.DiffuseIndirect.CardTraceEndDistanceFromCamera,4000,Constructor
r.Lumen.DiffuseIndirect.CullGridDistributionLogZOffset,1,Constructor
r.Lumen.DiffuseIndirect.CullGridDistributionLogZScale,0.01,Constructor
r.Lumen.DiffuseIndirect.CullGridDistributionZScale,4,Constructor
r.Lumen.DiffuseIndirect.CullGridPixelSize,64,Constructor
r.Lumen.DiffuseIndirect.MeshSDF.AverageCulledCount,512,Constructor
r.Lumen.DiffuseIndirect.MeshSDF.DitheredTransparencyStepThreshold,0.1,Constructor
r.Lumen.DiffuseIndirect.MeshSDF.NotCoveredExpandSurfaceScale,0.6,Constructor
r.Lumen.DiffuseIndirect.MeshSDF.NotCoveredMinStepScale,32,Constructor
r.Lumen.DiffuseIndirect.MeshSDF.RadiusThreshold,30,Constructor
r.Lumen.DiffuseIndirect.MinSampleRadius,10,Constructor
r.Lumen.DiffuseIndirect.MinTraceDistance,0,Constructor
r.Lumen.DiffuseIndirect.SSAO,0,Constructor
r.Lumen.DiffuseIndirect.SurfaceBias,5,Constructor
r.Lumen.DiffuseIndirect.TraceStepFactor,1,Constructor
r.Lumen.FinalGatherMethod,0,SystemSettingsIni
r.Lumen.HardwareRayTracing,1,Constructor
r.Lumen.HardwareRayTracing.AvoidSelfIntersections,3,Constructor
r.Lumen.HardwareRayTracing.FarFieldBias,500,Constructor
r.Lumen.HardwareRayTracing.HitLighting.Allowed,0,Scalability
r.Lumen.HardwareRayTracing.HitLighting.DirectLighting,1,Constructor
r.Lumen.HardwareRayTracing.HitLighting.ForceOpaque,false,Constructor
r.Lumen.HardwareRayTracing.HitLighting.ReflectionCaptures,0,Constructor
r.Lumen.HardwareRayTracing.HitLighting.ShadowMode,2,Constructor
r.Lumen.HardwareRayTracing.HitLighting.ShadowTranslucencyMode,1,Constructor
r.Lumen.HardwareRayTracing.HitLighting.Skylight,2,Constructor
r.Lumen.HardwareRayTracing.Inline,1,Constructor
r.Lumen.HardwareRayTracing.LightingMode,0,Constructor
r.Lumen.HardwareRayTracing.MaxIterations,8192,Constructor
r.Lumen.HardwareRayTracing.MeshSectionVisibilityTest,1,Constructor
r.Lumen.HardwareRayTracing.MinTraceDistanceToSampleSurfaceCache,10,Constructor
r.Lumen.HardwareRayTracing.PullbackBias,8,Constructor
r.Lumen.HardwareRayTracing.ShaderExecutionReordering,true,Constructor
r.Lumen.HardwareRayTracing.SkipBackFaceHitDistance,5,Constructor
r.Lumen.HardwareRayTracing.SkipTwoSidedHitDistance,1,Constructor
r.Lumen.HardwareRayTracing.SurfaceCacheSampling.DepthBias,10,Constructor
r.Lumen.HeightFog,1,Constructor
r.Lumen.HeightFog.MinDistanceForFoggingSky,100000,Constructor
r.Lumen.HeightFogOnGI,0,Constructor
r.Lumen.IrradianceFieldGather.AdaptivePlacement,0,Constructor
r.Lumen.IrradianceFieldGather.AdaptivePlacement.InterpolationFeedbackTileSize,8,Constructor
r.Lumen.IrradianceFieldGather.ClipmapDistributionBase,2,Constructor
r.Lumen.IrradianceFieldGather.ClipmapWorldExtent,10000,SystemSettingsIni
r.Lumen.IrradianceFieldGather.GridResolution,64,Constructor
r.Lumen.IrradianceFieldGather.InterpolateDownsampleFactor,2,Constructor
r.Lumen.IrradianceFieldGather.IrradianceProbeResolution,6,Constructor
r.Lumen.IrradianceFieldGather.MarkProbesDownsampleFactor,2,Constructor
r.Lumen.IrradianceFieldGather.MaxRoughnessToEvaluateRoughSpecular,0.8,Constructor
r.Lumen.IrradianceFieldGather.NumClipmaps,5,SystemSettingsIni
r.Lumen.IrradianceFieldGather.NumMipmaps,3,Constructor
r.Lumen.IrradianceFieldGather.NumProbesToTraceBudget,128,SystemSettingsIni
r.Lumen.IrradianceFieldGather.OcclusionProbeResolution,16,Constructor
r.Lumen.IrradianceFieldGather.ProbeAtlasResolutionInProbes,128,Constructor
r.Lumen.IrradianceFieldGather.ProbeOcclusionBias,0.8,Constructor
r.Lumen.IrradianceFieldGather.ProbeResolution,16,Constructor
r.Lumen.IrradianceFieldGather.RadianceCache.Stats,0,Constructor
r.Lumen.IrradianceFieldGather.ShortRangeAORadius,32,Constructor
r.Lumen.LightingDataFormat,0,Constructor
r.Lumen.Ortho.LumenSceneMinCardResolution,1,Constructor
r.Lumen.Ortho.OverrideMeshDFTraceDistances,1,Constructor
r.Lumen.ProbeHierarchy.SamplePerPixel,8,Constructor
r.Lumen.RadianceCache.DownsampleDistanceFromCamera,4000,Constructor
r.Lumen.RadianceCache.ForceFullUpdate,0,Constructor
r.Lumen.RadianceCache.ForceUniformTraceTileLevel,-1,Constructor
r.Lumen.RadianceCache.HardwareRayTracing,1,Constructor
r.Lumen.RadianceCache.HardwareRayTracing.FarField,1,Constructor
r.Lumen.RadianceCache.IrradianceProbeOffsetMode,1,Constructor
r.Lumen.RadianceCache.OcclusionKernelCosineExponent,128,Constructor
r.Lumen.RadianceCache.ShowBlackRadianceCacheLighting,0,Constructor
r.Lumen.RadianceCache.SortTraceTiles,0,Constructor
r.Lumen.RadianceCache.SpatialFilterMaxRadianceHitAngle,0.2,Constructor
r.Lumen.RadianceCache.SpatialFilterProbes,true,Constructor
r.Lumen.RadianceCache.SupersampleDistanceFromCamera,-1,Constructor
r.Lumen.RadianceCache.SupersampleTileBRDFThreshold,0.1,Constructor
r.Lumen.RadianceCache.TemporaryAtlasDownsampleFactor,6,Constructor
r.Lumen.RadianceCache.Update,1,Constructor
r.Lumen.RadianceCache.Visualize,0,Constructor
r.Lumen.RadianceCache.VisualizeClipmapIndex,-1,Constructor
r.Lumen.RadianceCache.VisualizeRadiusScale,1,Constructor
r.Lumen.Reflections.Allow,1,Scalability
r.Lumen.Reflections.AsyncCompute,0,Constructor
r.Lumen.Reflections.BilateralFilter,1,Constructor
r.Lumen.Reflections.BilateralFilter.DepthWeightScale,10000,Constructor
r.Lumen.Reflections.BilateralFilter.KernelRadius,8,Constructor
r.Lumen.Reflections.BilateralFilter.MaxDisocclusionFrames,2,Constructor
r.Lumen.Reflections.BilateralFilter.NumSamples,4,Constructor
r.Lumen.Reflections.Contrast,1,Constructor
r.Lumen.Reflections.Debug,0,Constructor
r.Lumen.Reflections.DenoiserTonemapRange,10,Constructor
r.Lumen.Reflections.DistantScreenTraces,1,Constructor
r.Lumen.Reflections.DistantScreenTraces.DepthThreshold,2,Constructor
r.Lumen.Reflections.DistantScreenTraces.MaxTraceDistance,200000,Constructor
r.Lumen.Reflections.DistantScreenTraces.StepOffsetBias,0,Constructor
r.Lumen.Reflections.DownsampleCheckerboard,0,Constructor
r.Lumen.Reflections.DownsampleFactor,1,Scalability
r.Lumen.Reflections.FarField.SampleSceneColorNormalTreshold,85,Constructor
r.Lumen.Reflections.FarField.SampleSceneColorRelativeDepthThickness,0.1,Constructor
r.Lumen.Reflections.FixedStateFrameIndex,-1,Constructor
r.Lumen.Reflections.GGXSamplingBias,0.1,Constructor
r.Lumen.Reflections.HairStrands.ScreenTrace,1,Constructor
r.Lumen.Reflections.HairStrands.VoxelTrace,1,Constructor
r.Lumen.Reflections.HardwareRayTracing,1,Constructor
r.Lumen.Reflections.HardwareRayTracing.Bias,0.1,Constructor
r.Lumen.Reflections.HardwareRayTracing.BucketMaterials,1,Constructor
r.Lumen.Reflections.HardwareRayTracing.FarField,1,Constructor
r.Lumen.Reflections.HardwareRayTracing.FirstPersonMinimumHitDistance,4,Constructor
r.Lumen.Reflections.HardwareRayTracing.HitLighting,0,Constructor
r.Lumen.Reflections.HardwareRayTracing.NormalBias,0.1,Constructor
r.Lumen.Reflections.HardwareRayTracing.Translucent.MaxRefractionBounces,0,Constructor
r.Lumen.Reflections.HardwareRayTracing.Translucent.Refraction.EnableForProject,1,Constructor
r.Lumen.Reflections.HierarchicalScreenTraces.HistoryDepthTestRelativeThickness,0.005,Constructor
r.Lumen.Reflections.HierarchicalScreenTraces.MaxIterations,50,Constructor
r.Lumen.Reflections.HierarchicalScreenTraces.MinimumOccupancy,0,Constructor
r.Lumen.Reflections.HierarchicalScreenTraces.RelativeDepthThickness,0.005,Constructor
r.Lumen.Reflections.HiResSurface,1,Constructor
r.Lumen.Reflections.MaxBounces,0,Constructor
r.Lumen.Reflections.MaxRayIntensity,40,Constructor
r.Lumen.Reflections.MaxRoughnessToTrace,-1,Constructor
r.Lumen.Reflections.MaxRoughnessToTraceClamp,1,Constructor
r.Lumen.Reflections.MaxRoughnessToTraceForFoliage,0.4,Scalability
r.Lumen.Reflections.RadianceCache,0,Constructor
r.Lumen.Reflections.RadianceCache.MaxRoughness,0.35,Constructor
r.Lumen.Reflections.RadianceCache.MaxTraceDistance,5000,Constructor
r.Lumen.Reflections.RadianceCache.MinRoughness,0.2,Constructor
r.Lumen.Reflections.RadianceCache.MinTraceDistance,1000,Constructor
r.Lumen.Reflections.RadianceCache.ReprojectionRadiusScale,10,Constructor
r.Lumen.Reflections.RadianceCache.RoughnessFadeLength,0.05,Constructor
r.Lumen.Reflections.RadianceCache.StochasticInterpolation,1,Constructor
r.Lumen.Reflections.RoughnessFadeLength,0.1,Constructor
r.Lumen.Reflections.SampleSceneColorAtHit,1,Constructor
r.Lumen.Reflections.SampleSceneColorNormalTreshold,85,Constructor
r.Lumen.Reflections.SampleSceneColorRelativeDepthThickness,0.01,Constructor
r.Lumen.Reflections.ScreenSpaceReconstruction,1,Constructor
r.Lumen.Reflections.ScreenSpaceReconstruction.KernelRadius,8,Constructor
r.Lumen.Reflections.ScreenSpaceReconstruction.MinWeight,0,Scalability
r.Lumen.Reflections.ScreenSpaceReconstruction.NumSamples,5,Scalability
r.Lumen.Reflections.ScreenSpaceReconstruction.RoughnessScale,1,Constructor
r.Lumen.Reflections.ScreenTraces,1,Constructor
r.Lumen.Reflections.SmoothBias,0,Constructor
r.Lumen.Reflections.SpecularScale,1,Constructor
r.Lumen.Reflections.SurfaceCacheFeedback,1,Constructor
r.Lumen.Reflections.Temporal,1,Constructor
r.Lumen.Reflections.Temporal.DistanceThreshold,0.03,Constructor
r.Lumen.Reflections.Temporal.MaxFramesAccumulated,12,Constructor
r.Lumen.Reflections.Temporal.MaxRayDirections,1024,Constructor
r.Lumen.Reflections.Temporal.NeighborhoodClampScale,1,Constructor
r.Lumen.Reflections.TraceCompaction.GroupSizeInTraceTiles,16,Constructor
r.Lumen.Reflections.TraceCompaction.WaveOps,1,Constructor
r.Lumen.Reflections.TraceMeshSDFs,1,Constructor
r.Lumen.Reflections.VisualizeTraces,0,Constructor
r.Lumen.Reflections.VisualizeTracingCoherency,0,Constructor
r.Lumen.ReSTIRGather.BilateralFilter,1,Constructor
r.Lumen.ReSTIRGather.BilateralFilter.DepthWeightScale,10000,Constructor
r.Lumen.ReSTIRGather.BilateralFilter.NormalAngleThresholdScale,0.2,Constructor
r.Lumen.ReSTIRGather.BilateralFilter.NumSamples,8,Constructor
r.Lumen.ReSTIRGather.BilateralFilter.SpatialKernelRadius,0.002,Constructor
r.Lumen.ReSTIRGather.BilateralFilter.StrongBlurVarianceThreshold,0.5,Constructor
r.Lumen.ReSTIRGather.DownsampleFactor,2,Constructor
r.Lumen.ReSTIRGather.FixedJitterIndex,-1,Constructor
r.Lumen.ReSTIRGather.MaxRayIntensity,100,Constructor
r.Lumen.ReSTIRGather.ResamplingAngleThreshold,25,Constructor
r.Lumen.ReSTIRGather.ResamplingDepthErrorThreshold,0.01,Constructor
r.Lumen.ReSTIRGather.ShortRangeAO,1,Constructor
r.Lumen.ReSTIRGather.ShortRangeAO.MaxScreenTraceFraction,0.02,Constructor
r.Lumen.ReSTIRGather.SpatialResampling,1,Constructor
r.Lumen.ReSTIRGather.SpatialResampling.KernelRadius,0.05,Constructor
r.Lumen.ReSTIRGather.SpatialResampling.NumPasses,2,Constructor
r.Lumen.ReSTIRGather.SpatialResampling.NumSamples,4,Constructor
r.Lumen.ReSTIRGather.SpatialResampling.OcclusionScreenTraceDistance,0.2,Constructor
r.Lumen.ReSTIRGather.Temporal,1,Constructor
r.Lumen.ReSTIRGather.Temporal.ClearHistoryEveryFrame,0,Constructor
r.Lumen.ReSTIRGather.Temporal.DistanceThreshold,0.005,Constructor
r.Lumen.ReSTIRGather.Temporal.MaxFramesAccumulated,10,Constructor
r.Lumen.ReSTIRGather.TemporalResampling,1,Constructor
r.Lumen.ReSTIRGather.TemporalResampling.DistanceThreshold,0.005,Constructor
r.Lumen.ReSTIRGather.TemporalResampling.ResetHistory,0,Constructor
r.Lumen.ReSTIRGather.TemporalResampling.ValidateEveryNFrames,0,Constructor
r.Lumen.ReSTIRGather.Upsample.KernelSize,3,Constructor
r.Lumen.ReSTIRGather.Upsample.Method,1,Constructor
r.Lumen.ReSTIRGather.Upsample.NumSamples,16,Constructor
r.Lumen.ScreenProbeGather,1,Constructor
r.Lumen.ScreenProbeGather.AdaptiveProbeAllocationFraction,0.5,Constructor
r.Lumen.ScreenProbeGather.Debug,0,Constructor
r.Lumen.ScreenProbeGather.Debug.ProbePlacement,0,Constructor
r.Lumen.ScreenProbeGather.DiffuseIntegralMethod,0,Constructor
r.Lumen.ScreenProbeGather.DownsampleFactor,2,SystemSettingsIni
r.Lumen.ScreenProbeGather.ExtraAmbientOcclusion,0,Constructor
r.Lumen.ScreenProbeGather.ExtraAmbientOcclusion.Exponent,0.5,Constructor
r.Lumen.ScreenProbeGather.ExtraAmbientOcclusion.MaxDistanceWorldSpace,500,Constructor
r.Lumen.ScreenProbeGather.Filtering.WaveOps,1,Constructor
r.Lumen.ScreenProbeGather.FixedJitterIndex,-1,Constructor
r.Lumen.ScreenProbeGather.FixedStateFrameIndex,-1,Constructor
r.Lumen.ScreenProbeGather.FullResolutionJitterWidth,1,Scalability
r.Lumen.ScreenProbeGather.GatherNumMips,1,Constructor
r.Lumen.ScreenProbeGather.GatherOctahedronResolutionScale,1,Constructor
r.Lumen.ScreenProbeGather.HairStrands.ScreenTrace,0,Constructor
r.Lumen.ScreenProbeGather.HairStrands.VoxelTrace,1,Constructor
r.Lumen.ScreenProbeGather.HardwareRayTracing,1,Constructor
r.Lumen.ScreenProbeGather.HardwareRayTracing.Bias,0.1,Constructor
r.Lumen.ScreenProbeGather.HardwareRayTracing.FarField,1,Constructor
r.Lumen.ScreenProbeGather.HardwareRayTracing.HairBias,2,Constructor
r.Lumen.ScreenProbeGather.HardwareRayTracing.NormalBias,0.1,Constructor
r.Lumen.ScreenProbeGather.ImportanceSample,1,Constructor
r.Lumen.ScreenProbeGather.ImportanceSample.BRDFOctahedronResolution,8,Constructor
r.Lumen.ScreenProbeGather.ImportanceSample.HistoryDistanceThreshold,30,Constructor
r.Lumen.ScreenProbeGather.ImportanceSample.IncomingLighting,1,Constructor
r.Lumen.ScreenProbeGather.ImportanceSample.MinPDFToTrace,0.1,Constructor
r.Lumen.ScreenProbeGather.ImportanceSample.NumLevels,1,Constructor
r.Lumen.ScreenProbeGather.ImportanceSample.ProbeRadianceHistory,1,Constructor
r.Lumen.ScreenProbeGather.IntegrateDownsampleFactor,1,Constructor
r.Lumen.ScreenProbeGather.IntegrationTileClassification,1,Constructor
r.Lumen.ScreenProbeGather.InterpolationDepthWeight,1,Constructor
r.Lumen.ScreenProbeGather.InterpolationDepthWeight.Fallback,0.1,Constructor
r.Lumen.ScreenProbeGather.InterpolationDepthWeight.Foliage,0.25,Constructor
r.Lumen.ScreenProbeGather.IrradianceFormat,0,Scalability
r.Lumen.ScreenProbeGather.MaterialAO,1,Constructor
r.Lumen.ScreenProbeGather.MaxRayIntensity,10,Constructor
r.Lumen.ScreenProbeGather.MaxRoughnessToEvaluateRoughSpecular,0.8,Constructor
r.Lumen.ScreenProbeGather.MaxRoughnessToEvaluateRoughSpecularForFoliage,0.8,Scalability
r.Lumen.ScreenProbeGather.NumAdaptiveProbes,8,Scalability
r.Lumen.ScreenProbeGather.RadianceCache,1,Constructor
r.Lumen.ScreenProbeGather.RadianceCache.ClipmapDistributionBase,2,Constructor
r.Lumen.ScreenProbeGather.RadianceCache.ClipmapWorldExtent,2500,Constructor
r.Lumen.ScreenProbeGather.RadianceCache.GridResolution,48,Constructor
r.Lumen.ScreenProbeGather.RadianceCache.NumClipmaps,4,Constructor
r.Lumen.ScreenProbeGather.RadianceCache.NumFramesToKeepCachedProbes,8,Constructor
r.Lumen.ScreenProbeGather.RadianceCache.NumMipmaps,1,Constructor
r.Lumen.ScreenProbeGather.RadianceCache.NumProbesToTraceBudget,150,Scalability
r.Lumen.ScreenProbeGather.RadianceCache.ProbeAtlasResolutionInProbes,128,Constructor
r.Lumen.ScreenProbeGather.RadianceCache.ProbeResolution,32,Scalability
r.Lumen.ScreenProbeGather.RadianceCache.ReprojectionRadiusScale,1.5,Constructor
r.Lumen.ScreenProbeGather.RadianceCache.SkyVisibility,0,Constructor
r.Lumen.ScreenProbeGather.RadianceCache.Stats,0,Constructor
r.Lumen.ScreenProbeGather.ReferenceMode,0,Constructor
r.Lumen.ScreenProbeGather.ScreenTraces,1,Constructor
r.Lumen.ScreenProbeGather.ScreenTraces.HairBias,2,Constructor
r.Lumen.ScreenProbeGather.ScreenTraces.HZBTraversal,1,Constructor
r.Lumen.ScreenProbeGather.ScreenTraces.HZBTraversal.FullResDepth,1,Scalability
r.Lumen.ScreenProbeGather.ScreenTraces.HZBTraversal.HistoryDepthTestRelativeThickness,0.005,Constructor
r.Lumen.ScreenProbeGather.ScreenTraces.HZBTraversal.MaxIterations,50,Constructor
r.Lumen.ScreenProbeGather.ScreenTraces.HZBTraversal.NumThicknessStepsToDetermineCertainty,4,Constructor
r.Lumen.ScreenProbeGather.ScreenTraces.HZBTraversal.RelativeDepthThickness,0.02,Constructor
r.Lumen.ScreenProbeGather.ScreenTraces.HZBTraversal.SkipFoliageHits,1,Constructor
r.Lumen.ScreenProbeGather.ScreenTraces.HZBTraversal.SkipHairHits,false,Constructor
r.Lumen.ScreenProbeGather.ScreenTraces.HZBTraversal.SkipUnlitHits,false,Constructor
r.Lumen.ScreenProbeGather.ScreenTraces.MinimumOccupancy,0,Constructor
r.Lumen.ScreenProbeGather.ScreenTraces.ThicknessScaleWhenNoFallback,2,Constructor
r.Lumen.ScreenProbeGather.ShortRangeAO,1,Constructor
r.Lumen.ScreenProbeGather.ShortRangeAO.ApplyDuringIntegration,0,Constructor
r.Lumen.ScreenProbeGather.ShortRangeAO.BentNormal,0,Scalability
r.Lumen.ScreenProbeGather.ShortRangeAO.DownsampleFactor,1,Scalability
r.Lumen.ScreenProbeGather.ShortRangeAO.FoliageOcclusionStrength,1,Scalability
r.Lumen.ScreenProbeGather.ShortRangeAO.HairScreenTrace,0,Constructor
r.Lumen.ScreenProbeGather.ShortRangeAO.HairVoxelTrace,1,Constructor
r.Lumen.ScreenProbeGather.ShortRangeAO.HardwareRayTracing,0,Constructor
r.Lumen.ScreenProbeGather.ShortRangeAO.HardwareRayTracing.NormalBias,0.1,Constructor
r.Lumen.ScreenProbeGather.ShortRangeAO.HorizonSearch,1,Constructor
r.Lumen.ScreenProbeGather.ShortRangeAO.HorizonSearch.ForegroundSampleRejectDistanceFraction,0.3,Constructor
r.Lumen.ScreenProbeGather.ShortRangeAO.HorizonSearch.ForegroundSampleRejectPower,1.5,Scalability
r.Lumen.ScreenProbeGather.ShortRangeAO.HorizonSearch.HZB,1,Scalability
r.Lumen.ScreenProbeGather.ShortRangeAO.HorizonSearch.SliceCount,1,Scalability
r.Lumen.ScreenProbeGather.ShortRangeAO.HorizonSearch.StepsPerSlice,3,Constructor
r.Lumen.ScreenProbeGather.ShortRangeAO.HorizonSearch.VisibilityBitmask,0,Constructor
r.Lumen.ScreenProbeGather.ShortRangeAO.MaxMultibounceAlbedo,0.5,Constructor
r.Lumen.ScreenProbeGather.ShortRangeAO.SlopeCompareToleranceScale,0.5,Constructor
r.Lumen.ScreenProbeGather.ShortRangeAO.Temporal,1,Constructor
r.Lumen.ScreenProbeGather.ShortRangeAO.Temporal.NeighborhoodClampScale,1,Constructor
r.Lumen.ScreenProbeGather.ShortRangeGI,0,Constructor
r.Lumen.ScreenProbeGather.ShortRangeGI.HistoryDepthTestRelativeThickness,0.0005,Constructor
r.Lumen.ScreenProbeGather.ShortRangeGI.MaxRayIntensity,5,Constructor
r.Lumen.ScreenProbeGather.ShortRangeGI.MaxScreenFraction,0.1,Constructor
r.Lumen.ScreenProbeGather.SpatialFilter.DisocclusionFraction,0.4,Constructor
r.Lumen.ScreenProbeGather.SpatialFilter.DisocclusionMaxFrames,4,Constructor
r.Lumen.ScreenProbeGather.SpatialFilterHalfKernelSize,1,Constructor
r.Lumen.ScreenProbeGather.SpatialFilterMaxRadianceHitAngle,10,Constructor
r.Lumen.ScreenProbeGather.SpatialFilterNumPasses,3,Constructor
r.Lumen.ScreenProbeGather.SpatialFilterPositionWeightScale,1000,Constructor
r.Lumen.ScreenProbeGather.SpatialFilterProbes,1,Constructor
r.Lumen.ScreenProbeGather.StochasticInterpolation,0,Scalability
r.Lumen.ScreenProbeGather.Temporal,1,Constructor
r.Lumen.ScreenProbeGather.Temporal.ClearHistoryEveryFrame,0,Constructor
r.Lumen.ScreenProbeGather.Temporal.DebugForceTracesMoving,0,Constructor
r.Lumen.ScreenProbeGather.Temporal.DistanceThreshold,0.01,Constructor
r.Lumen.ScreenProbeGather.Temporal.DistanceThresholdForFoliage,0.03,Constructor
r.Lumen.ScreenProbeGather.Temporal.FastUpdateModeUseNeighborhoodClamp,0,Constructor
r.Lumen.ScreenProbeGather.Temporal.FractionOfLightingMovingForFastUpdateMode,0.1,Constructor
r.Lumen.ScreenProbeGather.Temporal.MaxFastUpdateModeAmount,0.9,Constructor
r.Lumen.ScreenProbeGather.Temporal.MaxFramesAccumulated,10,Constructor
r.Lumen.ScreenProbeGather.Temporal.MaxRayDirections,8,Constructor
r.Lumen.ScreenProbeGather.Temporal.NormalThreshold,45,Constructor
r.Lumen.ScreenProbeGather.Temporal.RejectBasedOnNormal,0,Constructor
r.Lumen.ScreenProbeGather.Temporal.RelativeSpeedDifferenceToConsiderLightingMoving,0.005,Constructor
r.Lumen.ScreenProbeGather.TemporalFilterProbes,0,Constructor
r.Lumen.ScreenProbeGather.TemporalFilterProbes.HistoryDistanceThreshold,30,Constructor
r.Lumen.ScreenProbeGather.TemporalFilterProbes.HistoryWeight,0.5,Constructor
r.Lumen.ScreenProbeGather.TileDebugMode,0,Constructor
r.Lumen.ScreenProbeGather.TraceMeshSDFs,1,Constructor
r.Lumen.ScreenProbeGather.TracingOctahedronResolution,4,SystemSettingsIni
r.Lumen.ScreenProbeGather.TwoSidedFoliageBackfaceDiffuse,1,Scalability
r.Lumen.ScreenProbeGather.VisualizeTraces,0,Constructor
r.Lumen.ScreenProbeGather.VisualizeTracesFreeze,0,Constructor
r.Lumen.ScreenProbeGather.WaveOps,true,Constructor
r.Lumen.ScreenTracingSource,0,Constructor
r.Lumen.SkylightLeaking.ReflectionAverageAlbedo,0.25,Constructor
r.Lumen.SkylightLeaking.Roughness,0.3,Constructor
r.Lumen.StereoOptimizations,1,Constructor
r.Lumen.Supported,1,Constructor
r.Lumen.SurfaceCache.HeightfieldCaptureMargin,100,Constructor
r.Lumen.ThreadGroupSize32,1,Constructor
r.Lumen.TraceDistanceScale,1,Constructor
r.Lumen.TraceMeshSDFs,0,SystemSettingsIni
r.Lumen.TraceMeshSDFs.Allow,0,Scalability
r.Lumen.TraceMeshSDFs.TraceDistance,180,Constructor
r.Lumen.TranslucencyReflections.ClipmapFadeSize,4,Constructor
r.Lumen.TranslucencyReflections.FrontLayer.Allow,1,Scalability
r.Lumen.TranslucencyReflections.FrontLayer.Enable,0,Scalability
r.Lumen.TranslucencyReflections.FrontLayer.EnableForProject,0,Constructor
r.Lumen.TranslucencyReflections.HZBOcclusionTest,true,Constructor
r.Lumen.TranslucencyReflections.MarkDownsampleFactor,4,Constructor
r.Lumen.TranslucencyReflections.RadianceCache,1,Constructor
r.Lumen.TranslucencyReflections.ReprojectionRadiusScale,10,Constructor
r.Lumen.TranslucencyVolume.Enable,1,Constructor
r.Lumen.TranslucencyVolume.EndDistanceFromCamera,8000,Constructor
r.Lumen.TranslucencyVolume.GridCenterOffsetFromDepthBuffer,0.5,Constructor
r.Lumen.TranslucencyVolume.GridDistributionLogZOffset,1,Constructor
r.Lumen.TranslucencyVolume.GridDistributionLogZScale,0.01,Constructor
r.Lumen.TranslucencyVolume.GridDistributionZScale,4,Constructor
r.Lumen.TranslucencyVolume.GridPixelSize,128,Scalability
r.Lumen.TranslucencyVolume.HardwareRayTracing,1,Constructor
r.Lumen.TranslucencyVolume.MaxRayIntensity,20,Constructor
r.Lumen.TranslucencyVolume.OffsetThresholdToAcceptDepthBufferOffset,1,Constructor
r.Lumen.TranslucencyVolume.RadianceCache,1,Constructor
r.Lumen.TranslucencyVolume.RadianceCache.ClipmapDistributionBase,2,Constructor
r.Lumen.TranslucencyVolume.RadianceCache.ClipmapWorldExtent,2500,Constructor
r.Lumen.TranslucencyVolume.RadianceCache.FarField,0,Constructor
r.Lumen.TranslucencyVolume.RadianceCache.GridResolution,12,Scalability
r.Lumen.TranslucencyVolume.RadianceCache.NumMipmaps,3,Constructor
r.Lumen.TranslucencyVolume.RadianceCache.NumProbesToTraceBudget,30,Scalability
r.Lumen.TranslucencyVolume.RadianceCache.ProbeAtlasResolutionInProbes,128,Constructor
r.Lumen.TranslucencyVolume.RadianceCache.ProbeResolution,8,Scalability
r.Lumen.TranslucencyVolume.RadianceCache.ReprojectionRadiusScale,10,Constructor
r.Lumen.TranslucencyVolume.RadianceCache.Stats,0,Constructor
r.Lumen.TranslucencyVolume.RadianceCache.Visualize,0,Constructor
r.Lumen.TranslucencyVolume.ShareRadianceCacheWithOpaque,1,Scalability
r.Lumen.TranslucencyVolume.ShareRadianceCacheWithOpaque.ClipmapBias,3,Constructor
r.Lumen.TranslucencyVolume.SpatialFilter,0,Scalability
r.Lumen.TranslucencyVolume.SpatialFilter.SampleCount,3,Constructor
r.Lumen.TranslucencyVolume.SpatialFilter.StandardDeviation,5,Constructor
r.Lumen.TranslucencyVolume.Temporal.HistoryWeight,0.9,Constructor
r.Lumen.TranslucencyVolume.Temporal.Jitter,1,Constructor
r.Lumen.TranslucencyVolume.Temporal.MaxRayDirections,8,Constructor
r.Lumen.TranslucencyVolume.TemporalReprojection,1,Constructor
r.Lumen.TranslucencyVolume.TraceFromVolume,0,Scalability
r.Lumen.TranslucencyVolume.TraceStepFactor,2,Constructor
r.Lumen.TranslucencyVolume.TracingOctahedronResolution,3,Scalability
r.Lumen.TranslucencyVolume.VoxelTraceStartDistanceScale,1,Constructor
r.Lumen.UsesLightFunctionAtlas,1,Constructor
r.Lumen.Visualize,0,Constructor
r.Lumen.Visualize.CardGenerationCluster,0,Constructor
r.Lumen.Visualize.CardGenerationClusterScale,1,Constructor
r.Lumen.Visualize.CardGenerationMaxSurfel,-1,Constructor
r.Lumen.Visualize.CardGenerationSurfels,0,Constructor
r.Lumen.Visualize.CardGenerationSurfelScale,1,Constructor
r.Lumen.Visualize.CardInterpolateInfluenceRadius,10,Constructor
r.Lumen.Visualize.CardPlacement,0,Constructor
r.Lumen.Visualize.CardPlacementDirection,-1,Constructor
r.Lumen.Visualize.CardPlacementDistance,5000,Constructor
r.Lumen.Visualize.CardPlacementIndex,-1,Constructor
r.Lumen.Visualize.CardPlacementLOD,0,Constructor
r.Lumen.Visualize.CardPlacementPrimitives,0,Constructor
r.Lumen.Visualize.ConeAngle,0,Constructor
r.Lumen.Visualize.ConeStepFactor,2,Constructor
r.Lumen.Visualize.CullingMode,0,Constructor
r.Lumen.Visualize.GridPixelSize,32,Constructor
r.Lumen.Visualize.HardwareRayTracing,1,Constructor
r.Lumen.Visualize.HardwareRayTracing.BucketMaterials,1,Constructor
r.Lumen.Visualize.HardwareRayTracing.Compact,1,Constructor
r.Lumen.Visualize.HardwareRayTracing.DeferredMaterial,1,Constructor
r.Lumen.Visualize.HardwareRayTracing.DeferredMaterial.TileDimension,64,Constructor
r.Lumen.Visualize.HardwareRayTracing.FarField,1,Constructor
r.Lumen.Visualize.HardwareRayTracing.HitLighting,0,Constructor
r.Lumen.Visualize.HiResSurface,1,Constructor
r.Lumen.Visualize.IndirectDiffuse,0,Constructor
r.Lumen.Visualize.MaxMeshSDFTraceDistance,-1,Constructor
r.Lumen.Visualize.MaxTraceDistance,100000,Constructor
r.Lumen.Visualize.MinTraceDistance,0,Constructor
r.Lumen.Visualize.RayTracingGroups,0,Constructor
r.Lumen.Visualize.SurfaceCacheFeedback,0,Constructor
r.Lumen.Visualize.ToneMap,true,Constructor
r.Lumen.Visualize.TraceMeshSDFs,1,Constructor
r.Lumen.Visualize.TraceRadianceCache,0,Constructor
r.Lumen.Visualize.UseShaderPrintForTraces,1,Constructor
r.Lumen.Visualize.ViewMode,,Constructor
r.Lumen.WaveOps,1,Constructor
r.LumenScene.DirectLighting,1,Constructor
r.LumenScene.DirectLighting.BatchShadows,2,Constructor
r.LumenScene.DirectLighting.BuildLightTiles.OneGroupPerTile,true,Constructor
r.LumenScene.DirectLighting.CloudTransmittance,1,Constructor
r.LumenScene.DirectLighting.CullToTileDepthRange,1,Constructor
r.LumenScene.DirectLighting.GlobalSDF.ShadowRayBias,1,Constructor
r.LumenScene.DirectLighting.HardwareRayTracing,1,Constructor
r.LumenScene.DirectLighting.HardwareRayTracing.AdaptiveShadowTracing,1,Constructor
r.LumenScene.DirectLighting.HardwareRayTracing.AsyncCompute,1,Constructor
r.LumenScene.DirectLighting.HardwareRayTracing.EndBias,1,Constructor
r.LumenScene.DirectLighting.HardwareRayTracing.FarField,1,Constructor
r.LumenScene.DirectLighting.HardwareRayTracing.ForceTwoSided,0,Constructor
r.LumenScene.DirectLighting.HardwareRayTracing.HeightfieldProjectionBias,0,Constructor
r.LumenScene.DirectLighting.HardwareRayTracing.HeightfieldProjectionBiasSearchRadius,256,Constructor
r.LumenScene.DirectLighting.HardwareRayTracing.ShadowRayBias,1,Constructor
r.LumenScene.DirectLighting.Heightfield.ShadowRayBias,2,Constructor
r.LumenScene.DirectLighting.MaxLightsPerTile,4,Scalability
r.LumenScene.DirectLighting.MeshSDF.ShadowRayBias,2,Constructor
r.LumenScene.DirectLighting.OffscreenShadowing.TraceMeshSDFs,1,Constructor
r.LumenScene.DirectLighting.OffscreenShadowingTraceStepFactor,5,Constructor
r.LumenScene.DirectLighting.ShowLightDrawEvents,false,Constructor
r.LumenScene.DirectLighting.Stochastic,0,Constructor
r.LumenScene.DirectLighting.Stochastic.Debug,0,Constructor
r.LumenScene.DirectLighting.Stochastic.MinWeight,0.001,Constructor
r.LumenScene.DirectLighting.Stochastic.SamplePerTexel,1,Constructor
r.LumenScene.DirectLighting.Stochastic.Temporal,1,Constructor
r.LumenScene.DirectLighting.Stochastic.Temporal.MaxFramesAccumulated,12,Constructor
r.LumenScene.DirectLighting.Stochastic.Temporal.NeighborhoodClampScale,2,Constructor
r.LumenScene.DirectLighting.UpdateFactor,64,ProjectSetting
r.LumenScene.DumpStats,0,Constructor
r.LumenScene.FarField,0,Constructor
r.LumenScene.FarField.FarFieldDitherScale,200,Constructor
r.LumenScene.FarField.MaxTraceDistance,1e+06,Constructor
r.LumenScene.FarField.OcclusionOnly,0,Constructor
r.LumenScene.FastCameraMode,0,Constructor
r.LumenScene.GlobalSDF.ClipmapExtent,2500,Constructor
r.LumenScene.GlobalSDF.CoveredExpandSurfaceScale,1,Constructor
r.LumenScene.GlobalSDF.DitheredTransparencyStepThreshold,0.5,Constructor
r.LumenScene.GlobalSDF.DitheredTransparencyTraceThreshold,0.9,Constructor
r.LumenScene.GlobalSDF.NotCoveredExpandSurfaceScale,0.6,Constructor
r.LumenScene.GlobalSDF.NotCoveredMinStepScale,4,Constructor
r.LumenScene.GlobalSDF.Resolution,252,Constructor
r.LumenScene.GlobalSDF.SimpleCoverageBasedExpand,0,Constructor
r.LumenScene.GPUDrivenUpdate,0,Constructor
r.LumenScene.GPUDrivenUpdate.Stats,0,Constructor
r.LumenScene.Heightfield.CullForView,1,Constructor
r.LumenScene.Heightfield.FroxelCulling,1,Constructor
r.LumenScene.Heightfield.MaxTracingSteps,32,Constructor
r.LumenScene.Heightfield.ReceiverBias,0.01,Constructor
r.LumenScene.Heightfield.Tracing,1,Constructor
r.LumenScene.Lighting.AsyncCompute,1,Constructor
r.LumenScene.Lighting.Feedback,1,Constructor
r.LumenScene.Lighting.ForceLightingUpdate,0,Constructor
r.LumenScene.Lighting.MaxDistanceFromFrustumToPrioritize,500,Constructor
r.LumenScene.Lighting.Stats,0,Constructor
r.LumenScene.MeshCardsPerTask,128,Constructor
r.LumenScene.ParallelUpdate,1,Constructor
r.LumenScene.PrimitivesPerTask,128,Constructor
r.LumenScene.PropagateGlobalLightingChange,1,Constructor
r.LumenScene.Radiosity,1,Constructor
r.LumenScene.Radiosity.Debug,false,Constructor
r.LumenScene.Radiosity.DistanceFieldSurfaceBias,10,Constructor
r.LumenScene.Radiosity.DistanceFieldSurfaceSlopeBias,10,Constructor
r.LumenScene.Radiosity.HardwareRayTracing,1,Constructor
r.LumenScene.Radiosity.HardwareRayTracing.Bias,0.1,Constructor
r.LumenScene.Radiosity.HardwareRayTracing.NormalBias,0.1,Constructor
r.LumenScene.Radiosity.HemisphereProbeResolution,3,Scalability
r.LumenScene.Radiosity.MaxRayIntensity,40,Constructor
r.LumenScene.Radiosity.ProbeOcclusion,0,Constructor
r.LumenScene.Radiosity.ProbeOcclusionStrength,0.5,Constructor
r.LumenScene.Radiosity.ProbePlaneWeighting,1,Constructor
r.LumenScene.Radiosity.ProbeSpacing,4,Scalability
r.LumenScene.Radiosity.SpatialFilterProbes,1,Constructor
r.LumenScene.Radiosity.SpatialFilterProbes.KernelSize,1,Constructor
r.LumenScene.Radiosity.SpatialFilterProbes.PlaneWeightingDepthScale,-100,Constructor
r.LumenScene.Radiosity.Temporal,1,Constructor
r.LumenScene.Radiosity.Temporal.FixedJitterIndex,-1,Constructor
r.LumenScene.Radiosity.Temporal.MaxFramesAccumulated,4,Constructor
r.LumenScene.Radiosity.UpdateFactor,96,ProjectSetting
r.LumenScene.Radiosity.VisualizeProbeRadius,10,Constructor
r.LumenScene.Radiosity.VisualizeProbes,0,Constructor
r.LumenScene.Radiosity.VisualizeProbes.ShowInvalid,0,Constructor
r.LumenScene.SurfaceCache.AllowCardDownsampleFromSelf,1,Constructor
r.LumenScene.SurfaceCache.AllowCardSharing,1,Constructor
r.LumenScene.SurfaceCache.AllowPersistOnVisibilityChange,1,Constructor
r.LumenScene.SurfaceCache.AtlasSize,2048,Scalability
r.LumenScene.SurfaceCache.CaptureNaniteLandscapes,0,Constructor
r.LumenScene.SurfaceCache.CardCaptureEnableInvalidation,1,Constructor
r.LumenScene.SurfaceCache.CardCaptureFactor,64,Constructor
r.LumenScene.SurfaceCache.CardCaptureMargin,0,Constructor
r.LumenScene.SurfaceCache.CardCaptureRefreshFraction,0.03,ProjectSetting
r.LumenScene.SurfaceCache.CardCapturesPerFrame,150,ProjectSetting
r.LumenScene.SurfaceCache.CardFixedDebugResolution,-1,Constructor
r.LumenScene.SurfaceCache.CardMaxResolution,256,Scalability
r.LumenScene.SurfaceCache.CardMaxTexelDensity,0.2,Constructor
r.LumenScene.SurfaceCache.CardMinResolution,4,SystemSettingsIni
r.LumenScene.SurfaceCache.CardTexelDensityScale,60,ProjectSetting
r.LumenScene.SurfaceCache.Compress,1,Constructor
r.LumenScene.SurfaceCache.CullUndergroundTexels,0,Constructor
r.LumenScene.SurfaceCache.CullUndergroundTexels.HeightBias,30,Constructor
r.LumenScene.SurfaceCache.DetectCardSharingCompatibility,1,Constructor
r.LumenScene.SurfaceCache.DilationMode,0,Constructor
r.LumenScene.SurfaceCache.FarField.CardDistance,40000,Constructor
r.LumenScene.SurfaceCache.FarField.CardTexelDensity,0.001,Constructor
r.LumenScene.SurfaceCache.Feedback,1,Constructor
r.LumenScene.SurfaceCache.Feedback.MinPageHits,16,Constructor
r.LumenScene.SurfaceCache.Feedback.ResLevelBias,-0.5,Constructor
r.LumenScene.SurfaceCache.Feedback.TileSize,16,Constructor
r.LumenScene.SurfaceCache.Feedback.UniqueElements,1024,Constructor
r.LumenScene.SurfaceCache.ForceEvictHiResPages,0,Constructor
r.LumenScene.SurfaceCache.Freeze,0,Constructor
r.LumenScene.SurfaceCache.FreezeUpdateFrame,0,Constructor
r.LumenScene.SurfaceCache.LogUpdates,0,Constructor
r.LumenScene.SurfaceCache.MeshCardsCullFaces,1,Constructor
r.LumenScene.SurfaceCache.MeshCardsDebugSingleCard,-1,Constructor
r.LumenScene.SurfaceCache.MeshCardsMergeComponents,1,Constructor
r.LumenScene.SurfaceCache.MeshCardsMergedCardMinSurfaceArea,0.05,Constructor
r.LumenScene.SurfaceCache.MeshCardsMergedMaxWorldSize,10000,Constructor
r.LumenScene.SurfaceCache.MeshCardsMergedResolutionScale,0.3,Constructor
r.LumenScene.SurfaceCache.MeshCardsMergeInstances,0,Constructor
r.LumenScene.SurfaceCache.MeshCardsMergeInstancesMaxSurfaceAreaRatio,1.7,Constructor
r.LumenScene.SurfaceCache.MeshCardsMinSize,10,Constructor
r.LumenScene.SurfaceCache.MeshTargetScreenSize,0.15,Constructor
r.LumenScene.SurfaceCache.Nanite.AsyncRasterization,0,Constructor
r.LumenScene.SurfaceCache.Nanite.MultiView,1,Constructor
r.LumenScene.SurfaceCache.NaniteLandscapeLODScaleFactor,1,Constructor
r.LumenScene.SurfaceCache.NaniteLODScaleFactor,1,Constructor
r.LumenScene.SurfaceCache.NumFramesToKeepUnusedPages,256,Constructor
r.LumenScene.SurfaceCache.RecaptureEveryFrame,0,Constructor
r.LumenScene.SurfaceCache.RemovesPerFrame,512,Constructor
r.LumenScene.SurfaceCache.ResampleLighting,1,Constructor
r.LumenScene.SurfaceCache.Reset,0,Constructor
r.LumenScene.SurfaceCache.ResetEveryNthFrame,0,Constructor
r.LumenScene.UpdateViewOrigin,1,Constructor
r.LumenScene.UploadEveryFrame,0,Constructor
r.LumenScene.ViewOriginDistanceThreshold,100,Constructor
r.LumenScene.VisualizePrimitiveGroups,0,Constructor
r.LUT.AsyncCompute,true,Constructor
r.LUT.Inner.Size,64,Constructor
r.LUT.Inner.UpdateEveryFrame,0,Constructor
r.LUT.Shaper,0,Scalability
r.LUT.Size,32,Scalability
r.LUT.TonemappingMethod,-1,Constructor
r.LUT.TonemappingSDRInvEOTF,-1,Constructor
r.LUT.UpdateEveryFrame,0,Constructor
r.Material.CullIntermediateUniformExpressions,true,Constructor
r.Material.DefaultAutoMaterialUsage,1,Constructor
r.Material.EnableTranslationLogFile,false,Constructor
r.Material.EnergyConservation,0,Constructor
r.Material.ExcludeNonPipelinedShaders,1,Constructor
r.Material.IgnoreLVFUsageMode,0,Constructor
r.Material.PedanticErrorChecksEnabled,false,Constructor
r.Material.PreshaderGapInterval,32,Constructor
r.Material.RoughDiffuse,0,Constructor
r.Material.ShaderMapDump,,Constructor
r.Material.ShadingPathNodeOverride,-1,Constructor
r.Material.SimulateMobileForLowQuality,false,Constructor
r.Material.StripUnusedDefaultTextures,true,Constructor
r.Material.Translator.AllowPreshaderOperators,true,Constructor
r.Material.Translator.DebugBreakOnPoison,false,Constructor
r.Material.Translator.DebugDump,0,Constructor
r.Material.Translator.DumpUseGraphOpts.EnableSuccessors,false,Constructor
r.Material.Translator.EnableNew,false,Constructor
r.Material.UseShaderCompilationParameters,1,Constructor
r.MaterialCache.AllocationMaxTileCountWidth,1024,Constructor
r.MaterialCache.CommandCaching,false,Constructor
r.MaterialCache.Enabled,true,Constructor
r.MaterialCache.StaticMesh.EnableViewportFromVS,true,Constructor
r.MaterialCache.Support,false,Constructor
r.MaterialCache.TileBorderWidth,4,Constructor
r.MaterialCache.TileWidth,128,Constructor
r.MaterialCache.VertexInvariant.Enable,true,Constructor
r.MaterialCache.VertexInvariant.Force,false,Constructor
r.MaterialCache.VirtualTextureAllocator.Debug.MaxAllocatedLevel,0,Constructor
r.MaterialCache.VirtualTextureAllocator.Debug.RecreateCoarse.StressTestFrameInterval,0,Constructor
r.MaterialCache.VirtualTextureAllocator.EvictMipShift,1,Constructor
r.MaterialCache.VirtualTextureAllocator.LRUMaxIterations,10,Constructor
r.MaterialCache.VirtualTextureAllocator.MaxReallocationsPerFrame,4,Constructor
r.MaterialCache.VirtualTextureAllocator.MaxSpaceAllocations,32768,Constructor
r.MaterialCache.VirtualTextureAllocator.MaxTileMappings,8388608,Constructor
r.MaterialCache.VirtualTextureAllocator.MaxTileMappings.LRUTarget,0.8,Constructor
r.MaterialCache.VirtualTextureAllocator.MinEvictFrames,16,Constructor
r.MaterialCache.VirtualTextureAllocator.Show,0,Constructor
r.MaterialEditor.AllowSkipAlphaComputationForMaterialBlend,true,Constructor
r.MaterialEditor.AnalyticDeriv,1,Constructor
r.MaterialEditor.AnalyticDeriv.DebugEmitInvalidDerivTokens,0,Constructor
r.MaterialEditor.AnalyticDeriv.DebugGenerateAllFunctions,0,Constructor
r.MaterialEditor.AnalyticDeriv.DebugTextureSample,0,Constructor
r.MaterialEditor.EnableTextureValidation,true,Constructor
r.MaterialEditor.GroupSortIncludeFunctions,true,Constructor
r.MaterialEditor.LWCEnabled,1,Constructor
r.MaterialEditor.LWCTruncateMode,2,Constructor
r.MaterialEditor.MaxDerivedMaterialInstances,-1,Constructor
r.MaterialEditor.PreshaderDumpToHLSL,true,Constructor
r.MaterialEditor.UseDevShaders,1,Constructor
r.MaterialEditor.UseGroupsCustomUI,true,Constructor
r.MaterialLogErrorOnFailure,false,Constructor
r.MaterialQualityLevel,1,Scalability
r.MaterialsDuplicateVerbatim,false,Constructor
r.MaxAnisotropy,8,Scalability
r.MaxCSMRadiusToAllowPerObjectShadows,8000,Constructor
r.MaxQualityMode,0,Constructor
r.MaxVertexBytesAllocatedPerFrame,33554432,Constructor
r.Media.CaptureTexture,0,Constructor
r.Media.ChromaInterpolation,true,Constructor
r.MegaLights.Allowed,1,Constructor
r.MegaLights.AsyncCompute.GenerateSamples,0,Constructor
r.MegaLights.AsyncCompute.Volume,0,Constructor
r.MegaLights.Debug,0,Constructor
r.MegaLights.Debug.CursorX,-1,Constructor
r.MegaLights.Debug.CursorY,-1,Constructor
r.MegaLights.Debug.LightId,-1,Constructor
r.MegaLights.Debug.TraceStats,false,Constructor
r.MegaLights.Debug.VisualizeLight,0,Constructor
r.MegaLights.Debug.VisualizeTraces,1,Constructor
r.MegaLights.Debug.VolumeSliceIndex,-1,Constructor
r.MegaLights.DefaultShadowMethod,0,Constructor
r.MegaLights.Denoiser,true,Constructor
r.MegaLights.Directional.LightSampleFraction,0.5,Constructor
r.MegaLights.Directional.MinSampleClampingWeight,0.01,Constructor
r.MegaLights.DirectionalLights,0,Constructor
r.MegaLights.DistantScreenTraces,2,Constructor
r.MegaLights.DistantScreenTraces.DepthThreshold,2,Constructor
r.MegaLights.DistantScreenTraces.Length,0.2,Constructor
r.MegaLights.DownsampleMode,2,Scalability
r.MegaLights.EnableForProject,0,Constructor
r.MegaLights.FastClear,false,Constructor
r.MegaLights.FixedStateFrameIndex,-1,Constructor
r.MegaLights.FrontLayerTranslucency.Allow,true,Scalability
r.MegaLights.FrontLayerTranslucency.Debug.OverrideEnable,-1,Constructor
r.MegaLights.FrontLayerTranslucency.EnableForProject,true,Constructor
r.MegaLights.FrontLayerTranslucency.FastClear,true,Constructor
r.MegaLights.FrontLayerTranslucency.ScreenTraces,false,Constructor
r.MegaLights.FrontLayerTranslucency.SoftShadows,false,Scalability
r.MegaLights.FrontLayerTranslucency.Spatial,true,Constructor
r.MegaLights.FrontLayerTranslucency.SpecularOnly,true,Scalability
r.MegaLights.FrontLayerTranslucency.Temporal,true,Constructor
r.MegaLights.FrontLayerTranslucency.TexturedRectLights,false,Scalability
r.MegaLights.GuideByHistory,true,Constructor
r.MegaLights.GuideByHistory.Filter,1,Constructor
r.MegaLights.GuideByHistory.LightHiddenWeight,0.1,Constructor
r.MegaLights.GuideByHistory.LightHiddenWeightForHistoryMiss,0.4,Constructor
r.MegaLights.Hair.NonShadowedLightMaxDistance,20,Constructor
r.MegaLights.HairStrands,1,Constructor
r.MegaLights.HairStrands.DownsampleMode,0,Constructor
r.MegaLights.HairStrands.FastClear,true,Constructor
r.MegaLights.HairStrands.NumSamplesPerPixel,4,Constructor
r.MegaLights.HairStrands.ScreenTraces,false,Constructor
r.MegaLights.HairStrands.SubPixelShading,0,Constructor
r.MegaLights.HairStrands.Transmittance.ScreenTrace,1,Constructor
r.MegaLights.HairStrands.Transmittance.ScreenTraceLength,10,Constructor
r.MegaLights.HairVoxelTraces,1,Constructor
r.MegaLights.HardwareRayTracing,1,Constructor
r.MegaLights.HardwareRayTracing.Bias,1,Constructor
r.MegaLights.HardwareRayTracing.EndBias,1,Constructor
r.MegaLights.HardwareRayTracing.EvaluateMaterialMode,0,Constructor
r.MegaLights.HardwareRayTracing.FarField,false,Constructor
r.MegaLights.HardwareRayTracing.FarField.Bias,200,Constructor
r.MegaLights.HardwareRayTracing.FarField.MaxDistance,100000000,Constructor
r.MegaLights.HardwareRayTracing.ForceTwoSided,true,Constructor
r.MegaLights.HardwareRayTracing.Inline,1,Constructor
r.MegaLights.HardwareRayTracing.MaxIterations,8192,Constructor
r.MegaLights.HardwareRayTracing.MeshSectionVisibilityTest,false,Constructor
r.MegaLights.HardwareRayTracing.NormalBias,0.1,Constructor
r.MegaLights.HardwareRayTracing.PullbackBias,1,Constructor
r.MegaLights.IESProfiles,1,Constructor
r.MegaLights.LightAttenuationFalloff,0.18,Constructor
r.MegaLights.LightFunctions,1,Constructor
r.MegaLights.LightIndexScalarizationThreshold,1,Constructor
r.MegaLights.LightingChannels,true,Constructor
r.MegaLights.LightingDataFormat,0,Constructor
r.MegaLights.LightPowerDelta.AsyncCompute,false,Constructor
r.MegaLights.LightPowerDelta.Enable,true,Constructor
r.MegaLights.LightPowerDelta.LightFunctions,false,Constructor
r.MegaLights.MaxShadingWeight,20,Constructor
r.MegaLights.MaxShadingWeightForHiddenLight,5,Constructor
r.MegaLights.MergeRays,true,Constructor
r.MegaLights.MinSampleWeight,0.001,Constructor
r.MegaLights.NumSamplesPerPixel,4,Scalability
r.MegaLights.Reference.DebuggedPassIndex,-1,Constructor
r.MegaLights.Reference.NumShadingPass,1,Constructor
r.MegaLights.Reference.OffsetToStateFrameIndex,0,Constructor
r.MegaLights.Reset,0,Constructor
r.MegaLights.ResetEveryNthFrame,0,Constructor
r.MegaLights.ScreenTraces,true,Constructor
r.MegaLights.ScreenTraces.FirstPerson,true,Constructor
r.MegaLights.ScreenTraces.FirstPerson.MinimumHitDistance,4,Constructor
r.MegaLights.ScreenTraces.FirstPerson.RelativeDepthThickness,0.2,Constructor
r.MegaLights.ScreenTraces.Hair,true,Constructor
r.MegaLights.ScreenTraces.Hair.Bias,1,Constructor
r.MegaLights.ScreenTraces.MaxDistance,100,Constructor
r.MegaLights.ScreenTraces.MaxIterations,50,Constructor
r.MegaLights.ScreenTraces.MinimumOccupancy,0,Constructor
r.MegaLights.ScreenTraces.NormalBias,0.05,Constructor
r.MegaLights.ScreenTraces.Quality,1,Scalability
r.MegaLights.ScreenTraces.RelativeDepthThickness,0.005,Constructor
r.MegaLights.ScreenTraces.RelativeDepthThicknessWhenNoFallback,0.01,Constructor
r.MegaLights.ShadingConfidence,1,Constructor
r.MegaLights.SimpleLightMode,1,Constructor
r.MegaLights.SoftwareRayTracing.Allow,0,Constructor
r.MegaLights.Spatial,true,Constructor
r.MegaLights.Spatial.DepthWeightScale,10000,Constructor
r.MegaLights.Spatial.DisocclusionDiffuseSpatialVarianceScale,2,Constructor
r.MegaLights.Spatial.DisocclusionSpecularSpatialVarianceScale,1,Constructor
r.MegaLights.Spatial.HistorySpatialStdDevThreshold,0.15,Constructor
r.MegaLights.Spatial.KernelRadius,8,Constructor
r.MegaLights.Spatial.MaxDisocclusionFrames,2,Constructor
r.MegaLights.Spatial.NumSamples,4,Constructor
r.MegaLights.Spatial.UseHistorySpatialVariance,true,Scalability
r.MegaLights.Supported,true,Constructor
r.MegaLights.Temporal,true,Constructor
r.MegaLights.Temporal.HistoryDistanceThreshold,0.03,Constructor
r.MegaLights.Temporal.MaxFramesAccumulated,12,Constructor
r.MegaLights.Temporal.MinFramesAccumulatedForHistoryMiss,4,Constructor
r.MegaLights.Temporal.NeighborhoodClampScale,1,Constructor
r.MegaLights.TexturedRectLights,1,Constructor
r.MegaLights.TraceCompaction.ThreadGroupSize,32,Constructor
r.MegaLights.TranslucencyVolume,1,Constructor
r.MegaLights.TranslucencyVolume.DownsampleFactor,2,Constructor
r.MegaLights.TranslucencyVolume.GuideByHistory,1,Constructor
r.MegaLights.TranslucencyVolume.GuideByHistory.Filter,1,Constructor
r.MegaLights.TranslucencyVolume.MinSampleWeight,0.1,Constructor
r.MegaLights.TranslucencyVolume.NumSamplesPerVoxel,2,Constructor
r.MegaLights.TranslucencyVolume.Spatial,1,Constructor
r.MegaLights.TranslucencyVolume.Temporal,1,Constructor
r.MegaLights.Transmission,true,Constructor
r.MegaLights.Transmission.SampleWeight,0.1,Constructor
r.MegaLights.Visualize,0,Constructor
r.MegaLights.Visualize.LightComplexity,0,Constructor
r.MegaLights.Visualize.LightComplexity.Freeze,0,Constructor
r.MegaLights.Visualize.LightComplexity.MaxLightSamplingCost,32,Constructor
r.MegaLights.Visualize.LightComplexity.MaxLightsToDisplay,32,Constructor
r.MegaLights.Visualize.ShadowCasterQuality.MissingProxyDistanceThreshold,50,Constructor
r.MegaLights.Visualize.ShadowCasterQuality.PoorQualityDistanceThreshold,25,Constructor
r.MegaLights.Visualize.TileClassification,0,Constructor
r.MegaLights.Visualize.ViewMode,,Constructor
r.MegaLights.VisualizeRays,false,Constructor
r.MegaLights.VisualizeRays.Heatmap.Max,300,Constructor
r.MegaLights.VisualizeRays.Heatmap.Min,50,Constructor
r.MegaLights.VisualizeRays.MinIterations,160,Constructor
r.MegaLights.Volume,1,Constructor
r.MegaLights.Volume.DepthDistributionScale,32,Constructor
r.MegaLights.Volume.DownsampleMode,2,Constructor
r.MegaLights.Volume.GridPixelSize,16,Scalability
r.MegaLights.Volume.GridSizeZ,64,Scalability
r.MegaLights.Volume.GuideByHistory,1,Constructor
r.MegaLights.Volume.GuideByHistory.Filter,1,Constructor
r.MegaLights.Volume.HZBOcclusionTest,1,Constructor
r.MegaLights.Volume.MinSampleWeight,0.1,Constructor
r.MegaLights.Volume.NumSamplesPerVoxel,2,Constructor
r.MegaLights.Volume.TraceCompaction.ThreadGroupSize,8,Constructor
r.MegaLights.Volume.Unified,1,Constructor
r.MegaLights.Volume.WorldSpaceTraces,1,Constructor
r.MegaLights.VSM.MarkPages,1,Constructor
r.MegaLights.WaveOps,true,Constructor
r.MegaLights.WorldSpaceTraces,true,Constructor
r.MeshCardRepresentation,1,Constructor
r.MeshCardRepresentation.Async,1,Constructor
r.MeshCardRepresentation.Debug,0,Constructor
r.MeshCardRepresentation.Debug.SurfelDirection,-1,Constructor
r.MeshCardRepresentation.MinDensity,0.2,Constructor
r.MeshCardRepresentation.NormalTreshold,0.25,Constructor
r.MeshCardRepresentation.ParallelBuild,1,Constructor
r.MeshCardRepresentation.SkeletalMesh,0,Scalability
r.MeshDeformerMaxLOD,-1,Constructor
r.MeshDrawCommands.AllowOnDemandShaderCreation,1,Constructor
r.MeshDrawCommands.BatchSize,12,Constructor
r.MeshDrawCommands.CacheMultithreaded,1,Constructor
r.MeshDrawCommands.DynamicInstancing,1,Constructor
r.MeshDrawCommands.LogDynamicInstancingStats,0,Constructor
r.MeshDrawCommands.LogMeshDrawCommandMemoryStats,0,Constructor
r.MeshDrawCommands.ParallelPassSetup,1,Constructor
r.MeshDrawCommands.Stats,0,Constructor
r.MeshDrawCommands.UseCachedCommands,1,Constructor
r.MeshDrawCommands.UseVertexCount,0,Constructor
r.MeshMerge.StoreImposterInfoInUVs,0,Constructor
r.MeshPaintVirtualTexture.DefaultTexelsPerVertex,4,Constructor
r.MeshPaintVirtualTexture.Enable,true,Constructor
r.MeshPaintVirtualTexture.MaxTextureSize,4096,Constructor
r.MeshPaintVirtualTexture.Support,true,Constructor
r.MeshPaintVirtualTexture.TileBorderSize,2,Constructor
r.MeshPaintVirtualTexture.TileSize,32,Constructor
r.MeshPaintVirtualTexture.UseCompression,true,Constructor
r.MeshParticle.MinDetailModeForMotionBlur,-1,Constructor
r.MeshReductionModule,QuadricMeshReduction,Code
r.MeshSortingMethodWithoutEarlyZ,0,Constructor
r.MeshStreaming,0,Constructor
r.MinRoughnessOverride,0,Constructor
r.MinScreenBoundsIgnoreDistance.Experimental,0,Constructor
r.MinScreenBoundsRadius.Experimental,0,Constructor
r.MinScreenBoundsRadius.RuntimeReflection,0.02,Constructor
r.MinScreenBoundsSphereRadiusCutoff.Experimental,1,Constructor
r.MinScreenRadiusForDepthPrepass,0.03,Constructor
r.MinScreenRadiusForLights,0.03,Constructor
r.MinYResolutionFor3DView,360,Constructor
r.MinYResolutionForUI,720,Constructor
r.MipMapLODBias,0,Constructor
r.Mobile.AdrenoOcclusionMode,0,Constructor
r.Mobile.AllowCapsuleLights,1,Constructor
r.Mobile.AllowDeferredShadingOpenGL,1,Constructor
r.Mobile.AllowDistanceFieldShadows,1,Constructor
r.Mobile.AllowDitheredLODTransition,false,Constructor
r.Mobile.AllowFramebufferFetch,0,Constructor
r.Mobile.AllowPerPixelShadingModels,1,Constructor
r.Mobile.AllowPixelDepthOffset,1,Constructor
r.Mobile.AmbientOcclusion,0,Constructor
r.Mobile.AntiAliasing,2,Constructor
r.Mobile.CustomDepthForTranslucency,1,Constructor
r.Mobile.DBuffer,0,Constructor
r.Mobile.DesiredResX,0,Constructor
r.Mobile.DesiredResY,0,Constructor
r.Mobile.DiffuseFromCapture,false,Constructor
r.Mobile.DisableVertexFog,1,Constructor
r.Mobile.DistanceFieldAO,0,Constructor
r.Mobile.Distortion.BeforeTranslucency,0,Constructor
r.Mobile.EarlyZPass,0,Constructor
r.Mobile.EnableCapsuleDirectShadows,0,Constructor
r.Mobile.EnableCapsuleShadows,0,Constructor
r.Mobile.EnableCloth,true,Constructor
r.Mobile.EnableClusteredDeferredShadingPermutations,0,Constructor
r.Mobile.EnableMovableLightCSMShaderCulling,1,Constructor
r.Mobile.EnableMovablePointLightsShadows,0,Constructor
r.Mobile.EnableMovableSpotlightsShadow,0,Constructor
r.Mobile.EnableOcclusionExtraFrame,true,Constructor
r.Mobile.EnableStaticAndCSMShadowReceivers,1,Constructor
r.Mobile.ExtendedGBuffer,0,Constructor
r.Mobile.EyeAdaptation,1,Constructor
r.Mobile.FloatPrecisionMode,0,Constructor
r.Mobile.ForceDepthResolve,0,Constructor
r.Mobile.Forward.DecalLighting,1,Constructor
r.Mobile.Forward.EnableClusteredReflections,0,Constructor
r.Mobile.Forward.EnableIESProfiles,0,Constructor
r.Mobile.Forward.EnableLocalLights,1,Constructor
r.Mobile.Forward.EnableParticleLights,0,Constructor
r.Mobile.Forward.LocalLightsSinglePermutation,0,Constructor
r.Mobile.Forward.RenderRectLightsAsSpotLights,1,Constructor
r.Mobile.IgnoreDeferredShadingSkyLightChannels,0,Constructor
r.Mobile.MaxVisibleMovableSpotLightShadows,8,Constructor
r.Mobile.MeshSortingMethod,-1,Constructor
r.Mobile.MobileSupportBloomSetupRareCases,0,Constructor
r.Mobile.PixelFogDepthTest,1,Constructor
r.Mobile.PixelFogQuality,1,Constructor
r.Mobile.PropagateAlpha,0,Constructor
r.Mobile.SceneColorFormat,0,Constructor
r.Mobile.SceneDepthAux,1,Constructor
r.Mobile.ScreenSpaceReflections,0,Constructor
r.Mobile.ScreenSpaceReflections.Intensity,-1,Constructor
r.Mobile.ShadingModelsMask,-1,Constructor
r.Mobile.ShadingPath,1,Constructor
r.Mobile.Shadow.CSMShaderCullingDebugGfx,0,Constructor
r.Mobile.Shadow.CSMShaderCullingMethod,1,Constructor
r.Mobile.ShadowmapRoundUpToPowerOfTwo,0,Constructor
r.Mobile.SkinCache.Allow,true,Constructor
r.Mobile.SSAOHalfResolution,0,Constructor
r.Mobile.SSAOShadingModelsExcludeMask,0,Constructor
r.Mobile.SupportGPUScene,1,Constructor
r.Mobile.SupportInsetShadows,false,Constructor
r.Mobile.SupportsGen4TAA,1,Constructor
r.Mobile.TonemapSubpass,0,Constructor
r.Mobile.Upscale.Quality,1,Constructor
r.Mobile.UseClusteredDeferredShading_ToBeRemoved,0,Constructor
r.Mobile.UseCSMShaderBranch,0,Constructor
r.Mobile.UseHWsRGBEncoding,0,Constructor
r.Mobile.UseLightStencilCulling,0,Constructor
r.Mobile.XRMSAAMode,0,Constructor
r.MobileContentScaleFactor,1,Constructor
r.MobileHDR,1,Constructor
r.MobileMaxLoadedMips,15,Constructor
r.MobileReduceLoadedMips,0,Constructor
r.MorphTarget.Enable,true,Constructor
r.MorphTarget.ForceUpdate,0,Constructor
r.MorphTarget.MaxBlendWeight,5,Constructor
r.MorphTarget.Mode,1,Constructor
r.MorphTarget.WeightThreshold,1e-08,Constructor
r.MotionBlur.AllowExternalVelocityFlatten,1,Constructor
r.MotionBlur.Amount,-1,Constructor
r.MotionBlur.Directions,1,Constructor
r.MotionBlur.HalfResGather,0,Scalability
r.MotionBlur.HalfResInput,1,Constructor
r.MotionBlur.Max,-1,Constructor
r.MotionBlur.Scale,1,Constructor
r.MotionBlur.TargetFPS,-1,Constructor
r.MotionBlur.Visualize,0,Constructor
r.MotionBlur.VisualizeDebugInformation,true,Constructor
r.MotionBlur2ndScale,1,Constructor
r.MotionBlurDebug,0,Constructor
r.MotionBlurFiltering,0,Constructor
r.MotionBlurQuality,4,Scalability
r.MotionBlurScatter,0,Constructor
r.MotionBlurSeparable,0,Constructor
r.MotionVectorSimulation,0,Constructor
r.MouseCursor.X,-1,Constructor
r.MouseCursor.Y,-1,Constructor
r.MPC.MaxVectorStorage,1280,Constructor
r.MrMesh.BrickCullingDebugState,0,Constructor
r.MSAA.CompositingSampleCount,4,Constructor
r.MSAACount,4,Constructor
r.MultiGPU.Transfer,2,Constructor
r.MultithreadedLightmapEncode,1,Constructor
r.MultithreadedShadowmapEncode,1,Constructor
r.Nanite,1,Constructor
r.Nanite.AdaptiveTessellation.Mode,2,Constructor
r.Nanite.AllowAssemblies,0,Constructor
r.Nanite.AllowCurves,0,Constructor
r.Nanite.AllowMaskedMaterials,1,Constructor
r.Nanite.AllowMeshShaders,1,Constructor
r.Nanite.AllowProgrammableDistances,1,Constructor
r.Nanite.AllowSkinnedMeshes,1,Constructor
r.Nanite.AllowSplineMeshes,1,Constructor
r.Nanite.AllowTranslucency,0,Constructor
r.Nanite.AllowVoxels,0,Constructor
r.Nanite.AllowWorkGraphMaterials,0,Constructor
r.Nanite.AsyncRasterization,1,Constructor
r.Nanite.AsyncRasterization.CustomPass,1,Constructor
r.Nanite.AsyncRasterization.LumenMeshCards,0,Constructor
r.Nanite.AsyncRasterization.ShadowDepths,0,Constructor
r.Nanite.BinningTechnique,0,Constructor
r.Nanite.Builder.FallbackTargetAutoRelativeError,1,Constructor
r.Nanite.Builder.FallbackTriangleThreshold,0,Constructor
r.Nanite.Builder.RayTracingProxy.FallbackTargetAutoRelativeError,2,Constructor
r.Nanite.Bundle.Emulation,0,Constructor
r.Nanite.Bundle.Raster,0,Constructor
r.Nanite.Bundle.RasterHW,1,Constructor
r.Nanite.Bundle.RasterSW,1,Constructor
r.Nanite.Bundle.Shading,0,Constructor
r.Nanite.CacheMaterialBinsParallel,1,Constructor
r.Nanite.CacheRelevanceParallel,1,Constructor
r.Nanite.CoarseMeshStreamingMode,0,Constructor
r.Nanite.CoarseStreamingMeshMemoryPoolSizeInMB,220,Constructor
r.Nanite.ComputeMaterials.Sort,1,Constructor
r.Nanite.ComputeRasterization,1,Constructor
r.Nanite.Culling.DrawDistance,1,Constructor
r.Nanite.Culling.Frustum,1,Constructor
r.Nanite.Culling.GlobalClipPlane,1,Constructor
r.Nanite.Culling.HZB,1,Constructor
r.Nanite.Culling.MinLOD,1,Constructor
r.Nanite.Culling.ShowAssemblyParts,1,Constructor
r.Nanite.Culling.SkinnedNodeBounds,1,Constructor
r.Nanite.Culling.TwoPass,1,Constructor
r.Nanite.Culling.WPODisableDistance,1,Constructor
r.Nanite.Curve.SubdivisionMaxSegments,16,Constructor
r.Nanite.Curve.SubdivisionThreshold,2,Constructor
r.Nanite.Curve.TiledRasterization,0,Constructor
r.Nanite.Curve.TiledRasterization.Debug,false,Constructor
r.Nanite.Curve.TiledRasterization.TileCapacity,128,Constructor
r.Nanite.Curve.TiledRasterization.UseClusterBound,1,Constructor
r.Nanite.CustomDepth,1,Constructor
r.Nanite.CustomDepth.ExportMethod,1,Constructor
r.Nanite.Debug.RenderOnlyRayTracingFarField,false,Constructor
r.Nanite.Debug.ValidateShadeBinning,0,Constructor
r.Nanite.Debug.ValidateShadingBinUB,0,Constructor
r.Nanite.DecompressDepth,0,Constructor
r.Nanite.DepthBucketing,1,Constructor
r.Nanite.DepthBucketPixelProgrammable,1,Constructor
r.Nanite.DepthBucketsMaxZ,100000,Constructor
r.Nanite.DepthBucketsMinZ,1000,Constructor
r.Nanite.DicingRate,2,Constructor
r.Nanite.Editor.DrawLists.AsyncUpdates,true,Constructor
r.Nanite.EmitMaterialPerformanceWarnings,0,Constructor
r.Nanite.ExportDepth,1,Constructor
r.Nanite.FastTileClear,1,Constructor
r.Nanite.FastTileClear.DynResOpt,0,Constructor
r.Nanite.FastTileClear.SubTiles,1,Constructor
r.Nanite.FastTileVis,-1,Constructor
r.Nanite.FastVisBufferClear,1,Constructor
r.Nanite.FilterPrimitives,1,Constructor
r.Nanite.Foliage,0,Constructor
r.Nanite.ForceEnableMeshes,0,Constructor
r.Nanite.InstanceHierarchyArgsMaxWorkGroups,4194304,Constructor
r.Nanite.IsNaniteSkeletalMeshSettingsInitiallyCollapsed,true,Constructor
r.Nanite.IsNaniteStaticMeshSettingsInitiallyCollapsed,false,Constructor
r.Nanite.IsolateInvalidCoarseMesh,0,Constructor
r.Nanite.LargePageRectThreshold,128,Constructor
r.Nanite.MaterialBuffers.AsyncUpdates,true,Constructor
r.Nanite.MaterialBuffers.Defrag,true,Constructor
r.Nanite.MaterialBuffers.Defrag.Force,0,Constructor
r.Nanite.MaterialBuffers.Defrag.LowWaterMark,0.375,Constructor
r.Nanite.MaterialBuffers.ForceFullUpload,0,Constructor
r.Nanite.MaterialBuffers.MaterialDataMinSizeBytes,4096,Constructor
r.Nanite.MaterialBuffers.PrimitiveDataMinSizeBytes,4096,Constructor
r.Nanite.MaterialOverrides,1,Constructor
r.Nanite.MaterialVisibility,0,Constructor
r.Nanite.MaterialVisibility.Async,1,Constructor
r.Nanite.MaterialVisibility.Instances,0,Constructor
r.Nanite.MaterialVisibility.Primitives,1,Constructor
r.Nanite.MaterialVisibility.RasterBins,1,Constructor
r.Nanite.MaterialVisibility.ShadingBins,1,Constructor
r.Nanite.MaxCandidateClusters,16777216,Constructor
r.Nanite.MaxCandidatePatches,2097152,Constructor
r.Nanite.MaxNodes,2097152,Constructor
r.Nanite.MaxPatchesPerGroup,5,Constructor
r.Nanite.MaxPixelsPerEdge,1,Constructor
r.Nanite.MaxVisibleAssemblyParts,262144,Constructor
r.Nanite.MaxVisibleClusters,4194304,Constructor
r.Nanite.MaxVisiblePatches,2097152,Constructor
r.Nanite.MeshShaderRasterization,1,Constructor
r.Nanite.MeshShaderTranslucency,1,Constructor
r.Nanite.MinMaterialQuality,0,Constructor
r.Nanite.MinPixelsPerEdgeHW,32,Constructor
r.Nanite.MultipleSceneViewsInOnePass,1,Constructor
r.Nanite.OccludedInstancesBufferSizeMultiplier,1,Constructor
r.Nanite.ParallelBasePassBuild,1,Constructor
r.Nanite.PersistentThreadsCulling,0,Constructor
r.Nanite.Picking.Crosshair,0,Constructor
r.Nanite.Picking.Domain,0,Constructor
r.Nanite.PrimaryRaster.PixelsPerEdgeScaling,30,Constructor
r.Nanite.PrimaryRaster.TimeBudgetMs,0,Constructor
r.Nanite.PrimeHZB,0,Constructor
r.Nanite.PrimeHZB.DrawOnlyRTFarField,true,Constructor
r.Nanite.PrimeHZB.MaxPixelsPerEdgeMultiplier,32,Constructor
r.Nanite.PrimeHZB.RenderSizeBias,2,Constructor
r.Nanite.PrimeHZB.SampleNonNanite,false,Constructor
r.Nanite.PrimeHZB.SceneDepthBias,150,Constructor
r.Nanite.PrimShaderRasterization,1,Constructor
r.Nanite.ProgrammableRaster,1,Constructor
r.Nanite.ProjectEnabled,0,ProjectSetting
r.Nanite.ProxyRenderMode,0,Constructor
r.Nanite.RasterIndirectionMultiplier,1.5,Constructor
r.Nanite.RasterSetupCache,1,Constructor
r.Nanite.RasterSetupTask,1,Constructor
r.Nanite.RasterSort,1,Constructor
r.Nanite.ResummarizeHTile,1,Constructor
r.Nanite.ShadeBinningMode,0,Constructor
r.Nanite.ShadowRaster.PixelsPerEdgeScaling,100,Constructor
r.Nanite.ShadowRaster.TimeBudgetMs,0,Constructor
r.Nanite.ShowStats,0,Constructor
r.Nanite.ShowUnsupportedError,1,Constructor
r.Nanite.SoftwareVRS,1,Constructor
r.Nanite.StaticGeometryInstanceCull,false,Constructor
r.Nanite.StatsFilter,,Constructor
r.Nanite.Streaming.Async,1,Constructor
r.Nanite.Streaming.AsyncCompute,1,Constructor
r.Nanite.Streaming.BandwidthLimit,-1,Constructor
r.Nanite.Streaming.Debug.ExplicitRequests,1,Constructor
r.Nanite.Streaming.Debug.GPURequests,1,Constructor
r.Nanite.Streaming.Debug.Prefetch,1,Constructor
r.Nanite.Streaming.Debug.ReservedResourceIgnoreInitialRootAllocation,1,Constructor
r.Nanite.Streaming.Debug.ReservedResourceRootPageGrowOnly,0,Constructor
r.Nanite.Streaming.Debug.StreamingPoolResize,1,Constructor
r.Nanite.Streaming.Debug.VerificationLevel,1,Constructor
r.Nanite.Streaming.DynamicallyGrowAllocations,1,Constructor
r.Nanite.Streaming.DynamicPageUploadBuffer,0,Constructor
r.Nanite.Streaming.GPURequestsBufferMaxSize,1048576,Constructor
r.Nanite.Streaming.GPURequestsBufferMinSize,65536,Constructor
r.Nanite.Streaming.MaxPageInstallsPerFrame,128,Constructor
r.Nanite.Streaming.MaxPendingPages,128,Constructor
r.Nanite.Streaming.NumInitialRootPages,2048,Constructor
r.Nanite.Streaming.NumRetries,3,Constructor
r.Nanite.Streaming.QualityScale.MaxPoolPercentage,85,Constructor
r.Nanite.Streaming.QualityScale.MinPoolPercentage,70,Constructor
r.Nanite.Streaming.QualityScale.MinQuality,0.3,Constructor
r.Nanite.Streaming.ReservedResources,1,SystemSettingsIni
r.Nanite.Streaming.StreamingPoolSize,512,Constructor
r.Nanite.Streaming.TranscodeWaveSize,0,Constructor
r.Nanite.StreamOut.CacheTraversalData,true,Constructor
r.Nanite.Tessellation,1,Constructor
r.Nanite.ViewMeshLODBias.Enable,1,Constructor
r.Nanite.ViewMeshLODBias.Min,-2,Constructor
r.Nanite.ViewMeshLODBias.Offset,0,Constructor
r.Nanite.Visualize,,Constructor
r.Nanite.Visualize.Advanced,0,Constructor
r.Nanite.Visualize.ComplexityOverhead,7400,Constructor
r.Nanite.Visualize.ComplexityScale,80,Constructor
r.Nanite.Visualize.Composite,-1,Constructor
r.Nanite.Visualize.DebugShading,1,Constructor
r.Nanite.Visualize.EdgeDetect,1,Constructor
r.Nanite.Visualize.OverdrawScale,15,Constructor
r.Nanite.Visualize.PixelProgrammableVisMode,0,Constructor
r.Nanite.VisualizeOverview,Triangles,Clusters,Instances,Primitives,,,,,,,,,Overdraw,ShadingBins,RasterBins,EvaluateWPO,Constructor
r.Nanite.Voxels.UseSourceMeshUVDensity,true,Constructor
r.Nanite.VSMInvalidateOnLODDelta,0,Constructor
r.NeverOcclusionTestDistance,0,Constructor
r.NFOR.AlbedoDivide.RecoverPhase,0,Constructor
r.NFOR.BandwidthSelection,true,Constructor
r.NFOR.BandwidthSelection.Bandwidth,-1,Constructor
r.NFOR.BandwidthSelection.Map.PreserveDetail,false,Constructor
r.NFOR.BandwidthSelection.MSE.PreserveDetail,true,Constructor
r.NFOR.CPU.Regression.Recombine.Type,0,Constructor
r.NFOR.Denoise.Alpha,true,Constructor
r.NFOR.DenoisingFrameIndex,-1,Constructor
r.NFOR.Feature.AddConstant,true,Constructor
r.NFOR.Feature.Depth,false,Constructor
r.NFOR.Feature.Filtering,true,Constructor
r.NFOR.Feature.MaxAlbedoGreyscale,2,Constructor
r.NFOR.Feature.MaxNormalLength,10,Constructor
r.NFOR.FrameCount,2,Constructor
r.NFOR.FrameCount.Condition,1,Constructor
r.NFOR.LinearSolver.Cholesky.Lambda,2e-05,Constructor
r.NFOR.LinearSolver.Device,1,Constructor
r.NFOR.LinearSolver.Type,0,Constructor
r.NFOR.Memory.Mode,1,Constructor
r.NFOR.NonLocalMean.Atlas,true,Constructor
r.NFOR.NonLocalMean.Atlas.Size,2048,Constructor
r.NFOR.NonLocalMean.Atlas.Type,1,Constructor
r.NFOR.NonLocalMean.Feature.Format,1,Constructor
r.NFOR.NonLocalMean.Feature.PatchDistance,5,Constructor
r.NFOR.NonLocalMean.Feature.PatchSize,3,Constructor
r.NFOR.NonLocalMean.Radiance.PatchDistance,9,Constructor
r.NFOR.NonLocalMean.Radiance.PatchSize,3,Constructor
r.NFOR.NonLocalMean.WeightLayout,3,Constructor
r.NFOR.NumOfTile,-1,Constructor
r.NFOR.PredivideAlbedo,1,Constructor
r.NFOR.PredivideAlbedo.Offset,0.1,Constructor
r.NFOR.PredivideAlbedo.OffsetSky,0.2,Constructor
r.NFOR.Reconstruction.Debug.FrameIndex,-1,Constructor
r.NFOR.Reconstruction.Type,0,Constructor
r.NFOR.Regression.Device,1,Constructor
r.NFOR.Regression.MaxDataRatioToParemters,20,Constructor
r.NFOR.Tile.FeatureTileCount.DownScale,2,Constructor
r.NFOR.Tile.Size,213,Constructor
r.NFOR.TileDebug,0,Constructor
r.NFOR.TileDebug.Index,-1,Constructor
r.NormalCurvatureToRoughnessBias,0,Constructor
r.NormalCurvatureToRoughnessExponent,0.333,Constructor
r.NormalCurvatureToRoughnessScale,1,Constructor
r.NormalMapsForStaticLighting,0,Constructor
r.NumBufferedOcclusionQueries,1,Constructor
r.NumFramesUnusedBeforeReleasingGlobalResourceBuffers,30,Constructor
r.OcclusionFeedback.Blending,1,Constructor
r.OcclusionFeedback.Enable,0,Constructor
r.OcclusionQueryDispatchOrder,0,Constructor
r.OIT.SortedPixels,0,Constructor
r.OIT.SortedPixels.Debug,0,Constructor
r.OIT.SortedPixels.Enable,1,Constructor
r.OIT.SortedPixels.MaxSampleCount,4,Constructor
r.OIT.SortedPixels.Method,1,Constructor
r.OIT.SortedPixels.PassType,3,Constructor
r.OIT.SortedPixels.TransmittanceThreshold,0.05,Constructor
r.OIT.SortedTriangles,1,Constructor
r.OIT.SortedTriangles.Debug,0,Constructor
r.OIT.SortedTriangles.Pool,0,Constructor
r.OIT.SortedTriangles.Pool.ReleaseFrameThreshold,100,Constructor
r.OneFrameThreadLag,1,Constructor
r.OpenGL.DisableTextureStreamingSupport,0,Constructor
r.OptimizedWPO.AffectNonNaniteShaderSelection,false,Constructor
r.Ortho.AllowNearPlaneCorrection,true,Constructor
r.Ortho.AutoPlanes,true,Constructor
r.Ortho.AutoPlanes.ClampToMaxFPBuffer,1,Constructor
r.Ortho.AutoPlanes.DepthScale,-1,Constructor
r.Ortho.AutoPlanes.ScaleIncrementingUnits,true,Constructor
r.Ortho.AutoPlanes.ShiftPlanes,0,Constructor
r.Ortho.CalculateDepthThicknessScaling,1,Constructor
r.Ortho.CameraHeightAsViewTarget,true,Constructor
r.Ortho.Debug.ForceAllCamerasToOrtho,false,Constructor
r.Ortho.Debug.ForceCameraFarPlane,2.09715e+06,Constructor
r.Ortho.Debug.ForceCameraNearPlane,-768,Constructor
r.Ortho.Debug.ForceOrthoWidth,1536,Constructor
r.Ortho.Debug.ForceUseAutoPlanes,true,Constructor
r.Ortho.DefaultUpdateNearClipPlane,0,Constructor
r.Ortho.DepthThicknessScale,0.001,Constructor
r.Ortho.EditorDebugClipPlaneScale,1,Constructor
r.Ortho.FogHeightAdjustment,true,Constructor
r.Ortho.UsePreviousMotionVelocityFlattenPass,0,Constructor
r.Ortho.VSM.ClipmapLODBias,0,Constructor
r.Ortho.VSM.EstimateClipmapLevels,true,Constructor
r.Ortho.VSM.ProjectViewOrigin,true,Constructor
r.Ortho.VSM.RayCastViewOrigin,true,Constructor
r.OverlayMaterialMaxDrawDistanceOverride,0,Constructor
r.OverrideShaderDebugDir,,Constructor
r.Paper2D.DrawTwoSided,1,Constructor
r.Paper2D.UsePrebuiltVertexBuffers,1,Constructor
r.ParallelBasePass,1,Constructor
r.ParallelGatherNumPrimitivesPerPacket,256,Constructor
r.ParallelGatherShadowPrimitives,1,Constructor
r.ParallelGeometryCollectionBatchSize,1024,Constructor
r.ParallelInitDynamicShadows,1,Constructor
r.ParallelMeshDecal,1,Constructor
r.ParallelPrePass,1,Constructor
r.ParallelShadows,1,Constructor
r.ParallelShadowsNonWholeScene,0,Constructor
r.ParallelSingleLayerWaterPass,1,Constructor
r.ParallelTranslucency,1,Constructor
r.ParallelVelocity,1,Constructor
r.ParticleLightQuality,2,Scalability
r.ParticleLODBias,0,Constructor
r.PathTracing,1,Constructor
r.PathTracing.AdaptiveSampling,0,Constructor
r.PathTracing.AdaptiveSampling.ErrorThreshold,0.001,Constructor
r.PathTracing.AdaptiveSampling.Visualize,0,Constructor
r.PathTracing.AdjustMultiGPUPasses,true,Constructor
r.PathTracing.ApproximateCaustics,true,Constructor
r.PathTracing.AtmosphereOpticalDepthLUTNumSamples,16384,Constructor
r.PathTracing.AtmosphereOpticalDepthLUTResolution,512,Constructor
r.PathTracing.BackgroundAlpha,0,Constructor
r.PathTracing.CameraMediumTracking,true,Constructor
r.PathTracing.CloudAccelerationMap.NumSamples,64,Constructor
r.PathTracing.CloudAccelerationMap.Resolution,512,Constructor
r.PathTracing.CloudAccelerationMap.Visualize,false,Constructor
r.PathTracing.CloudMultipleScatterMode,1,Constructor
r.PathTracing.CloudRoughnessCutoff,0.05,Constructor
r.PathTracing.CompactionDepth,6,Constructor
r.PathTracing.Debug,0,Constructor
r.PathTracing.DecalRoughnessCutoff,0.15,Constructor
r.PathTracing.Denoiser,-1,Constructor
r.PathTracing.Denoiser.Name,NNEDenoiser,Constructor
r.PathTracing.Denoiser.NormalSpace,0,Constructor
r.PathTracing.Denoiser.Prepass.OutputVarianceTexture,0,Constructor
r.PathTracing.Denoiser.Prepass.RankedLuminanceVariance,0,Constructor
r.PathTracing.Denoiser.Prepass.VarianceType,1,Constructor
r.PathTracing.DispatchSize,2048,Constructor
r.PathTracing.EnableAtmosphereGround,false,Constructor
r.PathTracing.EnableEmissive,-1,Constructor
r.PathTracing.EnableReferenceAtmosphere,-1,Constructor
r.PathTracing.EnableReferenceClouds,1,Constructor
r.PathTracing.EnableReferenceDOF,-1,Constructor
r.PathTracing.Experimental,false,Constructor
r.PathTracing.FilterWidth,3,Constructor
r.PathTracing.FlushDispatch,2,Constructor
r.PathTracing.FogDensityClamp,8,Constructor
r.PathTracing.FrameIndependentTemporalSeed,1,Constructor
r.PathTracing.HeterogeneousVolumes.Pipeline,0,Constructor
r.PathTracing.HeterogeneousVolumes.RebuildEveryFrame,true,Constructor
r.PathTracing.IndirectDispatch,false,Constructor
r.PathTracing.InvalidateOnMaterialParameterChange,true,Constructor
r.PathTracing.LightFunctionColor,true,Constructor
r.PathTracing.LightGridAxis,-1,Constructor
r.PathTracing.LightGridMaxCount,128,Constructor
r.PathTracing.LightGridResolution,256,Constructor
r.PathTracing.MaxBounces,-1,Constructor
r.PathTracing.MaxPathIntensity,-1,Constructor
r.PathTracing.MaxRaymarchSteps,768,Constructor
r.PathTracing.MaxSSSBounces,256,Constructor
r.PathTracing.MeshDecalBias,1,Constructor
r.PathTracing.MeshDecalRoughnessCutoff,0.15,Constructor
r.PathTracing.MISCompensation,1,Constructor
r.PathTracing.MISMode,2,Constructor
r.PathTracing.MultiGPU,false,Constructor
r.PathTracing.OutputPostProcessResources,true,Constructor
r.PathTracing.ProgressDisplay,true,Constructor
r.PathTracing.SamplerType,0,Constructor
r.PathTracing.SamplesPerPixel,-1,Constructor
r.PathTracing.ShaderExecutionReordering,true,Constructor
r.PathTracing.SkylightCaching,1,Constructor
r.PathTracing.SpatialDenoiser,1,Constructor
r.PathTracing.SpatialDenoiser.Type,0,Constructor
r.PathTracing.SSSGuidingRatio,0.5,Constructor
r.PathTracing.Substrate.CompileSimplifiedMaterials,false,Constructor
r.PathTracing.Substrate.UseSimplifiedMaterials,false,Constructor
r.PathTracing.TemporalDenoiser,0,Constructor
r.PathTracing.TemporalDenoiser.alpha,1,Constructor
r.PathTracing.TemporalDenoiser.DeltaE,5,Constructor
r.PathTracing.TemporalDenoiser.DeltaE.HighFrequency,2.1,Constructor
r.PathTracing.TemporalDenoiser.DenoiseSourceImageFirst,0,Constructor
r.PathTracing.TemporalDenoiser.DistanceMetrics,2,Constructor
r.PathTracing.TemporalDenoiser.EnableSubPixelOffset,1,Constructor
r.PathTracing.TemporalDenoiser.eta,1,Constructor
r.PathTracing.TemporalDenoiser.kappa,-1,Constructor
r.PathTracing.TemporalDenoiser.mode,1,Constructor
r.PathTracing.TemporalDenoiser.MotionOperation,1,Constructor
r.PathTracing.TemporalDenoiser.MotionVector.Type,0,Constructor
r.PathTracing.TemporalDenoiser.Name,NFOR,Constructor
r.PathTracing.TemporalDenoiser.PatchCount,1,Constructor
r.PathTracing.TemporalDenoiser.source,0,Constructor
r.PathTracing.TemporalDenoiser.SubPixelOffset.StartMip,8,Constructor
r.PathTracing.TemporalDenoiser.TotalVariation,1,Constructor
r.PathTracing.TemporalDenoiser.Type,0,Constructor
r.PathTracing.TemporalDenoiser.VisualizeMotionVector,0,Constructor
r.PathTracing.TemporalDenoiser.VisWarp,0,Constructor
r.PathTracing.UseAnalyticTransmittance,true,Constructor
r.PathTracing.UseDBuffer,true,Constructor
r.PathTracing.VisibleLights,0,Constructor
r.PathTracing.Visualize,None,Constructor
r.PathTracing.Visualize.AmbientOcclusionMaxDistance,200,Constructor
r.PathTracing.Visualize.IncludeTranslucent,true,Constructor
r.PathTracing.Visualize.IndirectGuiding,false,Constructor
r.PathTracing.Visualize.IndirectGuiding.HashSize,1048576,Constructor
r.PathTracing.Visualize.MaxCount,16,Constructor
r.PathTracing.Visualize.SamplesPerPixel,1,Constructor
r.PathTracing.VolumeIndex,0,Constructor
r.PathTracing.VolumeMISMode,1,Constructor
r.PathTracing.WiperMode,false,Constructor
r.Photography.Available,0,Code
r.PhysicsField.BuildClipmap,1,Constructor
r.PhysicsField.ClipmapCount,4,Constructor
r.PhysicsField.ClipmapDistance,10000,Constructor
r.PhysicsField.ClipmapExponent,2,Constructor
r.PhysicsField.ClipmapResolution,32,Constructor
r.PhysicsField.EnableCulling,1,Constructor
r.PhysicsField.EnableField,1,Constructor
r.PhysicsField.Rendering.EvalType,0,Constructor
r.PhysicsField.Rendering.SystemType,0,Constructor
r.PhysicsField.Rendering.TargetType,20,Constructor
r.PhysicsField.Rendering.TransientLifetime,0,Constructor
r.PhysicsField.SingleTarget,0,Constructor
r.PostProcessAllowBlendModes,1,Constructor
r.PostProcessAllowStencilTest,1,Constructor
r.PostProcessing.Debug.Property,,Constructor
r.PostProcessing.DisableMaterials,0,Constructor
r.PostProcessing.DownsampleChainQuality,1,Constructor
r.PostProcessing.DownsampleQuality,0,Constructor
r.PostProcessing.ForceAsyncDispatch,0,Constructor
r.PostProcessing.GBufferPicking,0,Constructor
r.PostProcessing.PreferCompute,0,Constructor
r.PostProcessing.PropagateAlpha,false,Constructor
r.PostProcessing.QuarterResolutionDownsample,0,Constructor
r.PostProcessing.UserSceneTextureDebug,2,Constructor
r.PostProcessingColorFormat,0,Constructor
r.PrecachePSOsOnComponentRecreateRenderContext,1,Constructor
r.PrecomputedVisibilityWarning,0,Constructor
r.PreloadShaderPriority,2,Constructor
r.PreTileTextures,1,Constructor
r.PreventInvalidMaterialConnections,1,Constructor
r.PrimitiveHasTileOffsetData,1,Constructor
r.ProfileGPU.Root,*,Constructor
r.ProfileGPU.ShowEmptyQueues,true,Constructor
r.ProfileGPU.ShowExclusive,true,Constructor
r.ProfileGPU.ShowHeader,true,Constructor
r.ProfileGPU.ShowInclusive,true,Constructor
r.ProfileGPU.ShowLeafEvents,true,Constructor
r.ProfileGPU.ShowPercentColumn,true,Constructor
r.ProfileGPU.ShowStats,true,Constructor
r.ProfileGPU.ShowUI,true,Constructor
r.ProfileGPU.Sort,0,Constructor
r.ProfileGPU.TableFormatting,true,Constructor
r.ProfileGPU.ThresholdPercent,0,Constructor
r.ProfileGPU.UnicodeOutput,true,Constructor
r.ProxyLODChartColorVerts,0,Constructor
r.ProxyLODCorrectCollapsedWalls,0,Constructor
r.ProxyLODMaterialInParallel,1,Constructor
r.ProxyLODMaxDilationSteps,7,Constructor
r.ProxyLODMeshReductionModule,ProxyLODMeshReduction,Code
r.ProxyLODRemeshOnly,0,Constructor
r.ProxyLODSingleThreadSimplify,0,Constructor
r.ProxyLODTransfer,1,Constructor
r.ProxyLODUseTangentSpace,1,Constructor
r.PRT.Enable,1,Constructor
r.PRT.ReducedMemory,0,Constructor
r.pso.CreateOnRHIThread,false,Constructor
r.pso.EnableAsyncCacheConsolidation,true,Constructor
r.pso.evictiontime,60,Constructor
r.pso.PrecompileThreadPoolPercentOfHardwareThreads,75,Constructor
r.pso.PrecompileThreadPoolSize,0,Constructor
r.pso.PrecompileThreadPoolSizeMax,2147483647,Constructor
r.pso.PrecompileThreadPoolSizeMin,2,Constructor
r.pso.PrecompileThreadPoolThreadPriority,2,Constructor
r.PSO.RuntimeCreationHitchThreshold,20,Constructor
r.PSOPrecache.BoostThreadPriorityForHighestPriorityRequests,0,Constructor
r.PSOPrecache.Components,1,Constructor
r.PSOPrecache.CustomDepth,-1,Constructor
r.PSOPrecache.D3D12.DriverCacheAware,true,Constructor
r.PSOPrecache.DeferredDecalMaterials,-1,Constructor
r.PSOPrecache.DitheredLODFadingOutMaskPass,-1,Constructor
r.PSOPrecache.DrawnComponentBoostStrategy,0,Constructor
r.PSOPrecache.EnableCompileStats,true,Constructor
r.PSOPrecache.FallbackMaterialDelayStratCanIgnorePSOPrioBoost,false,Constructor
r.PSOPrecache.GlobalShaders,1,SystemSettingsIni
r.PSOPrecache.KeepGlobalComputePSOsInMemory,-1,Constructor
r.PSOPrecache.KeepGlobalGraphicPSOsInMemory,-1,Constructor
r.PSOPrecache.KeepInMemoryComputeMaxNum,1000,Constructor
r.PSOPrecache.KeepInMemoryForActiveMaterials,1,SystemSettingsIni
r.PSOPrecache.KeepInMemoryGraphicsMaxNum,2000,Constructor
r.PSOPrecache.KeepInMemoryUntilUsed,0,Constructor
r.PSOPrecache.KeepSlatePSOsInMemoryForActiveMaterials,-1,Constructor
r.PSOPrecache.LandscapeGrassWeightPass,-1,Constructor
r.PSOPrecache.LandscapeMeshProxyCreationStrategy,1,Constructor
r.PSOPrecache.LandscapeProxyCreationStrategy,-1,Constructor
r.PSOPrecache.LightMapPolicyMode,-1,Constructor
r.PSOPrecache.Mode,0,Constructor
r.PSOPrecache.NaniteLumenCardRequired,-1,Constructor
r.PSOPrecache.NaniteProgrammableRasterRequired,-1,Constructor
r.PSOPrecache.NiagaraComponentPSOPrecachePriority,false,Constructor
r.PSOPrecache.ParticlePrecachingTime,-1,Constructor
r.PSOPrecache.PostProcessingMaterial,-1,Constructor
r.PSOPrecache.PrecacheAlphaColorChannel,-1,Constructor
r.PSOPrecache.PrecacheTranslucencyUnderWater,-1,Constructor
r.PSOPrecache.ProjectedShadows,-1,Constructor
r.PSOPrecache.ProxyCreationDelayStrategy,0,Constructor
r.PSOPrecache.ProxyCreationStrategy,1,Constructor
r.PSOPrecache.ProxyCreationWhenPSOReady,1,Constructor
r.PSOPrecache.Resources,0,Constructor
r.PSOPrecache.ShaderPreloadFilterUniqueRequest,true,Constructor
r.PSOPrecache.SkipSlateMaterialDrawOnPSOTooLate,-1,Constructor
r.PSOPrecache.SlateMaterials,-1,Constructor
r.PSOPrecache.StaticMeshComponentPSOPrecachePriority,false,Constructor
r.PSOPrecache.TranslucencyAllPass,-1,Constructor
r.PSOPrecache.TranslucencyLightingVolumeMaterial,-1,Constructor
r.PSOPrecache.TranslucencyStandardBeforeDOF,-1,Constructor
r.PSOPrecache.UnhealthyCacheHitchThresholdMs,80,Constructor
r.PSOPrecache.UnhealthyCacheMaxHitches,100,Constructor
r.PSOPrecache.UseBackgroundThreadForCollection,1,Constructor
r.PSOPrecache.WaterInfoDepthPass,-1,Constructor
r.PSOPrecaching,1,Constructor
r.PSOPrecaching.MinPriorityForActivePrecacheRequests,0,Constructor
r.PSOPrecaching.PermitPriorityEscalation,true,Constructor
r.PSOPrecaching.TaskPriorityThreshold,0,Constructor
r.PurgeEditorSceneDuringPIE,0,Constructor
r.RayTracedTranslucency.Allowed,-1,Constructor
r.RayTracedTranslucency.Debug,0,Constructor
r.RayTracedTranslucency.DownsampleFactor,1,Constructor
r.RayTracedTranslucency.ForceOpaque,false,Constructor
r.RayTracedTranslucency.MaxPrimaryHitEvents,-1,Constructor
r.RayTracedTranslucency.MaxRayIntensity,1000,Constructor
r.RayTracedTranslucency.MaxSecondaryHitEvents,-1,Constructor
r.RayTracedTranslucency.PathThroughputThreshold,0.001,Constructor
r.RayTracedTranslucency.SampleTranslucentReflectionInReflections,1,Constructor
r.RayTracedTranslucency.UseRayTracedRefraction,-1,Constructor
r.RayTracing,0,ProjectSetting
r.RayTracing.AllowInline,1,Constructor
r.RayTracing.AllowPipeline,1,Constructor
r.RayTracing.AmbientOcclusion,-1,Constructor
r.RayTracing.AmbientOcclusion.EnableMaterials,0,Constructor
r.RayTracing.AmbientOcclusion.EnableTwoSidedGeometry,0,Constructor
r.RayTracing.AmbientOcclusion.SamplesPerPixel,-1,Constructor
r.RayTracing.ApproximateCompactionRatio,0.5,Constructor
r.RayTracing.AsyncBuild,0,Constructor
r.RayTracing.AutoInstance,1,Constructor
r.RayTracing.CompileMaterialAHS,1,Constructor
r.RayTracing.CompileMaterialCHS,1,Constructor
r.RayTracing.Culling,3,Constructor
r.RayTracing.Culling.Angle,1,Constructor
r.RayTracing.Culling.PerInstance,1,Constructor
r.RayTracing.Culling.Radius,30000,Constructor
r.RayTracing.Culling.UseDistanceToBox,1,Constructor
r.RayTracing.Culling.UseGroupIds,0,Constructor
r.RayTracing.Culling.UseMinDrawDistance,1,Constructor
r.Raytracing.Debug.ForceRuntimeBLAS,0,Constructor
r.RayTracing.Debug.GeometryMemoryPool.AlwaysResidentWarningPercentage,20,Constructor
r.RayTracing.DebugDisableTriangleCull,0,Constructor
r.RayTracing.DebugForceOpaque,0,Constructor
r.RayTracing.DecalGrid.Axis,-1,Constructor
r.RayTracing.DecalGrid.MaxCount,128,Constructor
r.RayTracing.DecalGrid.Resolution,256,Constructor
r.RayTracing.DynamicGeometry.ForceBuild.MaxPrimitivesPerFrame,0,Constructor
r.RayTracing.DynamicGeometry.ForceBuild.MinUpdatesSinceLastBuild,-1,Constructor
r.RayTracing.DynamicGeometry.MaxUpdatePrimitivesPerFrame,1000,Scalability
r.RayTracing.DynamicGeometry.PriorityBasedUpdate,0,Constructor
r.RayTracing.DynamicGeometry.PriorityBasedUpdate.LastUpdateWeight,0.01,Constructor
r.RayTracing.DynamicGeometry.PriorityBasedUpdate.MaxFramesSinceLastUpdate,60,Constructor
r.RayTracing.DynamicGeometry.SharedVertexBufferGarbageCollectLatency,30,Constructor
r.RayTracing.DynamicGeometry.SharedVertexBufferSizeInMB,4,Constructor
r.RayTracing.DynamicGeometryLastRenderTimeUpdateDistance,5000,Constructor
r.RayTracing.DynamicInstances,true,Constructor
r.RayTracing.DynamicInstances.Parallel,true,Constructor
r.RayTracing.DynamicInstances.Parallel.NumTasks,4,Constructor
r.RayTracing.Enable,1,Constructor
r.RayTracing.EnableMaterials,1,Constructor
r.RayTracing.EnableOnDemand,1,Constructor
r.RayTracing.ExcludeDecals,0,Constructor
r.RayTracing.ExcludeSky,1,Constructor
r.RayTracing.ExcludeTranslucent,0,Constructor
r.RayTracing.ForceAllRayTracingEffects,-1,Constructor
r.RayTracing.Geometry.Cable,1,Constructor
r.RayTracing.Geometry.Cable.WPO,1,Constructor
r.RayTracing.Geometry.Cable.WPO.Culling,1,Constructor
r.RayTracing.Geometry.Cable.WPO.CullingRadius,12000,Constructor
r.RayTracing.Geometry.GeometryCache,1,Constructor
r.RayTracing.Geometry.GeometryCollection,0,Constructor
r.RayTracing.Geometry.GeometryCollection.CombinedBLAS,0,Constructor
r.RayTracing.Geometry.GeometryCollection.ForceUpdate,0,Constructor
r.RayTracing.Geometry.GeometryCollection.WPO,true,Constructor
r.RayTracing.Geometry.HierarchicalInstancedStaticMesh,1,Constructor
r.RayTracing.Geometry.InstancedSkeletalMeshes,1,Constructor
r.RayTracing.Geometry.InstancedStaticMeshes,1,Constructor
r.RayTracing.Geometry.InstancedStaticMeshes.CullAngle,2,Constructor
r.RayTracing.Geometry.InstancedStaticMeshes.CullClusterMaxRadiusMultiplier,20,Constructor
r.RayTracing.Geometry.InstancedStaticMeshes.CullClusterRadius,10000,Constructor
r.RayTracing.Geometry.InstancedStaticMeshes.Culling,1,Constructor
r.RayTracing.Geometry.InstancedStaticMeshes.EvaluateWPO,0,Constructor
r.RayTracing.Geometry.InstancedStaticMeshes.LowScaleCullRadius,1000,Constructor
r.RayTracing.Geometry.InstancedStaticMeshes.LowScaleRadiusThreshold,50,Constructor
r.RayTracing.Geometry.InstancedStaticMeshes.MinLOD,0,Constructor
r.RayTracing.Geometry.InstancedStaticMeshes.SimulationClusterRadius,500,Constructor
r.RayTracing.Geometry.InstancedStaticMeshes.SimulationCount,1,Constructor
r.RayTracing.Geometry.Landscape,1,Constructor
r.RayTracing.Geometry.Landscape.DetectTextureStreaming,0,Constructor
r.RayTracing.Geometry.Landscape.FractionalLODUpdateThreshold,0,Constructor
r.RayTracing.Geometry.Landscape.LODBias,0,Constructor
r.RayTracing.Geometry.Landscape.LODsUpdateEveryFrame,0,Constructor
r.RayTracing.Geometry.Landscape.SectionsPerSubsection,1,Constructor
r.RayTracing.Geometry.Landscape.VertexMask,0,Constructor
r.RayTracing.Geometry.LandscapeGrass,0,Constructor
r.RayTracing.Geometry.MaxBuiltPrimitivesPerFrame,-1,Constructor
r.RayTracing.Geometry.NaniteProxies,1,Constructor
r.RayTracing.Geometry.NaniteProxies.LODBias,0,Constructor
r.RayTracing.Geometry.NaniteProxies.WPO,1,Constructor
r.RayTracing.Geometry.NaniteSkinnedProxies,1,Constructor
r.RayTracing.Geometry.NiagaraMeshes,1,Constructor
r.RayTracing.Geometry.NiagaraRibbons,1,Constructor
r.RayTracing.Geometry.NiagaraRibbons.GPU,1,Constructor
r.RayTracing.Geometry.NiagaraSprites,1,Constructor
r.RayTracing.Geometry.PendingBuildPriorityBoostPerFrame,0.001,Constructor
r.RayTracing.Geometry.ProceduralMeshes,1,Constructor
r.RayTracing.Geometry.SkeletalMeshes,0,Scalability
r.RayTracing.Geometry.SkeletalMeshes.LODBias,0,Constructor
r.RayTracing.Geometry.SplineMeshes,1,Constructor
r.RayTracing.Geometry.SplineMeshes.ForceUpdate,0,Constructor
r.RayTracing.Geometry.StaticMeshes,1,Constructor
r.RayTracing.Geometry.StaticMeshes.WPO,1,Constructor
r.RayTracing.Geometry.StaticMeshes.WPO.Culling,1,Constructor
r.RayTracing.Geometry.StaticMeshes.WPO.CullingRadius,12000,Constructor
r.RayTracing.Geometry.SupportSkeletalMeshes,1,Constructor
r.RayTracing.Geometry.Text,1,Constructor
r.RayTracing.Geometry.Water,0,Constructor
r.RayTracing.InstanceBuffer.ParallelFill,true,Constructor
r.RayTracing.InstanceBuffer.RLE,true,Constructor
r.RayTracing.LightFunction,1,Constructor
r.RayTracing.LightGridAxis,-1,Constructor
r.RayTracing.LightGridMaxCount,128,Constructor
r.RayTracing.LightGridResolution,256,Constructor
r.RayTracing.MeshDrawCommands.CacheMultithreaded,1,Constructor
r.RayTracing.MultiGpuMaskTLAS,0,Constructor
r.RayTracing.Nanite.BLAS.Cache,true,Constructor
r.RayTracing.Nanite.BLAS.Cache.RelativeErrorTolerance,0.5,Constructor
r.RayTracing.Nanite.BLAS.Cache.Size,64,Constructor
r.RayTracing.Nanite.BLASScratchSizeMultipleMB,64,Constructor
r.RayTracing.Nanite.CLASAllocationSize,16384,Constructor
r.RayTracing.Nanite.CLASBufferSize,512,Constructor
r.RayTracing.Nanite.Debug,false,Constructor
r.RayTracing.Nanite.Debug.Histograms,false,Constructor
r.RayTracing.Nanite.DriveStreaming,false,Constructor
r.RayTracing.Nanite.ForceUpdateVisible,false,Constructor
r.RayTracing.Nanite.LODBias,0,Constructor
r.RayTracing.Nanite.MaxBuiltPrimitivesPerFrame,8388608,Constructor
r.RayTracing.Nanite.MaxPageInstallBatchSize,32,Constructor
r.RayTracing.Nanite.MaxStagingBufferSizeMB,1024,Constructor
r.RayTracing.Nanite.MinCutError,0,Constructor
r.RayTracing.Nanite.Mode,0,Constructor
r.RayTracing.Nanite.Offscreen.LODBias,1,Constructor
r.RayTracing.Nanite.Offscreen.MinCutError,4,Constructor
r.RayTracing.Nanite.ProfileStreamOut,false,Constructor
r.RayTracing.Nanite.StreamOut.MaxNumIndices,67108864,Constructor
r.RayTracing.Nanite.StreamOut.MaxNumVertices,16777216,Constructor
r.RayTracing.Nanite.Update,true,Constructor
r.RayTracing.Nanite.UseReferenceInstances,true,Constructor
r.RayTracing.NonBlockingPipelineCreation,1,Constructor
r.RayTracing.NormalBias,0.1,Constructor
r.RayTracing.NumAlwaysResidentLODs,1,Constructor
r.RayTracing.OnDemandGeometryBuffersStreaming,true,Constructor
r.RayTracing.ParallelMeshBatchSetup,1,Constructor
r.RayTracing.ParallelMeshBatchSize,1024,Constructor
r.RayTracing.ParallelPrimitiveGather,1,Constructor
r.RayTracing.PersistentSBT,1,Constructor
r.RayTracing.PersistentSBT.ForceAlwaysDirty,0,Constructor
r.RayTracing.PersistentSBT.MinDynamicGeometrySegments,256,Constructor
r.RayTracing.PersistentSBT.MinLocalBindingDataSize,96,Constructor
r.RayTracing.PersistentSBT.MinMissShaderSlots,128,Constructor
r.RayTracing.PersistentSBT.MinStaticGeometrySegments,256,Constructor
r.RayTracing.PersistentSBT.ValidateBindings,1,Constructor
r.RayTracing.PSOCacheSize,50,Constructor
r.RayTracing.RayTracingProxies.ProjectEnabled,false,ProjectSetting
r.RayTracing.ResidentGeometryMemoryPoolSizeInMB,400,Constructor
r.RayTracing.SBT.ImmediateRelease,1,Constructor
r.RayTracing.Scene.BatchedBuild,true,Constructor
r.RayTracing.Scene.BuildMode,0,Scalability
r.RayTracing.Scene.CompactInstances,false,Constructor
r.RayTracing.Scene.CompactInstances.Margin,5000,Constructor
r.RayTracing.Scene.CompactInstances.Min,0,Constructor
r.RayTracing.Scene.UseTracingFeedback,false,Constructor
r.RayTracing.SceneCaptures,-1,Constructor
r.RayTracing.SceneUpdateOnce,0,Constructor
r.RayTracing.Shadows,0,ProjectSetting
r.RayTracing.Shadows.AcceptFirstHit,1,Constructor
r.RayTracing.Shadows.AvoidSelfIntersectionTraceDistance,1,Constructor
r.RayTracing.Shadows.EnableHairVoxel,1,Constructor
r.RayTracing.Shadows.EnableMaterials,1,Constructor
r.RayTracing.Shadows.EnableTwoSidedGeometry,1,Constructor
r.RayTracing.Shadows.HairOcclusionThreshold,1,Constructor
r.RayTracing.Shadows.Lights.Directional,1,Constructor
r.RayTracing.Shadows.Lights.Point,1,Constructor
r.RayTracing.Shadows.Lights.Rect,1,Constructor
r.RayTracing.Shadows.Lights.Spot,1,Constructor
r.RayTracing.Shadows.LODTransitionEnd,5000,Constructor
r.RayTracing.Shadows.LODTransitionStart,4000,Constructor
r.RayTracing.Shadows.MaxBatchSize,8,Constructor
r.RayTracing.Shadows.MaxTranslucencyHitCount,-1,Constructor
r.RayTracing.Shadows.SamplesPerPixel,-1,Constructor
r.RayTracing.Shadows.Translucency,0,Constructor
r.RayTracing.ShowOnScreenWarnings,true,Constructor
r.RayTracing.Sky.HairOcclusionThreshold,1,Constructor
r.RayTracing.SkyLight,0,Constructor
r.RayTracing.SkyLight.DecoupleSampleGeneration,1,Constructor
r.RayTracing.SkyLight.Denoiser,1,Constructor
r.RayTracing.SkyLight.EnableMaterials,1,Constructor
r.RayTracing.SkyLight.EnableTwoSidedGeometry,1,Constructor
r.RayTracing.SkyLight.HairVoxel,1,Constructor
r.RayTracing.SkyLight.MaxRayDistance,1e+07,Constructor
r.RayTracing.SkyLight.MaxShadowThickness,1000,Constructor
r.RayTracing.SkyLight.SamplesPerPixel,-1,Constructor
r.RayTracing.SkyLight.Sampling.StopLevel,0,Constructor
r.RayTracing.SkyLight.ScreenPercentage,100,Constructor
r.RayTracing.Streaming.MaxPendingRequests,128,Constructor
r.RayTracing.Test.CheckIntegrity,false,Constructor
r.RayTracing.Translucency,-1,Constructor
r.RayTracing.Translucency.DirectLighting,1,Constructor
r.RayTracing.Translucency.EmissiveAndIndirectLighting,1,Constructor
r.RayTracing.Translucency.ForceOpaque,false,Constructor
r.RayTracing.Translucency.HeightFog,1,Constructor
r.RayTracing.Translucency.MaxRayDistance,-1,Constructor
r.RayTracing.Translucency.MaxRefractionRays,-1,Constructor
r.RayTracing.Translucency.MaxRoughness,-1,Constructor
r.RayTracing.Translucency.MinRayDistance,-1,Constructor
r.RayTracing.Translucency.PrimaryRayBias,1e-05,Constructor
r.RayTracing.Translucency.Refraction,-1,Constructor
r.RayTracing.Translucency.SamplesPerPixel,1,Constructor
r.RayTracing.Translucency.Shadows,-1,Constructor
r.RayTracing.Translucency.ShadowsTranslucencyType,1,Constructor
r.RayTracing.Transmission.MeanFreePathType,0,Constructor
r.RayTracing.Transmission.RejectionSamplingTrials,0,Constructor
r.RayTracing.Transmission.SamplingTechnique,1,Constructor
r.RayTracing.Transmission.TransmissionSamplingDistanceCulling,1,Constructor
r.RayTracing.UseReferenceBasedResidency,true,Constructor
r.RayTracing.UseTextureLod,0,Constructor
r.RayTracing.Visualize,None,Constructor
r.RayTracing.Visualize.FarField,false,Constructor
r.RayTracing.Visualize.HitCountPerInstance.MaxThreshold,100000,Constructor
r.RayTracing.Visualize.InstanceOverlap.BoundingBoxScale,1.001,Constructor
r.RayTracing.Visualize.InstanceOverlap.Scale,16,Constructor
r.RayTracing.Visualize.InstanceOverlap.ShowWireframe,1,Constructor
r.RayTracing.Visualize.OpaqueOnly,true,Constructor
r.RayTracing.Visualize.Other,0,Constructor
r.RayTracing.Visualize.PickerDomain,0,Constructor
r.RayTracing.Visualize.ProceduralPrimitives,0,Constructor
r.RayTracing.Visualize.Timing,0,Constructor
r.RayTracing.Visualize.TimingScale,1,Constructor
r.RayTracing.Visualize.Traversal.BoxScale,150,Constructor
r.RayTracing.Visualize.Traversal.ClusterScale,2500,Constructor
r.RayTracing.Visualize.Traversal.TriangleScale,30,Constructor
r.RayTracing.Visualize.TriangleHitCount.MaxThreshold,6,Constructor
r.RayTracing.Visualize.TriangleHitCount.TopKMostHits,10,Constructor
r.RDG.AsyncCompute,1,Constructor
r.RDG.AsyncComputeTransientAliasing,1,Constructor
r.RDG.AsyncSetupQueue,1,Constructor
r.RDG.BarrierPass,true,Constructor
r.RDG.ClobberResources,0,Constructor
r.RDG.CullPasses,1,Constructor
r.RDG.Debug.DisableTransientResources,0,Constructor
r.RDG.Debug.ExtendResourceLifetimes,0,Constructor
r.RDG.Debug.FlushGPU,0,Constructor
r.RDG.Debug.GraphFilter,,Constructor
r.RDG.Debug.PassFilter,,Constructor
r.RDG.Debug.ResourceFilter,,Constructor
r.RDG.Events,1,Constructor
r.RDG.ImmediateMode,0,Constructor
r.RDG.MergeRenderPasses,1,Constructor
r.RDG.OverlapUAVs,1,Constructor
r.RDG.ParallelCompile,1,Constructor
r.RDG.ParallelDestruction,1,Constructor
r.RDG.ParallelExecute,2,Constructor
r.RDG.ParallelExecute.PassMax,32,Constructor
r.RDG.ParallelExecute.PassMin,1,Constructor
r.RDG.ParallelExecute.PassTaskModeThreshold,2,Constructor
r.RDG.ParallelExecuteStress,0,Constructor
r.RDG.ParallelMobile,0,Constructor
r.RDG.ParallelSetup,1,Constructor
r.RDG.ParallelSetup.TaskPriorityBias,1,Constructor
r.RDG.TransientAllocator,1,Constructor
r.RDG.TransientAllocator.IndirectArgumentBuffers,0,Constructor
r.RDG.TransientExtractedResources,1,Constructor
r.RDG.TransitionLog,0,Constructor
r.RDG.Validation,1,Constructor
r.RDG.VerboseCSVStats,0,Constructor
r.ReadBuffer.AlignSize,65536,Constructor
r.ReadBuffer.D3D11StaticAllocation,1,Constructor
r.ReadBuffer.MaxRenderingBytesAllocatedPerFrame,33554432,Constructor
r.ReadBuffer.MinSize,262144,Constructor
r.RectLight.VisualizeCullingBarnDoors,0,Constructor
r.RectLightAtlas.ClearAtlas,0,Constructor
r.RectLightAtlas.Debug,0,Constructor
r.RectLightAtlas.Debug.MipLevel,0,Constructor
r.RectLightAtlas.FilterQuality,0,Constructor
r.RectLightAtlas.ForceUpdate,0,Constructor
r.RectLightAtlas.Format,0,Constructor
r.RectLightAtlas.MaxResolution,4096,Constructor
r.RectLightAtlas.MaxTextureRatio,2,Constructor
r.RectLightAtlas.ResetOnChange,0,Constructor
r.ReflectionCapture.CookBakedCaptures,true,Constructor
r.ReflectionCapture.EnableDeferredReflectionsAndSkyLighting,1,Constructor
r.ReflectionCapture.EnableLightFunctions,0,Constructor
r.ReflectionCapture.Runtime,0,Constructor
r.ReflectionCapture.Runtime.Budget,0,Constructor
r.ReflectionCapture.Runtime.BudgetHysteresis,1000,Constructor
r.ReflectionCapture.Runtime.DebugLock,-1,Constructor
r.ReflectionCapture.Runtime.DFShadows,false,Constructor
r.ReflectionCapture.Runtime.FadeInTime,0.5,Constructor
r.ReflectionCapture.Runtime.FastRenderOnLoad,3,Constructor
r.ReflectionCapture.Runtime.FastRenderOnTeleport,3,Constructor
r.ReflectionCapture.Runtime.Foliage,false,Constructor
r.ReflectionCapture.Runtime.Mode,1,Constructor
r.ReflectionCapture.Runtime.SkyLightPixels,true,Constructor
r.ReflectionCapture.Runtime.SmoothBlendSlots,0,Constructor
r.ReflectionCapture.Runtime.SmoothBlendTime,0.5,Constructor
r.ReflectionCapture.Runtime.TeleportDistance,5000,Constructor
r.ReflectionCapture.Runtime.Timeslice,1,Constructor
r.ReflectionCapture.Runtime.TimesliceEditor,3,Constructor
r.ReflectionCapture.Runtime.TimesliceSlow,0,Constructor
r.ReflectionCapture.Runtime.Translucency,false,Constructor
r.ReflectionCaptureResolution,128,Constructor
r.ReflectionCaptureSupersampleFactor,1,Constructor
r.ReflectionCaptureUpdateEveryFrame,0,Constructor
r.ReflectionEnvironment,1,Constructor
r.ReflectionEnvironmentBeginMixingRoughness,0.1,Constructor
r.ReflectionEnvironmentEndMixingRoughness,0.3,Constructor
r.ReflectionEnvironmentLightmapMixBasedOnRoughness,1,Constructor
r.ReflectionEnvironmentLightmapMixing,1,Constructor
r.ReflectionEnvironmentLightmapMixLargestWeight,10000,Constructor
r.ReflectionMethod,3,SystemSettingsIni
r.Reflections.Denoiser,2,Constructor
r.Reflections.Denoiser.PreConvolution,1,Constructor
r.Reflections.Denoiser.ReconstructionSamples,8,Constructor
r.Reflections.Denoiser.TemporalAccumulation,1,Constructor
r.Refraction.Blur,1,ProjectSetting
r.Refraction.Blur.DitheringScaleFactor,0.3,Constructor
r.Refraction.Blur.MaxExposedLuminance,10,Constructor
r.Refraction.Blur.MaxStandardDeviationInScreenRatio,5,Constructor
r.Refraction.Blur.TemporalAA,1,Constructor
r.Refraction.OffsetQuality,1,Scalability
r.RefractionQuality,2,Scalability
r.Render.SafeCullDistanceUpdate,true,Constructor
r.RenderCaptureDraws,0,Constructor
r.RenderCommandFenceBundling,true,Constructor
r.RenderCommandPipe.Cable,true,Constructor
r.RenderCommandPipe.Groom,true,Constructor
r.RenderCommandPipe.NiagaraDynamicData,true,Constructor
r.RenderCommandPipe.SkeletalMesh,true,Constructor
r.RenderCommandPipeMode,2,Constructor
r.RenderCurve,0,Constructor
r.RenderCurve.Debug,0,Constructor
r.RenderCurve.HWRaster,0,Constructor
r.RenderCurve.Raster.MinCoverage,0.05,Constructor
r.RenderCurve.Raster.NumBinners,32,Constructor
r.RenderCurve.Raster.NumRasterizers,256,Constructor
r.RenderCurve.SWRaster,1,Constructor
r.RenderLastFrameInStreamingPause,1,Constructor
r.RenderTargetPool.LogCreationSizes,0,Constructor
r.RenderTargetPool.LogCreationSizesSizeInterval,1048576,Constructor
r.RenderTargetPool.LogCreationSizesSpamInterval,4,Constructor
r.RenderTargetPoolMin,400,Scalability
r.RenderThreadTimeIncludesDependentWaits,0,Constructor
r.RenderTimeFrozen,0,Constructor
r.RHI.UniformBufferContentMap.Enable,false,Constructor
r.RHICmd.MaxAccelerationStructureBuildScratchSize,-1,Constructor
r.RHICmd.ParallelTranslate.BatchSubmissions,false,Constructor
r.RHICmd.ParallelTranslate.CombineSingleAndParallel,false,Constructor
r.RHICmd.ParallelTranslate.Enable,true,Constructor
r.RHICmd.ParallelTranslate.MaxCommandsPerTranslate,256,Constructor
r.RHICmdBufferWriteLocks,1,Constructor
r.RHICmdBypass,0,Constructor
r.RHICmdMinDrawsPerParallelCmdList,64,Constructor
r.RHICmdWidth,8,Constructor
r.RHIRenderPasses,0,Constructor
r.RHIValidation.DebugBreak.Transitions,1,Constructor
r.Roughness.Max,1,Constructor
r.Roughness.Min,0,Constructor
r.SafeStateLookup,1,Constructor
r.SaveEXR.CompressionQuality,1,Constructor
r.SceneCapture.AllowRenderInMainRenderer,true,Constructor
r.SceneCapture.CubeMobileShareCascades,true,Constructor
r.SceneCapture.CubeSinglePass,true,Constructor
r.SceneCapture.CullByDetailMode,true,Constructor
r.SceneCapture.DepthPrepassOptimization,0,Constructor
r.SceneCapture.DiffuseIrradianceReference,true,Constructor
r.SceneCapture.EnableLogging,false,Constructor
r.SceneCapture.EnableOrthographicTiling,false,Constructor
r.SceneCapture.OrthographicNumXTiles,4,Constructor
r.SceneCapture.OrthographicNumYTiles,4,Constructor
r.SceneCapture.OverrideOrthographicTilingValues,false,Constructor
r.SceneColorFormat,4,Scalability
r.SceneColorFringe.Max,-1,Constructor
r.SceneColorFringeQuality,1,Scalability
r.SceneCulling.Async.Query,1,Constructor
r.SceneCulling.Async.Update,1,Constructor
r.SceneCulling.CullChunkViewDistance,false,Constructor
r.SceneCulling.DbgPattern,,Constructor
r.SceneCulling.DebugRenderMode,0,Constructor
r.SceneCulling.ForceRebuildExplicitChunkBounds,false,Constructor
r.SceneCulling.HierarchicalCPUCulling,true,Constructor
r.SceneCulling.HierarchicalCPUCulling.ProjectEnabled,true,Constructor
r.SceneCulling.LogCellSizes,false,Constructor
r.SceneCulling.MaxCellSize,1.04858e+06,Constructor
r.SceneCulling.MinCellSize,4096,Constructor
r.SceneCulling.Precomputed,0,Constructor
r.SceneCulling.SmallFootprintSideThreshold,16,Constructor
r.SceneCulling.TreatInstancedDynamicAsUnCullable,0,Constructor
r.SceneCulling.UseExplicitBoundsForCulling,true,Constructor
r.SceneCulling.ValidateAllInstanceAllocations,0,Constructor
r.SceneCulling.ValidateGPUData,0,Constructor
r.SceneDepthFudgeFactor,1e-13,Constructor
r.SceneDepthHZBAsyncCompute,0,Constructor
r.SceneRender.CleanUpMode,1,Constructor
r.SceneRenderTargetResizeMethod,0,Constructor
r.SceneRenderTargetResizeMethodForceOverride,0,Constructor
r.ScreenPercentage,0,Constructor
r.ScreenPercentage.Auto.PixelCountMultiplier,1,Constructor
r.ScreenPercentage.Default,100,Constructor
r.ScreenPercentage.Default.Desktop.Mode,1,Constructor
r.ScreenPercentage.Default.Mobile.Mode,0,Constructor
r.ScreenPercentage.Default.PathTracer.Mode,0,Constructor
r.ScreenPercentage.Default.VR.Mode,0,Constructor
r.ScreenPercentage.MaxResolution,0,Constructor
r.ScreenPercentage.MinResolution,0,Constructor
r.Screenshot.TextureArrayIndex,0,Constructor
r.Screenshot.TextureArrayMode,0,Constructor
r.ScreenshotDelegate,1,Constructor
r.ScreenshotTest.EmulateSplitscreenMode,0,Constructor
r.SecondaryScreenPercentage.GameViewport,0,Constructor
r.SelectiveBasePassOutputs,0,Constructor
r.SeparateTranslucency,1,Constructor
r.SeparateTranslucencyScreenPercentage,100,Constructor
r.SeparateTranslucencyUpsampleMode,1,Constructor
r.SetRes,1920x992w,SystemSettingsIni
r.SetRes.MonitorIndex,-1,Code
r.ShaderBundle.MaxSize,8192,Constructor
r.ShaderCodeLibrary.AsyncIOAllowDontCache,0,Constructor
r.ShaderCodeLibrary.DefaultAsyncIOPriority,3,Constructor
r.ShaderCodeLibrary.MaxShaderGroupSize,1048576,Constructor
r.ShaderCodeLibrary.MaxShaderPreloadWaitTime,0.001,Constructor
r.ShaderCodeLibrary.OptionalShaderFailChance,0,Constructor
r.ShaderCodeLibrary.PakChunkOverride,false,Constructor
r.ShaderCodeLibrary.PakChunkOverride.DumpDebugInfo,true,Constructor
r.ShaderCodeLibrary.PreloadShaderMaps,1,Constructor
r.ShaderCodeLibrary.SeparateLoadingCache,0,Constructor
r.ShaderCodeLibrary.ShaderMapResourceRef,false,Constructor
r.ShaderCodeLibrary.UseFixForDeferredShaderLibraryDeletion,true,Constructor
r.ShaderCodeLibrary.VisualizeShaderUsage,0,Constructor
r.ShaderCompiler.AllowDistributedCompilation,1,Constructor
r.ShaderCompiler.BreakOnPreprocessJob,,Constructor
r.ShaderCompiler.CrashOnHungShaderMaps,0,Constructor
r.ShaderCompiler.DebugDDCKeyAsset,,Constructor
r.ShaderCompiler.DebugDiscardCacheOutputs,0,Constructor
r.ShaderCompiler.DebugDumpDetailedShaderSource,false,Constructor
r.ShaderCompiler.DebugDumpJobDiagnostics,false,Constructor
r.ShaderCompiler.DebugDumpJobInputHashes,false,Constructor
r.ShaderCompiler.DebugDumpShaderCode,false,Constructor
r.ShaderCompiler.DebugDumpShaderCodePlatformHashes,false,Constructor
r.ShaderCompiler.DebugDumpWorkerCrashLog,false,Constructor
r.ShaderCompiler.DebugStallDDCQuery,0,Constructor
r.ShaderCompiler.DebugStallSubmitJob,0,Constructor
r.ShaderCompiler.DebugValidateJobCache,false,Constructor
r.ShaderCompiler.DisableSourceStripping,false,Constructor
r.ShaderCompiler.DistributedJobDescriptionLevel,1,Constructor
r.ShaderCompiler.DistributedMinBatchSize,50,Constructor
r.ShaderCompiler.DumpDDCKeys,false,Constructor
r.ShaderCompiler.DumpDebugInfoForCacheHits,true,Constructor
r.ShaderCompiler.DumpShaderTimeStats,false,Constructor
r.ShaderCompiler.DumpWorkerDiagnostics,false,Constructor
r.ShaderCompiler.EnableDebugHashAssociation,true,Constructor
r.ShaderCompiler.ForceSpirvDebugInfo,false,Constructor
r.ShaderCompiler.JobCacheDDC,true,Constructor
r.ShaderCompiler.JobCacheDDCCookEnableRemotePolicy,true,Constructor
r.ShaderCompiler.JobCacheDDCEnableRemotePolicy,true,Constructor
r.ShaderCompiler.JobCacheOverflowReducePercent,80,Constructor
r.ShaderCompiler.LogSlowJobThreshold,30,Constructor
r.ShaderCompiler.MaxDumpedShaderSources,10,Constructor
r.ShaderCompiler.MaxJobCacheMemoryMB,16384,Constructor
r.ShaderCompiler.MaxJobCacheMemoryPercent,5,Constructor
r.ShaderCompiler.MaxShaderStatsToPrint,5,Constructor
r.ShaderCompiler.MemoryLimit,0,Constructor
r.ShaderCompiler.MemoryUsedPerWorkerBiasTowardsMax,0.15,Constructor
r.ShaderCompiler.PerShaderDDCAsync,true,Constructor
r.ShaderCompiler.PerShaderDDCCook,true,Constructor
r.ShaderCompiler.PerShaderDDCGlobal,1,Constructor
r.ShaderCompiler.PrintIndividualProcessStats,false,Constructor
r.ShaderCompiler.RecompileShadersOnSave,false,Constructor
r.ShaderCompiler.ShadermapCompilationTimeout,7200,Constructor
r.ShaderCompiler.SoftLimit,true,Constructor
r.ShaderCompiler.SoftLimitInWorkers,0.8,Constructor
r.ShaderCompiler.StatsPrintoutInterval,180,Constructor
r.ShaderCompiler.ThreadLocalPreprocessBuffer,1310720,Constructor
r.ShaderCompiler.TooLongIOThresholdSeconds,0.3,Constructor
r.ShaderCompiler.UseMaterialVSUniformBuffer,true,Constructor
r.ShaderCompiler.WorkerHeartbeat,900,Constructor
r.ShaderCompiler.WorkerScaleUpApproach,1,Constructor
r.ShaderCompilerWarningsFilter,2,Constructor
r.ShaderComplexity.Baseline.Deferred.PS,111,Constructor
r.ShaderComplexity.Baseline.Deferred.UnlitPS,33,Constructor
r.ShaderComplexity.Baseline.Deferred.VS,41,Constructor
r.ShaderComplexity.Baseline.Forward.PS,635,Constructor
r.ShaderComplexity.Baseline.Forward.UnlitPS,47,Constructor
r.ShaderComplexity.Baseline.Forward.VS,134,Constructor
r.ShaderComplexity.MaxLWCComplexity,40000,Constructor
r.ShaderComplexity.MobileMaskedCostMultiplier,1.5,Constructor
r.ShaderDevelopmentMode,0,Constructor
r.ShaderLibrary.PrintExtendedStats,1,Constructor
r.ShaderPipelineCache.AlwaysGenerateOSCache,1,Constructor
r.ShaderPipelineCache.AutoSaveTime,30,Constructor
r.ShaderPipelineCache.AutoSaveTimeBoundPSO,2147483647,Constructor
r.ShaderPipelineCache.BackgroundBatchSize,1,Constructor
r.ShaderPipelineCache.BackgroundBatchTime,0,Constructor
r.ShaderPipelineCache.BatchSize,50,Constructor
r.ShaderPipelineCache.BatchTime,16,Constructor
r.ShaderPipelineCache.ClearOSCache,0,Constructor
r.ShaderPipelineCache.DoNotPrecompileComputePSO,0,Constructor
r.ShaderPipelineCache.DoNotPrecompileRayTracingPSO,false,Constructor
r.ShaderPipelineCache.Enabled,0,Constructor
r.ShaderPipelineCache.ExcludePrecachePSO,0,Constructor
r.ShaderPipelineCache.GameFileMaskEnabled,0,Constructor
r.ShaderPipelineCache.GlobalShadersOnlyWhenPSOPrecaching,0,Constructor
r.ShaderPipelineCache.IncludeAllPrecachedPSOs,0,Constructor
r.ShaderPipelineCache.LazyLoadShadersWhenPSOCacheIsPresent,0,Constructor
r.ShaderPipelineCache.LogPSO,0,Constructor
r.ShaderPipelineCache.MaxPrecompileTime,0,Constructor
r.ShaderPipelineCache.MinBindCount,0,Constructor
r.ShaderPipelineCache.OnlyOpenUserCache,0,Constructor
r.ShaderPipelineCache.PrecompileBatchSize,50,Constructor
r.ShaderPipelineCache.PrecompileBatchTime,0,Constructor
r.ShaderPipelineCache.PreCompileMask,-1,Constructor
r.ShaderPipelineCache.PreOptimizeEnabled,0,Constructor
r.ShaderPipelineCache.PrintNewPSODescriptors,0,Constructor
r.ShaderPipelineCache.PSOPrecacheIncludeMode,2,Constructor
r.ShaderPipelineCache.PSOPrecacheThreadPoolBatchSize,500,Constructor
r.ShaderPipelineCache.PSOPrecacheThreadPoolBatchTime,16,Constructor
r.ShaderPipelineCache.ReportPSO,0,Constructor
r.ShaderPipelineCache.SaveAfterPSOsLogged,0,Constructor
r.ShaderPipelineCache.SaveBoundPSOLog,0,Constructor
r.ShaderPipelineCache.SaveUserCache,0,Constructor
r.ShaderPipelineCache.StartupMode,1,Constructor
r.ShaderPipelineCache.UsePrecachingThreadPool,1,Constructor
r.ShaderPipelineCache.UserCacheUnusedElementCheckPeriod,-1,Constructor
r.ShaderPipelineCache.UserCacheUnusedElementRetainDays,30,Constructor
r.ShaderPipelineCacheTools.IgnoreObsoleteStableCacheFiles,0,Constructor
r.ShaderPipelineCacheTools.IncludeComputePSODuringCook,2,Constructor
r.ShaderPipelines,1,Constructor
r.ShaderPrint,0,Constructor
r.ShaderPrint.DrawOccludedLines,1,Constructor
r.ShaderPrint.FontSize,8,Constructor
r.ShaderPrint.FontSpacingX,0,Constructor
r.ShaderPrint.FontSpacingY,8,Constructor
r.ShaderPrint.Lock,0,Constructor
r.ShaderPrint.MaxCharacters,2048,Constructor
r.ShaderPrint.MaxLine,1024,Constructor
r.ShaderPrint.MaxTriangle,1024,Constructor
r.ShaderPrint.MaxWidget,32,Constructor
r.ShaderPrint.Zoom,0,Constructor
r.ShaderPrint.Zoom.Corner,3,Constructor
r.ShaderPrint.Zoom.Factor,8,Constructor
r.ShaderPrint.Zoom.Pixel,16,Constructor
r.Shaders.AllowCompilingThroughWorkers,1,Constructor
r.Shaders.AllowUniqueSymbols,0,Constructor
r.Shaders.BoundsChecking,1,Constructor
r.Shaders.CheckLevel,1,Constructor
r.Shaders.ExtraData,0,Constructor
r.Shaders.FastMath,1,Constructor
r.Shaders.FlowControlMode,0,Constructor
r.Shaders.ForceDXC,1,Constructor
r.Shaders.GenerateSymbols,0,Constructor
r.Shaders.Optimize,1,Constructor
r.Shaders.PropagateLocalWorkerOOMs,false,Constructor
r.Shaders.RemoveDeadCode,1,Constructor
r.Shaders.RemoveUnusedInterpolators,1,ProjectSetting
r.Shaders.SDCE,true,Constructor
r.Shaders.ShaderTypeStatsFileNameOverride,,Constructor
r.Shaders.SkipCompression,0,Constructor
r.Shaders.SymbolFileNameOverride,,Constructor
r.Shaders.SymbolPathOverride,,Constructor
r.Shaders.Symbols,0,Constructor
r.Shaders.SymbolsInfo,0,Constructor
r.Shaders.UseGBufferRefactor,0,Constructor
r.Shaders.Validation,1,Constructor
r.Shaders.WarningsAsErrors,0,Constructor
r.Shaders.WriteSymbols,0,Constructor
r.Shaders.WriteSymbols.Zip,0,Constructor
r.Shaders.ZeroInitialise,1,Constructor
r.ShaderSource.CompressionLevel,1,Constructor
r.ShaderSource.CompressionMethod,2,Constructor
r.Shading.EnergyConservation,1,Constructor
r.Shading.EnergyConservation.Format,1,Constructor
r.Shading.EnergyConservation.Resolution,32,Constructor
r.Shading.EnergyConservation.RuntimeGeneration,0,Constructor
r.Shading.EnergyPreservation,1,Constructor
r.Shading.FurnaceTest,0,Constructor
r.Shading.FurnaceTest.EnableForProject,0,Constructor
r.Shading.FurnaceTest.SampleCount,64,Constructor
r.Shadow.AlwaysAllocateMaxResolutionAtlases,0,Constructor
r.Shadow.CachedShadowsCastFromMovablePrimitives,1,Constructor
r.Shadow.CachePreshadow,1,Constructor
r.Shadow.CacheWholeSceneShadows,1,Constructor
r.Shadow.CacheWPOPrimitives,0,Constructor
r.Shadow.Classic.ProjectEnabled,1,Constructor
r.Shadow.CSM.MaxCascades,4,Scalability
r.Shadow.CSM.TransitionScale,0.8,Scalability
r.Shadow.CSMCaching,0,Constructor
r.Shadow.CSMDepthBias,10,Constructor
r.Shadow.CSMDepthBoundsTest,1,Constructor
r.Shadow.CSMReceiverBias,0.9,Constructor
r.Shadow.CSMScissorOptim,false,Constructor
r.Shadow.CSMScrollingOverlapAreaThrottle,0.75,Constructor
r.Shadow.CSMShadowDistanceFadeoutMultiplier,1,Constructor
r.Shadow.CSMSlopeScaleDepthBias,3,Constructor
r.Shadow.CSMSplitPenumbraScale,0.5,Constructor
r.Shadow.Denoiser,2,Constructor
r.Shadow.Denoiser.HistoryConvolutionSamples,1,Constructor
r.Shadow.Denoiser.MaxBatchSize,4,Constructor
r.Shadow.Denoiser.PreConvolution,1,Constructor
r.Shadow.Denoiser.ReconstructionSamples,8,Constructor
r.Shadow.Denoiser.TemporalAccumulation,1,Constructor
r.Shadow.Denoiser.Transmission,1,Constructor
r.Shadow.DetectVertexShaderLayerAtRuntime,1,ProjectSetting
r.Shadow.DistanceScale,0.85,Scalability
r.Shadow.DoesFadeUseResolutionScale,true,Constructor
r.Shadow.DrawPreshadowFrustums,0,Constructor
r.Shadow.EnableModulatedSelfShadow,0,Constructor
r.Shadow.FadeExponent,0.25,Constructor
r.Shadow.FadeResolution,64,Constructor
r.Shadow.FarShadow.LODDistanceFactor,1,Constructor
r.Shadow.FarShadowDistanceOverride,0,Constructor
r.Shadow.FarShadowStaticMeshLODBias,0,Constructor
r.Shadow.FilterMethod,0,Constructor
r.Shadow.ForceSingleSampleShadowingFromStationary,0,Constructor
r.Shadow.FreezeCamera,0,Constructor
r.Shadow.InsetDownscaleFactor,1,Constructor
r.Shadow.LightViewConvexHullCull,1,Constructor
r.Shadow.LODDistanceFactor,1,Constructor
r.Shadow.LODDistanceFactor.CascadeScale,0,Constructor
r.Shadow.MaxCSMResolution,2048,Scalability
r.Shadow.MaxCSMScrollingStaticShadowSubjects,5,Constructor
r.Shadow.MaxNumFarShadowCascades,10,Constructor
r.Shadow.MaxNumPointShadowCacheUpdatesPerFrame,-1,Constructor
r.Shadow.MaxNumSpotShadowCacheUpdatesPerFrame,-1,Constructor
r.Shadow.MaxResolution,1024,Scalability
r.Shadow.MaxSoftKernelSize,40,Constructor
r.Shadow.MinDirectionalLightAngleForRTHF,27,Constructor
r.Shadow.MinPreShadowResolution,8,Constructor
r.Shadow.MinResolution,32,Constructor
r.Shadow.Nanite,1,Constructor
r.Shadow.NaniteLODBias,1,Constructor
r.Shadow.NaniteUpdateStreaming,1,Constructor
r.Shadow.NaniteUseHZB,1,Constructor
r.Shadow.OcclusionCullCascadedShadowMaps,0,Constructor
r.Shadow.OnePassPointLight.UseCachedMDCs,true,Constructor
r.Shadow.PerObject,1,Constructor
r.Shadow.PerObjectCastDistanceMin,32768,Constructor
r.Shadow.PerObjectCastDistanceRadiusScale,8,Constructor
r.Shadow.PerObjectDirectionalDepthBias,10,Constructor
r.Shadow.PerObjectDirectionalSlopeDepthBias,3,Constructor
r.Shadow.PerObjectSpotLightDepthBias,3,Constructor
r.Shadow.PerObjectSpotLightSlopeDepthBias,3,Constructor
r.Shadow.PointLightDepthBias,0.02,Constructor
r.Shadow.PointLightSlopeScaleDepthBias,3,Constructor
r.Shadow.PreshadowExpand,0.15,Constructor
r.Shadow.PreShadowFadeResolution,16,Constructor
r.Shadow.PreShadowResolutionFactor,0.5,Scalability
r.Shadow.Preshadows,1,Constructor
r.Shadow.PreshadowsForceLowestDetailLevel,0,Constructor
r.Shadow.RadiusThreshold,0.04,Scalability
r.Shadow.RecordInteractionShadowPrimitives,1,Constructor
r.Shadow.RectLightDepthBias,0.025,Constructor
r.Shadow.RectLightReceiverBias,0.3,Constructor
r.Shadow.RectLightSlopeScaleDepthBias,2.5,Constructor
r.Shadow.ResolutionScaleZeroDisablesSm,1,Constructor
r.Shadow.Scene.DebugDrawLightActiveStateTracking,0,Constructor
r.Shadow.Scene.LightActiveFrameCount,10,Constructor
r.shadow.ShadowMapsRenderEarly,0,Constructor
r.Shadow.ShadowMaxSlopeScaleDepthBias,1,Constructor
r.Shadow.ShouldBeginDeferredCullingAfterShadowRendering,1,Constructor
r.Shadow.SkipCullingNaniteMeshes,1,Constructor
r.Shadow.SpotLightDepthBias,3,Constructor
r.Shadow.SpotLightReceiverBias,0.5,Constructor
r.Shadow.SpotLightSlopeDepthBias,3,Constructor
r.Shadow.SpotLightTransitionScale,60,Constructor
r.Shadow.StencilCulling,1,Constructor
r.Shadow.StencilCullingArtifactWorkaround,1,Constructor
r.Shadow.StencilOptimization,1,Constructor
r.Shadow.TexelsPerPixel,1.27324,Constructor
r.Shadow.TexelsPerPixelPointlight,1.27324,Constructor
r.Shadow.TexelsPerPixelRectlight,1.27324,Constructor
r.Shadow.TexelsPerPixelSpotlight,2.54648,Constructor
r.Shadow.TransitionScale,60,Constructor
r.Shadow.TranslucentPerObject.ProjectEnabled,0,Constructor
r.Shadow.UnbuiltNumWholeSceneDynamicShadowCascades,4,Constructor
r.Shadow.UnbuiltPreviewInGame,1,Constructor
r.Shadow.UnbuiltWholeSceneDynamicShadowRadius,200000,Constructor
r.Shadow.UseOctreeForCulling,1,Constructor
r.Shadow.Virtual.AccumulateStats,0,Constructor
r.Shadow.Virtual.AllocatePagePoolAsReservedResource,1,Constructor
r.Shadow.Virtual.AllowScreenOverflowMessages,1,Constructor
r.Shadow.Virtual.Cache,1,Constructor
r.Shadow.Virtual.Cache.AllocateViaLRU,1,Constructor
r.Shadow.Virtual.Cache.CPUCullInvalidationsOutsideLightRadius,1,Constructor
r.Shadow.Virtual.Cache.DebugSkipDynamicPageInvalidation,0,Constructor
r.Shadow.Virtual.Cache.DebugSkipRevealedPrimitivesInvalidation,0,Constructor
r.Shadow.Virtual.Cache.DeformableMeshesInvalidate,1,Constructor
r.Shadow.Virtual.Cache.ForceInvalidateDirectional,0,Constructor
r.Shadow.Virtual.Cache.ForceInvalidateLocal,0,Constructor
r.Shadow.Virtual.Cache.FramesStaticThreshold,100,Constructor
r.Shadow.Virtual.Cache.InvalidateUseHZB,1,Constructor
r.Shadow.Virtual.Cache.MaxLightAgeSinceLastRequest,10,Constructor
r.Shadow.Virtual.Cache.MaxPageAgeSinceLastRequest,1000,Constructor
r.Shadow.Virtual.Clipmap.CullDynamicTightly,true,Constructor
r.Shadow.Virtual.Clipmap.FirstCoarseLevel,15,Constructor
r.Shadow.Virtual.Clipmap.FirstLevel,6,Constructor
r.Shadow.Virtual.Clipmap.LastCoarseLevel,18,Constructor
r.Shadow.Virtual.Clipmap.LastLevel,22,Constructor
r.Shadow.Virtual.Clipmap.MinCameraViewportWidth,0,Constructor
r.Shadow.Virtual.Clipmap.UseConservativeCulling,0,Constructor
r.Shadow.Virtual.Clipmap.WPODisableDistance,1,Constructor
r.Shadow.Virtual.Clipmap.WPODisableDistance.InvalidateOnScaleChange,0,Constructor
r.Shadow.Virtual.Clipmap.WPODisableDistance.LodBias,3,Constructor
r.Shadow.Virtual.Clipmap.ZRangeScale,1000,Constructor
r.Shadow.Virtual.CoarsePagePixelThresholdDynamic,16,Constructor
r.Shadow.Virtual.CoarsePagePixelThresholdDynamicNanite,4,Constructor
r.Shadow.Virtual.CoarsePagePixelThresholdStatic,1,Constructor
r.Shadow.Virtual.CullBackfacingPixels,1,Constructor
r.Shadow.Virtual.DebugDrawFroxelRange,20,Constructor
r.Shadow.Virtual.DebugDrawFroxels,0,Constructor
r.Shadow.Virtual.DebugSkipMergePhysical,0,Constructor
r.Shadow.Virtual.DeferredInvalidationBudget,-1,Constructor
r.Shadow.Virtual.DistantLightMode,1,Constructor
r.Shadow.Virtual.DynamicDeallocationMode,0,Constructor
r.Shadow.Virtual.DynamicHZB,0,Constructor
r.Shadow.Virtual.DynamicRes.LoadBudget,0,Constructor
r.Shadow.Virtual.DynamicRes.MaxComputeResolutionLodBiasDirectional,99999,Constructor
r.Shadow.Virtual.DynamicRes.MaxComputeResolutionLodBiasLocal,99999,Constructor
r.Shadow.Virtual.DynamicRes.MaxPagePoolLoadFactor,0.85,Constructor
r.Shadow.Virtual.DynamicRes.MaxResolutionLodBias,2,Constructor
r.Shadow.Virtual.DynamicRes.PerVSMBiasHistoryWeight,0.9,Constructor
r.Shadow.Virtual.DynamicRes.TimeBudgetMs,0,Constructor
r.Shadow.Virtual.Enable,1,ProjectSetting
r.Shadow.Virtual.ForceFullHZBUpdate,0,Constructor
r.Shadow.Virtual.ForceFullPageClears,0,Constructor
r.Shadow.Virtual.ForcePerLightShadowMaskClear,0,Constructor
r.Shadow.Virtual.MarkCoarsePagesDirectional,2,Constructor
r.Shadow.Virtual.MarkCoarsePagesLocal,2,Scalability
r.Shadow.Virtual.MarkPagesUsingFroxels,0,Constructor
r.Shadow.Virtual.MarkPixelPages,1,Constructor
r.Shadow.Virtual.MarkPixelPagesMipModeLocal,0,Constructor
r.Shadow.Virtual.MaxDistantUpdatePerFrame,1,Constructor
r.Shadow.Virtual.MaxDOFResolutionBias,1,Constructor
r.Shadow.Virtual.MaxPhysicalPages,1024,SystemSettingsIni
r.Shadow.Virtual.Nanite.AllowMultipassViews,1,Constructor
r.Shadow.Virtual.Nanite.AllowTessellationDirectional,1,Constructor
r.Shadow.Virtual.Nanite.AllowTessellationLocal,1,Constructor
r.Shadow.Virtual.Nanite.MaterialVisibility,0,Constructor
r.Shadow.Virtual.NonNanite.Batch,1,Constructor
r.Shadow.Virtual.NonNanite.CulledInstanceAllocationFactor,1,Constructor
r.Shadow.Virtual.NonNanite.IncludeInCoarsePages,1,Constructor
r.Shadow.Virtual.NonNanite.LargeInstancePageAreaThreshold,-1,Constructor
r.Shadow.Virtual.NonNanite.MaxCulledInstanceAllocationSize,134217728,Constructor
r.Shadow.Virtual.NonNanite.NumPageAreaDiagSlots,0,Constructor
r.Shadow.Virtual.NonNanite.ProjectEnabled,1,Constructor
r.Shadow.Virtual.NonNanite.SinglePassBatched,1,Constructor
r.Shadow.Virtual.NonNanite.UseHZB,1,Constructor
r.Shadow.Virtual.NonNanite.UseRadiusThreshold,1,Constructor
r.Shadow.Virtual.NormalBias,0.5,Constructor
r.Shadow.Virtual.OnePassProjection,1,Constructor
r.Shadow.Virtual.OnePassProjection.MaxLightsPerPixel,16,Constructor
r.Shadow.Virtual.OnePassProjection.SkipScreenShadowMask,1,Constructor
r.Shadow.Virtual.PageDilationBorderSizeDirectional,0.05,Constructor
r.Shadow.Virtual.PageDilationBorderSizeLocal,0.05,Constructor
r.Shadow.Virtual.PageMarkingPixelStrideX,2,Constructor
r.Shadow.Virtual.PageMarkingPixelStrideY,2,Constructor
r.Shadow.Virtual.PrefilteredDistant,false,Constructor
r.Shadow.Virtual.PrefilteredDistant.HistoryBlendFactor,0.87,Constructor
r.Shadow.Virtual.PrefilteredDistant.ProjectEnable,false,Constructor
r.Shadow.Virtual.ProjectEnabled,1,Constructor
r.Shadow.Virtual.ResolutionLodBiasDirectional,0,SystemSettingsIni
r.Shadow.Virtual.ResolutionLodBiasDirectionalMoving,0,Scalability
r.Shadow.Virtual.ResolutionLodBiasLocal,2,SystemSettingsIni
r.Shadow.Virtual.ResolutionLodBiasLocalMoving,1,Scalability
r.Shadow.Virtual.ScreenRayLength,0.015,Constructor
r.Shadow.Virtual.ShowClipmapStats,-1,Constructor
r.Shadow.Virtual.ShowLightDrawEvents,0,Constructor
r.Shadow.Virtual.SMRT.AdaptiveRayCount,1,Constructor
r.Shadow.Virtual.SMRT.ExtrapolateMaxSlopeDirectional,5,Constructor
r.Shadow.Virtual.SMRT.ExtrapolateMaxSlopeLocal,0.05,Constructor
r.Shadow.Virtual.SMRT.MaxRayAngleFromLight,0.03,Constructor
r.Shadow.Virtual.SMRT.MaxSlopeBiasLocal,50,Constructor
r.Shadow.Virtual.SMRT.RayCountDirectional,8,Scalability
r.Shadow.Virtual.SMRT.RayCountLocal,4,Scalability
r.Shadow.Virtual.SMRT.RayLengthScaleDirectional,1.5,Constructor
r.Shadow.Virtual.SMRT.SamplesPerRayDirectional,4,Scalability
r.Shadow.Virtual.SMRT.SamplesPerRayHair,1,Constructor
r.Shadow.Virtual.SMRT.SamplesPerRayLocal,4,Scalability
r.Shadow.Virtual.SMRT.TexelDitherScaleDirectional,2,Constructor
r.Shadow.Virtual.SMRT.TexelDitherScaleLocal,2,Constructor
r.Shadow.Virtual.Stats.Sections,all,Constructor
r.Shadow.Virtual.Stats.Visible,false,Constructor
r.Shadow.Virtual.SubsurfaceShadowMinSourceAngle,5,Constructor
r.Shadow.Virtual.TranslucentQuality,0,Constructor
r.Shadow.Virtual.UseFarShadowCulling,1,Constructor
r.Shadow.Virtual.UseHZB,1,Constructor
r.Shadow.Virtual.UseReceiverMaskDirectional,true,Constructor
r.Shadow.Virtual.UseReceiverMaskLocal,false,Constructor
r.Shadow.Virtual.Visualize,,Constructor
r.Shadow.Virtual.Visualize.Advanced,0,Constructor
r.Shadow.Virtual.Visualize.Layout,0,Constructor
r.Shadow.Virtual.Visualize.LightName,,Constructor
r.Shadow.Virtual.Visualize.ShowCachedPagesOnly,0,Constructor
r.Shadow.Virtual.VisualizeDynamicMeshBounds,0,Constructor
r.Shadow.VisualizePrimitiveOctree,0,Constructor
r.Shadow.WholeSceneShadowCacheMb,150,Constructor
r.Shadow.WholeSceneShadowUnbuiltInteractionThreshold,500,Constructor
r.ShadowQuality,5,Scalability
r.ShowMaterialDrawEvents,0,Constructor
r.ShowPrecomputedVisibilityCells,0,Constructor
r.ShowRelevantPrecomputedVisibilityCells,0,Constructor
r.ShowShaderCompilerWarnings,0,Constructor
r.SingleLayerWater.UsesLightFunctionAtlas,0,Constructor
r.SkeletalMesh.DynamicDataPoolBudget,4096,Constructor
r.SkeletalMesh.KeepMobileMinLODSettingOnDesktop,0,Constructor
r.SkeletalMesh.LODMaterialReference,1,Constructor
r.SkeletalMesh.MinLodQualityLevel,-1,Constructor
r.SkeletalMesh.StripMinLodDataDuringCooking,0,Constructor
r.SkeletalMesh.ThrottleGPUSkinRayTracingUpdates,0,Constructor
r.SkeletalMesh.ThrottleNaniteRayTracingUpdates,0,Constructor
r.SkeletalMesh.UseCachedMDCs,true,Constructor
r.SkeletalMeshClothBlend.Enabled,true,Constructor
r.SkeletalMeshForceLOD,-1,Constructor
r.SkeletalMeshLODBias,0,Scalability
r.SkeletalMeshLODRadiusScale,1,Constructor
r.SkeletalMeshReductionModule,SkeletalMeshReduction,Code
r.SkinCache.Allow,true,Constructor
r.SkinCache.AsyncCompute,false,Constructor
r.SkinCache.Capture,0,Constructor
r.SkinCache.CompileShaders,1,ProjectSetting
r.SkinCache.Debug,1,Constructor
r.SkinCache.DefaultBehavior,1,Constructor
r.SkinCache.DynamicMeshBounds,2,Constructor
r.SkinCache.Mode,1,Constructor
r.SkinCache.NumTangentIntermediateBuffers,1,Constructor
r.SkinCache.PrintMemorySummary,0,Constructor
r.SkinCache.RecomputeTangents,2,Constructor
r.SkinCache.RecomputeTangentsParallelDispatch,0,Constructor
r.SkinCache.StoreDuplicatedVerticesForRecomputeTangents,0,Constructor
r.SkinCache.UseDuplicatedVerticesForRecomputeTangents,1,Constructor
r.SkinCache.Visualize,,Constructor
r.SkinnedMesh.ReleasePreviousLODInfoOnInitialization,true,Constructor
r.SkinnedMesh.RenderNanite,1,Constructor
r.SkinnedMesh.SkinWeightProfilesOnRenderThread,false,Constructor
r.SkinnedMesh.SyncStreamingLODClamp,1,Constructor
r.SkinnedMesh.UpdateBoundsNotifyStreamingRadiusChangeRatio,0.1,Constructor
r.Skinning.Buffers.AsyncUpdate,true,Constructor
r.Skinning.Buffers.Defrag,true,Constructor
r.Skinning.Buffers.Defrag.Force,0,Constructor
r.Skinning.Buffers.Defrag.LowWatermark,0.375,Constructor
r.Skinning.Buffers.ForceFullUpload,0,Constructor
r.Skinning.Buffers.HeaderDataMinSizeBytes,4096,Constructor
r.Skinning.Buffers.TransformDataMinSizeBytes,4096,Constructor
r.Skinning.DefaultAnimationMinScreenSize,0.1,Constructor
r.Skinning.TransformProviders,true,Constructor
r.SkinWeightProfile.AllowCPU,1,Constructor
r.SkinWeightProfile.AllowedFromLOD,-1,Constructor
r.SkinWeightProfile.DefaultLODOverride,-1,Constructor
r.SkinWeightProfile.DeferredCleanUp,false,Constructor
r.SkinWeightProfile.HandleDelayedLoads,1,Constructor
r.SkinWeightProfile.LoadByDefaultMode,-1,Constructor
r.SkinWeightProfile.ResetReadbackOnSizeMismatch,1,Constructor
r.SkipDrawOnPSOPrecaching,0,Constructor
r.SkipInvalidDXTDimensions,1,Constructor
r.SkipNaniteLPIs,1,Constructor
r.SkipPresentOnCameraCut,0,Constructor
r.SkipUnloadedShaders,false,Constructor
r.SkyAtmosphere,1,Constructor
r.SkyAtmosphere.AerialPerspective.DepthTest,1,Constructor
r.SkyAtmosphere.AerialPerspectiveLUT.Depth,96,Constructor
r.SkyAtmosphere.AerialPerspectiveLUT.DepthResolution,16,Scalability
r.SkyAtmosphere.AerialPerspectiveLUT.FastApplyOnOpaque,1,Scalability
r.SkyAtmosphere.AerialPerspectiveLUT.SampleCountMaxPerSlice,4,Scalability
r.SkyAtmosphere.AerialPerspectiveLUT.Width,32,Constructor
r.SkyAtmosphere.DistanceToSampleCountMax,150,Constructor
r.SkyAtmosphere.DistantSkyLightLUT,1,Constructor
r.SkyAtmosphere.DistantSkyLightLUT.Altitude,6,Constructor
r.SkyAtmosphere.EditorNotifications,1,Constructor
r.SkyAtmosphere.FastSkyLUT,1,Scalability
r.SkyAtmosphere.FastSkyLUT.DistanceToSampleCountMax,150,Constructor
r.SkyAtmosphere.FastSkyLUT.Height,104,Constructor
r.SkyAtmosphere.FastSkyLUT.SampleCountMax,128,Scalability
r.SkyAtmosphere.FastSkyLUT.SampleCountMin,4,Scalability
r.SkyAtmosphere.FastSkyLUT.Width,192,Constructor
r.SkyAtmosphere.LUT32,0,Constructor
r.SkyAtmosphere.MultiScatteringLUT.Height,32,Constructor
r.SkyAtmosphere.MultiScatteringLUT.HighQuality,0,Constructor
r.SkyAtmosphere.MultiScatteringLUT.SampleCount,15,Scalability
r.SkyAtmosphere.MultiScatteringLUT.Width,32,Constructor
r.SkyAtmosphere.SampleCountMax,128,Scalability
r.SkyAtmosphere.SampleCountMin,4,Scalability
r.SkyAtmosphere.SampleLightShadowmap,1,Constructor
r.SkyAtmosphere.StateVersioning,true,Constructor
r.SkyAtmosphere.TransmittanceLUT,1,Constructor
r.SkyAtmosphere.TransmittanceLUT.Height,64,Constructor
r.SkyAtmosphere.TransmittanceLUT.SampleCount,10,Scalability
r.SkyAtmosphere.TransmittanceLUT.UseSmallFormat,0,Scalability
r.SkyAtmosphere.TransmittanceLUT.Width,256,Constructor
r.SkyAtmosphereAsyncCompute,0,Constructor
r.SkyLight.CubemapMaxResolution,-1,Constructor
r.SkyLight.RealTimeReflectionCapture,1,Constructor
r.SkyLight.RealTimeReflectionCapture.AlwaysClearColorBuffer,0,Constructor
r.SkyLight.RealTimeReflectionCapture.DepthBuffer,1,Constructor
r.SkyLight.RealTimeReflectionCapture.DisableExpenssiveCaptureMessage,0,Constructor
r.SkyLight.RealTimeReflectionCapture.ResolutionOverride,0,Constructor
r.SkyLight.RealTimeReflectionCapture.ShadowFromOpaque,0,Constructor
r.SkyLight.RealTimeReflectionCapture.TimeSlice,1,Constructor
r.SkyLight.RealTimeReflectionCapture.TimeSlice.SkyCloudCubeFacePerFrame,2,Constructor
r.SkyLight.RealTimeReflectionCapture.VolumetricCloudResolutionDivider,2,Constructor
r.SkylightCapture.LODDistanceScale,1,Constructor
r.SkyLightingQuality,1,Constructor
r.SkylightIntensityMultiplier,1,Scalability
r.SkylightUpdateEveryFrame,0,Constructor
r.SkySpecularOcclusionStrength,1,Constructor
r.SMAA.DebugVisualization,0,Constructor
r.SMAA.EdgeMode,0,Constructor
r.SMAA.Quality,2,Constructor
r.SparseVolumeTexture,1,Constructor
r.SparseVolumeTexture.RemoteDDCBehavior,0,Constructor
r.SparseVolumeTexture.Streaming.AsyncCompute,1,Constructor
r.SparseVolumeTexture.Streaming.AsyncThread,1,Constructor
r.SparseVolumeTexture.Streaming.BandwidthLimit,512,Constructor
r.SparseVolumeTexture.Streaming.DDCChunkSize,2,Constructor
r.SparseVolumeTexture.Streaming.EmptyPhysicalTileTextures,0,Constructor
r.SparseVolumeTexture.Streaming.ForceBlockingRequests,0,Constructor
r.SparseVolumeTexture.Streaming.ForceEstimateFrameRate,0,Constructor
r.SparseVolumeTexture.Streaming.InstanceCleanupThreshold,5,Constructor
r.SparseVolumeTexture.Streaming.InstanceWindowSize,5,Constructor
r.SparseVolumeTexture.Streaming.LogVerbosity,1,Constructor
r.SparseVolumeTexture.Streaming.MaxPendingRequests,8192,Constructor
r.SparseVolumeTexture.Streaming.PrintMemoryStats,0,Constructor
r.SparseVolumeTexture.Streaming.RequestMipBias,1,Constructor
r.SparseVolumeTexture.Streaming.RequestSize,-1,Constructor
r.SparseVolumeTexture.Streaming.RequestSizeGranularity,131072,Constructor
r.SparseVolumeTexture.Streaming.ReservedResourcesMemoryLimit,-1,Constructor
r.SparseVolumeTexture.Streaming.ShowDebugInfo,0,Constructor
r.SparseVolumeTexture.Streaming.UseReservedResources,1,Constructor
r.SplineMesh.FitToSourceMeshBounds,true,Constructor
r.SplineMesh.NoRecreateProxy,1,Constructor
r.SplineMesh.RenderNanite,1,Constructor
r.SplineMesh.SceneTextures,1,Constructor
r.SplineMesh.SceneTextures.CaptureNextUpdate,0,Constructor
r.SplineMesh.SceneTextures.ForceUpdate,0,Constructor
r.SplineMesh.SceneTextures.InstanceIDUploadCopy,true,Constructor
r.SplineMesh.SkipUpdatingMeshDeformScaleForNonNaniteMeshes,true,Constructor
r.SplitScreenDebug.Enable,0,Constructor
r.SplitScreenDebug.FOVZoom,1,Constructor
r.SplitScreenDebug.Letterbox,0,Constructor
r.SplitScreenDebug.LumenScene,1,Constructor
r.SplitScreenDebug.MultiViewFamily,0,Constructor
r.SplitScreenDebug.Orbit,1,Constructor
r.SplitScreenDebug.Rotate0,0,Constructor
r.SplitScreenDebug.Rotate1,0,Constructor
r.SplitScreenDebug.Vertical,0,Constructor
r.SSGI.Quality,3,Scalability
r.SSProfilesPreIntegratedTextureForceUpdate,0,Constructor
r.SSProfilesPreIntegratedTextureResolution,64,Constructor
r.SSProfilesSamplingChannelSelection,1,Constructor
r.SSR.Compute,0,Constructor
r.SSR.ExperimentalDenoiser,0,Constructor
r.SSR.HalfResSceneColor,0,Scalability
r.SSR.MaxRoughness,-1,Constructor
r.SSR.Quality,3,Scalability
r.SSR.Stencil,0,Constructor
r.SSR.Temporal,0,Constructor
r.SSR.TiledComposite,0,Constructor
r.SSR.TiledComposite.MinSpecular,0,Constructor
r.SSR.TiledComposite.OverrideMaxRoughness,-1,Constructor
r.SSR.TiledComposite.TwoSidedFoliage,0,Constructor
r.SSR.TiledComposite.Visualize,false,Constructor
r.SSS.Burley.AlwaysUpdateParametersFromSeparable,0,Constructor
r.SSS.Burley.BilateralFilterKernelFunctionType,1,Constructor
r.SSS.Burley.EnableProfileIdCache,1,Constructor
r.SSS.Burley.MinGenerateMipsTileCount,4000,Constructor
r.SSS.Burley.NumSamplesOverride,0,Constructor
r.SSS.Burley.Quality,1,Constructor
r.SSS.Checkerboard,2,Constructor
r.SSS.Checkerboard.NeighborSSSValidation,0,Constructor
r.SSS.DebugPixel,0,Constructor
r.SSS.Filter,1,Constructor
r.SSS.HalfRes,0,Scalability
r.SSS.HalfRes.ForceSeparable,1,Constructor
r.SSS.Quality,1,Scalability
r.SSS.SampleSet,2,Scalability
r.SSS.Scale,1,Scalability
r.SSS.SeparatedDiffuse.Debug,0,Constructor
r.SSS.SeparatedDiffuse.Enable,1,Constructor
r.SSS.SeparatedDiffuse.Supported,0,Constructor
r.SSS.Subpixel.Threshold,1,Constructor
r.SSS.SubSurfaceColorAsTansmittanceAtDistance,0.15,Constructor
r.StaticMesh.DefaultMeshPaintTextureSupport,true,Constructor
r.StaticMesh.DisableThreadedBuild,0,Constructor
r.StaticMesh.EnableSaveGeneratedLODsInPackage,0,Constructor
r.StaticMesh.KeepMobileMinLODSettingOnDesktop,0,Constructor
r.StaticMesh.MinLodQualityLevel,-1,Constructor
r.StaticMesh.RayTracingProxies,true,Constructor
r.StaticMesh.RayTracingProxies.LOD1MaxNumOfTriangles,64,Constructor
r.StaticMesh.StripDistanceFieldDataDuringLoad,0,Constructor
r.StaticMesh.StripMinLodDataDuringCooking,0,Constructor
r.StaticMesh.UpdateMeshLODGroupSettingsAtLoad,0,Constructor
r.StaticMeshLODDistanceScale,1,Constructor
r.StencilForLODDither,0,Constructor
r.StencilLODMode,2,Constructor
r.StochasticLighting.AsyncCompute,1,Constructor
r.StochasticLighting.FixedStateFrameIndex,-1,Constructor
r.Streaming.AllowFastForceResident,0,Constructor
r.Streaming.AllowParallelRenderAssetStreamingManagerIncrementalUpdate,false,Constructor
r.Streaming.AllowParallelStreamingRenderAssets,0,Constructor
r.Streaming.AllowUpdateResourceSize,false,Constructor
r.Streaming.AmortizeCPUToGPUCopy,0,Scalability
r.Streaming.Boost,1,Scalability
r.Streaming.CheckBuildStatus,0,Constructor
r.Streaming.DefaultNoRefLODBias,0,Constructor
r.Streaming.DeferredRemoveDynamicInstances,1,Constructor
r.Streaming.DefragDynamicBounds,1,Constructor
r.Streaming.DropMips,0,Constructor
r.Streaming.EnableAssetUpdateAbandons,false,Constructor
r.Streaming.EnableAutoDetectNoStreamableTextures,1,Constructor
r.Streaming.EnableStreamOutProtection,1,Constructor
r.Streaming.EnableStrippingDuplicatePrimitiveComponent,1,Constructor
r.Streaming.EnableTexturesSamplingStreamingCache,false,Constructor
r.Streaming.FlushDeferredMipLevelChangeCallbacksBeforeGC,1,Constructor
r.Streaming.FlushTimeOut,3,Constructor
r.Streaming.ForceUnlockMipsOnIOCancel,1,Constructor
r.Streaming.FramesForFullUpdate,5,Constructor
r.Streaming.FullyLoadMeshes,0,Constructor
r.Streaming.FullyLoadUsedTextures,0,Constructor
r.Streaming.HiddenPrimitiveScale,0.5,Constructor
r.Streaming.HLODStrategy,0,Constructor
r.Streaming.LimitPoolSizeToVRAM,1,ProjectSetting
r.Streaming.LowResHandlingMode,0,Constructor
r.Streaming.MaxEffectiveScreenSize,0,Scalability
r.Streaming.MaxHiddenPrimitiveViewBoost,1.5,Constructor
r.Streaming.MaxNumTexturesToStreamPerFrame,0,Scalability
r.Streaming.MaxReferenceChecksBeforeStreamOut,2,Constructor
r.Streaming.MaxTempMemoryAllowed,50,Constructor
r.Streaming.MaxTextureUVDensity,0,Constructor
r.Streaming.MinBoost,0,Constructor
r.Streaming.MinLevelRenderAssetScreenSize,100,Constructor
r.Streaming.MinMipForSplitRequest,10,Constructor
r.Streaming.MipBias,0,Scalability
r.Streaming.MipCalculationEnablePerLevelList,1,Constructor
r.Streaming.NoRefLODBiasQualityLevel,-1,Constructor
r.Streaming.NumStaticComponentsProcessedPerFrame,50,Constructor
r.Streaming.OverlapAssetAndLevelTicks,0,Constructor
r.Streaming.ParallelRenderAssetsNumWorkgroups,2,Constructor
r.Streaming.PerTextureBiasViewBoostThreshold,1.5,Constructor
r.Streaming.PoolSize,4096,ProjectSetting
r.Streaming.PoolSize.VRAMPercentageClamp,1024,Constructor
r.Streaming.PoolSizeForMeshes,-1,Constructor
r.Streaming.PoolSizeForVirtualTextures,0,Constructor
r.Streaming.PrioritizeMeshLODRetention,1,Constructor
r.Streaming.ProcessAddedRenderAssetsAfterAsyncWork,1,Constructor
r.Streaming.StressTest,0,Constructor
r.Streaming.StressTest.ExtraAsyncLatency,0,Constructor
r.Streaming.StressTest.ExtraIOLatency,10,Constructor
r.Streaming.StressTest.FramesForFullUpdate,1,Constructor
r.Streaming.StressTest.RayTracing.ExtraIOLatency,0,Constructor
r.Streaming.SyncStatesWhenBlocking,0,Constructor
r.Streaming.TextureStreamInAbandonCallbackIOLatency,0,Constructor
r.Streaming.TickAbandonedRenderAssetUpdatesOnStreamingUpdate,true,Constructor
r.Streaming.UseAllMips,0,Constructor
r.Streaming.UseAsyncRequestsForDDC,1,Constructor
r.Streaming.UseBackgroundThreadPool,1,Constructor
r.Streaming.UseFixedPoolSize,0,Constructor
r.Streaming.UseGenericStreamingPath,0,Constructor
r.Streaming.UseMaterialData,1,Constructor
r.Streaming.UseMobileLODBiasOnDesktopES31,1,Constructor
r.Streaming.UseNewMetrics,1,Constructor
r.Streaming.UsePerTextureBias,1,Constructor
r.Streaming.UseTextureStreamingBuiltData,1,Constructor
r.Streaming.WorkerCountForParallelRenderAssetStreamingManagerIncrementalUpdate,0,Constructor
r.Substrate,1,ProjectSetting
r.Substrate.AllocationMode,1,Constructor
r.Substrate.AsyncClassification,1,Constructor
r.Substrate.BytesPerPixel,80,Constructor
r.Substrate.ClosuresPerPixel,4,ProjectSetting
r.Substrate.DBufferPass,0,Constructor
r.Substrate.DBufferPass.DedicatedTiles,0,Constructor
r.Substrate.Debug.AdvancedVisualizationShaders,0,Constructor
r.Substrate.Debug.ClearMaterialBuffer,0,Constructor
r.Substrate.Debug.PeelLayersAboveDepth,0,Constructor
r.Substrate.Debug.RoughnessTracking,1,Constructor
r.Substrate.EnableLayerSupport,0,Constructor
r.Substrate.Experimental.ToonReflectionQuantizationEnabled,0,Constructor
r.Substrate.Experimental.ToonUnifiedDiffuse,0,Constructor
r.Substrate.Glints,1,ProjectSetting
r.Substrate.Glints.LevelBias,0,Constructor
r.Substrate.Glints.LevelMin,0,Constructor
r.Substrate.Glints.LUT,1,Constructor
r.Substrate.MaterialQualityLevelsClosuresPerPixel,,Constructor
r.Substrate.OpaqueMaterialRoughRefraction,0,Constructor
r.Substrate.OpaqueMaterialRoughRefraction.BlurScale,1,Constructor
r.Substrate.ProjectClosuresPerPixel,4,Constructor
r.Substrate.ProjectClosuresPerPixelOverride,0,Constructor
r.Substrate.ProjectGBufferFormat,0,ProjectSetting
r.Substrate.RoughDiffuse,1,ProjectSetting
r.Substrate.ShadingQuality,1,ProjectSetting
r.Substrate.SimpleTiledLightingPasses,0,Constructor
r.Substrate.SpecularProfile,1,Constructor
r.Substrate.SpecularProfile.ForceUpdate,0,Constructor
r.Substrate.SpecularProfile.Resolution,64,Constructor
r.Substrate.StencilPassStage,1,Constructor
r.Substrate.StochasticLighting,0,Constructor
r.Substrate.StochasticLighting.Active,0,Constructor
r.Substrate.TileCoord8bits,0,ProjectSetting
r.Substrate.ToonProfile.ForceUpdate,0,Constructor
r.Substrate.ToonProfile.Resolution,64,Constructor
r.Substrate.UseClosureCountFromMaterial,1,Constructor
r.Substrate.UseCmaskClear,0,Constructor
r.Substrate.UseStochasticLightingClassification,1,Constructor
r.Substrate.ViewMode,0,Constructor
r.SubsurfaceScattering,1,Constructor
r.SupportAllShaderPermutations,0,Constructor
r.SupportCloudShadowOnForwardLitTranslucent,0,Constructor
r.SupportDepthOnlyIndexBuffers,0,Constructor
r.SupportExpFogMatchesVolumetricFog,0,Constructor
r.SupportLocalFogVolumes,1,Constructor
r.SupportLowQualityLightmaps,1,Constructor
r.SupportPointLightWholeSceneShadows,1,Constructor
r.SupportReversedIndexBuffers,0,Constructor
r.SupportSkyAtmosphere,1,Constructor
r.SupportSkyAtmosphereAffectsHeightFog,1,Constructor
r.SupportsSkyLightCaptureAffectsHeightFogInScattering,0,Constructor
r.SupportStationarySkylight,1,Constructor
r.SupportsTexture2DArrayStreaming,true,Constructor
r.SupportsVolumeTextureStreaming,true,Constructor
r.TemporalAA.Debug.OverrideTemporalIndex,-1,Constructor
r.TemporalAA.HistoryScreenPercentage,100,Constructor
r.TemporalAA.Mobile.UseCompute,1,Constructor
r.TemporalAA.Quality,2,Scalability
r.TemporalAA.R11G11B10History,1,Constructor
r.TemporalAA.Upsampling,1,Constructor
r.TemporalAA.Upscaler,1,Constructor
r.TemporalAA.UseMobileConfig,0,Constructor
r.TemporalAACatmullRom,0,Constructor
r.TemporalAACurrentFrameWeight,0.04,Constructor
r.TemporalAAFilterSize,1,Constructor
r.TemporalAAPauseCorrect,1,Constructor
r.TemporalAASamples,8,Constructor
r.TemporalAAScaleSamples,1,Constructor
r.Test.Aplha.OpaqueLerpWorldRange,100,Constructor
r.Test.Aplha.OpaqueWorldDistance,0,Constructor
r.Test.CameraCut,0,Constructor
r.Test.ConstrainedView,0,Constructor
r.Test.DynamicResolutionHell,0,Constructor
r.Test.EditorConstrainedView,0,Constructor
r.Test.EditorViewGPUMirror,0,Constructor
r.Test.ForceBlackVelocityBuffer,0,Constructor
r.Test.FreezeTemporalHistories,0,Constructor
r.Test.FreezeTemporalHistories.Progress,0,Constructor
r.Test.FreezeTemporalSequences,0,Constructor
r.Test.OverrideTimeMaterialExpressions,-1,Constructor
r.Test.PrimaryScreenPercentageMethodOverride,0,Constructor
r.Test.SecondaryUpscaleOverride,0,Constructor
r.Test.ViewRectOffset,0,Constructor
r.Test.ViewRollAngle,0,Constructor
r.TexelDebugging,0,Constructor
r.TextureGroup.MaxQualityLevel,-1,Constructor
r.TextureGroup.QualityLevel,-1,Constructor
r.TextureReferenceRevertsLastRenderContainer,1,Constructor
r.TexturesCookToDerivedDataReferences,0,Constructor
r.TextureStreaming,1,Constructor
r.TextureUEDeltaDebugColor,0,Constructor
r.TmvConverter.UseUploadHeap,true,Constructor
r.TmvMedia.CoarseCurrentFallback,2,Constructor
r.TmvMedia.CoarseFallbackCoverageThreshold,95,Constructor
r.TmvMedia.GrowMipBuffersOnDemand,1,Constructor
r.TmvMedia.LogMipBufferStats,0,Constructor
r.TmvMedia.MaxPooledBuffersPerSize,4,Constructor
r.TmvMedia.MipBudgetBase,0,Constructor
r.TmvMedia.MipBudgetK,6,Constructor
r.TmvMedia.MipBudgetMax,0,Constructor
r.TmvMedia.MipBudgetMin,64,Constructor
r.TmvMedia.PrefillAdjacentMips,1,Constructor
r.TmvMedia.ScanlineXClipRegions,0,Constructor
r.TmvMedia.SkipMipUntilUploaded,1,Constructor
r.TmvMedia.SparseOutputMip,1,Constructor
r.TmvMedia.SparseOutputMipBudgetMB,2048,Constructor
r.TmvMedia.SparseOutputMipDebugForceFloor,-1,Constructor
r.TmvMedia.SparseOutputMipHysteresisSeconds,2,Constructor
r.TmvMedia.SparseOutputMipMinBytesMB,128,Constructor
r.TmvMedia.UseSharedTilePool,1,Constructor
r.TmvMedia.UseStructuredBufferForScanline,0,Constructor
r.TmvMedia.UseTiledLayoutForApv,1,Constructor
r.TmvMedia.VirtualizeMipBuffers,1,Constructor
r.TmvReader.ForceOutputFullPrecision,true,Constructor
r.Tonemapper.Quality,5,Scalability
r.Tonemapper.Sharpen,-1,Constructor
r.TonemapperGamma,0,Constructor
r.Trace.Channels,Submission,Constructor
r.Trace.RDG.UseFullPassNames,0,Constructor
r.TrackCsvNamedEvents,false,Constructor
r.TrackShaderMaps,true,Constructor
r.Translucency.AutoBeforeDOF,0.5,Constructor
r.Translucency.DynamicRes.ChangePercentageThreshold,2,Constructor
r.Translucency.DynamicRes.MaxScreenPercentage,100,Constructor
r.Translucency.DynamicRes.MinScreenPercentage,50,Constructor
r.Translucency.DynamicRes.TargetedHeadRoomPercentage,5,Constructor
r.Translucency.DynamicRes.TimeBudget,0,Constructor
r.Translucency.DynamicRes.UpperBoundQuantization,0,Constructor
r.Translucency.EarlyVelocityPass,2,Constructor
r.Translucency.HeterogeneousVolumes,0,Constructor
r.Translucency.HeterogeneousVolumes.Type,1,Constructor
r.Translucency.Holdout.Location,0,Constructor
r.Translucency.ScreenPercentage.Basis,0,Constructor
r.Translucency.StandardSeparated,0,Constructor
r.Translucency.Velocity,1,Constructor
r.TranslucencyLightingVolume,1,Constructor
r.TranslucencyLightingVolume.AccurateRectLights,1,Constructor
r.TranslucencyLightingVolume.AdaptToPerspective,0,Constructor
r.TranslucencyLightingVolume.AsyncComputeClear,false,Constructor
r.TranslucencyLightingVolume.Batch,1,Constructor
r.TranslucencyLightingVolume.Blur,1,Scalability
r.TranslucencyLightingVolume.Debug,0,Constructor
r.TranslucencyLightingVolume.Debug.FreezePosition,0,Constructor
r.TranslucencyLightingVolume.Dim,64,Scalability
r.TranslucencyLightingVolume.FOVSnapFactor,10,Constructor
r.TranslucencyLightingVolume.InjectDirectionalLightCSM,1,Constructor
r.TranslucencyLightingVolume.InnerDistance,1500,Constructor
r.TranslucencyLightingVolume.MarkVoxels,false,Constructor
r.TranslucencyLightingVolume.MarkVoxels.Supported,true,Constructor
r.TranslucencyLightingVolume.MinFOV,45,Constructor
r.TranslucencyLightingVolume.OuterDistance,5000,Constructor
r.TranslucencyLightingVolume.PositionOffsetRadius,0,Constructor
r.TranslucencyLightingVolume.Temporal,false,Constructor
r.TranslucencyLightingVolume.Temporal.HistoryWeight,0.9,Constructor
r.TranslucencyLightingVolume.Temporal.SpecularDirectionHistoryWeight,0.9,Constructor
r.TranslucencyLightingVolume.UseTypedUAVLoad,true,Constructor
r.TranslucencyLightingVolume.Visualize,0,Constructor
r.TranslucencyLightingVolume.Visualize.RadiusScale,2,Constructor
r.TranslucencyLightingVolume.VisualizeCascadeIndex,-1,Constructor
r.Translucent.UsesIESProfiles,0,Constructor
r.Translucent.UsesLightFunctionAtlas,0,Constructor
r.Translucent.UsesRectLights,0,Constructor
r.Translucent.UsesShadowedLocalLights,0,Constructor
r.TranslucentSortPolicy,0,Constructor
r.TransparentViewportClear,false,Constructor
r.TriangleOrderOptimization,1,Constructor
r.TSR.16BitVALU,1,Constructor
r.TSR.16BitVALU.AMD,1,Constructor
r.TSR.16BitVALU.Intel,1,Constructor
r.TSR.16BitVALU.Nvidia,1,Constructor
r.TSR.AlphaChannel,-1,Constructor
r.TSR.AsyncCompute,2,Constructor
r.TSR.Debug.ArraySize,1,Constructor
r.TSR.ForceSeparateTranslucency,1,Constructor
r.TSR.History.R11G11B10,1,Scalability
r.TSR.History.SampleCount,16,Constructor
r.TSR.History.ScreenPercentage,200,Scalability
r.TSR.History.UpdateQuality,3,Scalability
r.TSR.LensDistortion,1,Constructor
r.TSR.RejectionAntiAliasingQuality,2,Scalability
r.TSR.ReprojectionField,1,Scalability
r.TSR.ReprojectionField.AntiAliasPixelSpeed,0.125,Constructor
r.TSR.Resurrection,1,Scalability
r.TSR.Resurrection.PersistentFrameCount,2,Constructor
r.TSR.Resurrection.PersistentFrameInterval,31,Constructor
r.TSR.ShadingRejection.ExposureOffset,0,Constructor
r.TSR.ShadingRejection.Flickering,1,Scalability
r.TSR.ShadingRejection.Flickering.AdjustToFrameRate,1,Constructor
r.TSR.ShadingRejection.Flickering.FrameRateCap,60,Constructor
r.TSR.ShadingRejection.Flickering.MaxParallaxVelocity,10,Constructor
r.TSR.ShadingRejection.Flickering.Period,2,Constructor
r.TSR.ShadingRejection.Mode,1,Constructor
r.TSR.ShadingRejection.SampleCount,2,Constructor
r.TSR.ShadingRejection.TileOverscan,3,Constructor
r.TSR.Support.LensDistortion,1,Constructor
r.TSR.ThinGeometryDetection,0,Constructor
r.TSR.ThinGeometryDetection.AntiFlickering,1,Constructor
r.TSR.ThinGeometryDetection.Coverage.MaxRelaxationWeight,0.037,Constructor
r.TSR.ThinGeometryDetection.Coverage.MinKeepLineContrast,0.3,Constructor
r.TSR.ThinGeometryDetection.Coverage.ShadingRange,3,Constructor
r.TSR.ThinGeometryDetection.ErrorMultiplier,200,Constructor
r.TSR.ThinGeometryDetection.HighContrastLineFadeRate,0.1,Constructor
r.TSR.ThinGeometryDetection.HighContrastLineFadeRateInsideRegion,0.03,Constructor
r.TSR.ThinGeometryDetection.HighContrastLineWeight,0.6,Constructor
r.TSR.ThinGeometryDetection.RejectTranslucency,0.6,Constructor
r.TSR.ThinGeometryDetection.WeightRelaxation,1,Constructor
r.TSR.Velocity.WeightClampingPixelSpeed,1,Constructor
r.TSR.Velocity.WeightClampingSampleCount,4,Constructor
r.TSR.Visualize,-1,Constructor
r.TSR.WaveOps,1,Constructor
r.TSR.WaveSize,0,Constructor
r.UbaController.AllowProcessReuse,true,Constructor
r.UbaController.AutoLaunchVisualizer,false,Constructor
r.UbaController.DetailedTrace,false,Constructor
r.UbaController.DumpTraceFiles,true,Constructor
r.UbaController.HeartBeatInterval,180,Constructor
r.UbaController.LogVerbosity,0,Constructor
r.UbaController.MaxTimeWithoutTasks,100,Constructor
r.UbaController.ProcessIdleTime,15,Constructor
r.UbaController.ProcessLogEnabled,false,Constructor
r.UbaController.SaveTraceSnapshotInterval,0,Constructor
r.UbaController.UseTraceChannel,false,Constructor
r.UbaController.UseVirtualFiles,true,Constructor
r.UbaHorde.ForwardAgentLogs,false,Constructor
r.UITextureLODBias,0,Constructor
r.UniformBufferPooling,1,Constructor
r.UniformExpressionCacheAsyncUpdates,1,Constructor
r.Upscale.ComputeEnabled,1,Constructor
r.Upscale.Quality,3,Scalability
r.Upscale.Sharpening,0,Constructor
r.Upscale.SharpeningQuality,1,Constructor
r.Upscale.Softness,1,Constructor
r.UseClusteredDeferredShading_ToBeRemoved,0,Constructor
r.UseFastDebugObjectDiscovery,1,Constructor
r.UseLegacyMaintainYFOVViewMatrix,false,Constructor
r.Velocity.DirectlyRenderOpenXRMotionVectors,false,Constructor
r.Velocity.EnableLandscapeGrass,true,Constructor
r.Velocity.EnableVertexDeformation,2,Constructor
r.Velocity.ForceOutput,0,Constructor
r.Velocity.OutputTranslucentClippedDepth.Enabled,1,Constructor
r.Velocity.OutputTranslucentClippedDepth.Supported,0,Constructor
r.Velocity.PixelShaderMotionVectorWorldOffset.Supported,0,Constructor
r.Velocity.TemporalResponsiveness.Supported,0,Constructor
r.VelocityOutputPass,0,Constructor
r.VelocityTest,0,Constructor
r.VertexDeformationOutputsVelocity,-1,Constructor
r.VertexFoggingForOpaque,1,Constructor
r.ViewDistanceScale,1,Scalability
r.ViewDistanceScale.ApplySecondaryScale,0,Constructor
r.ViewDistanceScale.FieldOfViewAffectsHLOD,0,Constructor
r.ViewDistanceScale.FieldOfViewMaxAngle,90,Constructor
r.ViewDistanceScale.FieldOfViewMaxAngleScale,1,Constructor
r.ViewDistanceScale.FieldOfViewMinAngle,45,Constructor
r.ViewDistanceScale.FieldOfViewMinAngleScale,1,Constructor
r.ViewDistanceScale.SecondaryScale,1,Constructor
r.ViewDistanceScale.SkeletalMeshOverlay,1,Constructor
r.ViewHasTileOffsetData,1,Constructor
r.Viewport.EnableSelectionOutlineColors,0,Constructor
r.ViewRectUseScreenBottom,0,Constructor
r.ViewTextureMipBias.Min,-2,Constructor
r.ViewTextureMipBias.Offset,-0.3,Constructor
r.ViewTextureMipBias.Quantization,1024,Constructor
r.VirtualTexturedLightmaps,0,Constructor
r.VirtualTextures,1,Constructor
r.Visibility.DynamicMeshElements.NumMainViewTasks,4,Constructor
r.Visibility.DynamicMeshElements.NumShadowViewTasks,4,Constructor
r.Visibility.DynamicMeshElements.Parallel,true,Constructor
r.Visibility.FrustumCull.Enabled,true,Constructor
r.Visibility.FrustumCull.NumPrimitivesPerTask,0,Constructor
r.Visibility.FrustumCull.UseFastIntersect,true,Constructor
r.Visibility.FrustumCull.UseOctree,false,Constructor
r.Visibility.FrustumCull.UseSphereTestFirst,false,Constructor
r.Visibility.LocalLightPrimitiveInteraction,2,Constructor
r.Visibility.OcclusionCull.MaxQueriesPerTask,0,Constructor
r.Visibility.Relevance.NumPrimitivesPerPacket,0,Constructor
r.Visibility.SkipAlwaysVisible,1,Constructor
r.Visibility.TaskSchedule,1,Constructor
r.VisualizeLightingOnProbes,0,Constructor
r.VisualizeLightShape.Enable,false,Constructor
r.VisualizeLightShape.FadeDuration,0.5,Constructor
r.VisualizeLightShape.MaxDelay,2.5,Constructor
r.VisualizeLightShape.MaxDelayDistance,4000,Constructor
r.VisualizeLightShape.MaxOpacity,0.1,Constructor
r.VisualizeOccludedPrimitives,0,Constructor
r.VisualizePrimitiveBBoxes,0,Constructor
r.VisualizeTexture.AllowBlinking,1,Constructor
r.VolumetricCloud,1,Constructor
r.VolumetricCloud.AllowAnalyticDerivatives,1,Constructor
r.VolumetricCloud.ApplyFogLate,1,Constructor
r.VolumetricCloud.ApplyFogLate.CloudOnTranslucent,0,Constructor
r.VolumetricCloud.ApplyFogOnAllPixel,0,Constructor
r.VolumetricCloud.DisableCompute,0,Constructor
r.VolumetricCloud.DistanceToSampleMaxCount,15,Constructor
r.VolumetricCloud.EmptySpaceSkipping,0,Constructor
r.VolumetricCloud.EmptySpaceSkipping.SampleCorners,1,Constructor
r.VolumetricCloud.EmptySpaceSkipping.StartTracingSliceBias,0,Constructor
r.VolumetricCloud.EmptySpaceSkipping.VolumeDepth,40,Constructor
r.VolumetricCloud.EnableAerialPerspectiveSampling,1,Constructor
r.VolumetricCloud.EnableAtmosphericLightsSampling,1,Constructor
r.VolumetricCloud.EnableDistantSkyLightSampling,1,Constructor
r.VolumetricCloud.EnableLocalLightsSampling,0,Constructor
r.VolumetricCloud.HighQualityAerialPerspective,0,Constructor
r.VolumetricCloud.LocalLights.ShadowSampleCount,12,Constructor
r.VolumetricCloud.ReflectionRaySampleMaxCount,80,Constructor
r.VolumetricCloud.SampleClampCount,2147483647,Constructor
r.VolumetricCloud.SampleMinCount,2,Constructor
r.VolumetricCloud.Shadow.ReflectionRaySampleMaxCount,24,Constructor
r.VolumetricCloud.Shadow.SampleAtmosphericLightShadowmap,1,Constructor
r.VolumetricCloud.Shadow.ViewRaySampleMaxCount,80,Constructor
r.VolumetricCloud.ShadowMap,1,Constructor
r.VolumetricCloud.ShadowMap.Debug,0,Constructor
r.VolumetricCloud.ShadowMap.LightDistanceOverride,0,Constructor
r.VolumetricCloud.ShadowMap.MaxResolution,2048,Constructor
r.VolumetricCloud.ShadowMap.RaySampleHorizonMultiplier,2,Constructor
r.VolumetricCloud.ShadowMap.RaySampleMaxCount,128,Constructor
r.VolumetricCloud.ShadowMap.SnapLength,20,Constructor
r.VolumetricCloud.ShadowMap.SnapToPixelGrid,1,Constructor
r.VolumetricCloud.ShadowMap.SpatialFiltering,1,Constructor
r.VolumetricCloud.ShadowMap.TemporalFiltering.LightRotationCutHistory,10,Constructor
r.VolumetricCloud.ShadowMap.TemporalFiltering.NewFrameWeight,1,Constructor
r.VolumetricCloud.SkyAO,1,Constructor
r.VolumetricCloud.SkyAO.Debug,0,Constructor
r.VolumetricCloud.SkyAO.Filtering,1,Constructor
r.VolumetricCloud.SkyAO.MaxResolution,2048,Constructor
r.VolumetricCloud.SkyAO.SnapLength,20,Constructor
r.VolumetricCloud.SkyAO.TraceSampleCount,10,Constructor
r.VolumetricCloud.SoftBlendingDistanceOnTranslucent,0.5,Constructor
r.VolumetricCloud.StepSizeOnZeroConservativeDensity,1,Constructor
r.VolumetricCloud.Support,1,Constructor
r.VolumetricCloud.ViewRaySampleMaxCount,768,Constructor
r.VolumetricFog,1,Scalability
r.VolumetricFog.ConservativeDepth,1,Constructor
r.VolumetricFog.DepthDistributionScale,32,Constructor
r.VolumetricFog.Emissive,1,Constructor
r.VolumetricFog.Filtering.Quality,0,Constructor
r.VolumetricFog.GridCenterOffsetFromDepthBuffer,0.5,Constructor
r.VolumetricFog.GridPixelSize,16,Scalability
r.VolumetricFog.GridSizeZ,64,Scalability
r.VolumetricFog.HistoryMissSupersampleCount,4,Scalability
r.VolumetricFog.HistoryWeight,0.9,Constructor
r.VolumetricFog.InjectRaytracedLights,0,Constructor
r.VolumetricFog.InjectShadowedLightsSeparately,1,Constructor
r.VolumetricFog.InverseSquaredLightDistanceBiasScale,1,Constructor
r.VolumetricFog.Jitter,1,Constructor
r.VolumetricFog.LightFunction,1,Constructor
r.VolumetricFog.LightFunction.DirectionalLightSupersampleScale,2,Constructor
r.VolumetricFog.LightScatteringSampleJitterMultiplier,0,Constructor
r.VolumetricFog.LightSoftFading,0,Constructor
r.VolumetricFog.OffsetThresholdToAcceptDepthBufferOffset,1,Constructor
r.VolumetricFog.RectLightTexture,0,Constructor
r.VolumetricFog.TemporalReprojection,1,Constructor
r.VolumetricFog.UpsampleJitterMultiplier,0,Constructor
r.VolumetricFog.UsesLightFunctionAtlas,1,Constructor
r.VolumetricFog.VoxelizationShowOnlyPassIndex,-1,Constructor
r.VolumetricFog.VoxelizationSlicesPerGSPass,8,Constructor
r.VolumetricLightmap.VisualizationMinScreenFraction,0.001,Constructor
r.VolumetricLightmap.VisualizationRadiusScale,0.01,Constructor
r.VolumetricRenderTarget,1,Constructor
r.VolumetricRenderTarget.MinimumDistanceKmToDisableDisoclusion,5,Constructor
r.VolumetricRenderTarget.MinimumDistanceKmToEnableReprojection,0,Constructor
r.VolumetricRenderTarget.Mode,0,Constructor
r.VolumetricRenderTarget.PreferAsyncCompute,0,Constructor
r.VolumetricRenderTarget.ReprojectionBoxConstraint,0,Constructor
r.VolumetricRenderTarget.Scale,1,Constructor
r.VolumetricRenderTarget.SimulateNullResolution,0,Constructor
r.VolumetricRenderTarget.UpsamplingMode,4,Constructor
r.VolumetricRenderTarget.UvNoiseSampleAcceptanceWeight,20,Constructor
r.VolumetricRenderTarget.ViewRect,1,Constructor
r.Voxel,0,Constructor
r.Voxel.Level2,1,Constructor
r.Voxel.Method,0,Constructor
r.Voxel.TileSize,8,Constructor
r.VRS.BasePass,2,Constructor
r.VRS.ContrastAdaptiveShading,1,SystemSettingsIni
r.VRS.ContrastAdaptiveShading.ConservativeEdgeThreshold,0.1,Constructor
r.VRS.ContrastAdaptiveShading.EdgeThreshold,0.2,Constructor
r.VRS.ContrastAdaptiveShading.HDR10CorrectionMultiplier,0.55,Constructor
r.VRS.ContrastAdaptiveShading.Preview,1,Constructor
r.VRS.DebugForceRate,-1,Constructor
r.VRS.Decals,2,Constructor
r.VRS.Enable,0,Constructor
r.VRS.EnableSoftware,1,SystemSettingsIni
r.VRS.LightFunctions,1,Constructor
r.VRS.NaniteEmitGBuffer,2,Constructor
r.VRS.Preview,0,Constructor
r.VRS.ReflectionEnvironmentSky,2,Constructor
r.VRS.SSAO,0,Constructor
r.VRS.SSR,2,Constructor
r.VRS.Support,1,Constructor
r.VRS.Translucency,1,Constructor
r.VSync,0,SystemSettingsIni
r.VSyncEditor,0,ProjectSetting
r.VsyncInformationInsights,0,Constructor
r.VT.AnisotropicFiltering,0,Constructor
r.VT.AsyncPageRequestTask,1,Constructor
r.VT.AsyncPageRequestTask.EarlyOut,0,Constructor
r.VT.AVT.AgeToFree,1000,Constructor
r.VT.AVT.LevelIncrement,3,Constructor
r.VT.AVT.MaxAllocPerFrame,1,Constructor
r.VT.AVT.MaxFreePerFrame,1,Constructor
r.VT.AVT.MaxPageResidency,75,Constructor
r.VT.AVT.PoolResidencyToFree,85,Constructor
r.VT.Borders,0,Constructor
r.VT.Borders.Mip,-1,Constructor
r.VT.CodecAgeThreshold,120,Constructor
r.VT.CodecNumThreshold,100,Constructor
r.VT.CsvStats,1,Constructor
r.VT.EnableAutoImport,0,Constructor
r.VT.EnableFeedback,1,Constructor
r.VT.EnableFeedback.Produce,1,Constructor
r.VT.EnableLossyCompressLightmaps,0,Constructor
r.VT.EnableNotifyCompleted,0,Constructor
r.VT.EnablePlayback,1,Constructor
r.vt.FeedbackCompactionFactor,16,Constructor
r.vt.FeedbackDefaultBufferSize,4096,Constructor
r.vt.FeedbackFactor,16,Constructor
r.vt.FeedbackLatency,3,Constructor
r.vt.FeedbackOverdrawFactor,2,Constructor
r.VT.ForceContinuousUpdate,0,Constructor
r.VT.IOPriority_HighPagePri,2,Constructor
r.VT.IOPriority_NormalPagePri,1,Constructor
r.VT.MaskedPageTableUpdates,1,Constructor
r.VT.MaxAnisotropy,8,Scalability
r.VT.MaxContinuousUpdatesPerFrame,1,Constructor
r.VT.MaxContinuousUpdatesPerFrameInEditor,8,Constructor
r.VT.MaxGatherTimePerFrame,0,Constructor
r.VT.MaxReleasedPerFrame,5,Constructor
r.VT.MaxSubmitTimePerFrame,0,Constructor
r.VT.MaxTilesProducedPerFrame,32,Constructor
r.VT.MaxTilesProducedPerFrameInEditor,500,Constructor
r.VT.MaxUploadMemory,64,Constructor
r.VT.MaxUploadRequests,0,Constructor
r.VT.MaxUploadsPerFrame,2,Constructor
r.VT.MaxUploadsPerFrame.Streaming,32,Constructor
r.VT.MaxUploadsPerFrameInEditor,32,Constructor
r.VT.MaxUploadsPerFrameInEditor.Streaming,500,Constructor
r.VT.MenuRestricted,0,Constructor
r.VT.Mobile.ManualTrilinearFiltering,1,Constructor
r.VT.PageFreeThreshold,15,Constructor
r.VT.PageTableMode,1,Constructor
r.VT.ParallelTileCompression,1,Constructor
r.VT.PlaybackMipBias,0,Constructor
r.VT.PoolAutoGrow,false,Constructor
r.VT.PoolSizeScale,1,Constructor
r.VT.ProduceLockedTilesOnFlush,1,Constructor
r.VT.RefreshEntirePageTable,0,Constructor
r.VT.RenderCaptureNextPagesDraws,0,Constructor
r.VT.Residency.AdjustmentRate,0.2,Constructor
r.VT.Residency.LockedUpperBound,0.65,Constructor
r.VT.Residency.LowerBound,0.95,Constructor
r.VT.Residency.MaxMipMapBias,4,Constructor
r.VT.Residency.Notify,0,Constructor
r.VT.Residency.Show,0,Constructor
r.VT.Residency.UpperBound,0.95,Constructor
r.VT.RVT.ASTC,false,Constructor
r.VT.RVT.ASTC.High,false,Constructor
r.VT.RVT.DirectCompress,1,Constructor
r.VT.RVT.DirtyPagesKeptMappedFrames,8,Constructor
r.VT.RVT.EnableBaseColor,true,Constructor
r.VT.RVT.EnableBaseColorRoughness,true,Constructor
r.VT.RVT.EnableBaseColorSpecular,true,Constructor
r.VT.RVT.EnableDisplacement,true,Constructor
r.VT.RVT.EnableMask4,true,Constructor
r.VT.RVT.EnableWorldHeight,true,Constructor
r.VT.RVT.HighQualityPerPixelHeight,1,Constructor
r.VT.RVT.PageCorruptionFix,true,Constructor
r.VT.RVT.StreamingMips,true,Constructor
r.VT.RVT.StreamingMips.UseAlways,false,Constructor
r.VT.RVT.StreamingMips.UseInEditor,1,Constructor
r.VT.RVT.TileCountBias,0,Constructor
r.VT.RVT.TileCountBias.Group0,0,Constructor
r.VT.RVT.TileCountBias.Group1,0,Constructor
r.VT.RVT.TileCountBias.Group2,0,Constructor
r.VT.RVT.VisLogManualInvalidations,false,Constructor
r.VT.SortTileRequestsByPriority,1,Constructor
r.VT.SpaceReleaseFrames,150,Constructor
r.VT.SyncProduceLockedTiles,0,Constructor
r.VT.TexturePageTableSizeAlign,256,Constructor
r.VT.TileBorderSize,4,Constructor
r.VT.TileSize,128,Constructor
r.VT.TranscodeRetireAge,60,Constructor
r.VT.UploadMemoryPageSize,4,Constructor
r.VT.ValidateCompressionOnLoad,0,Constructor
r.VT.ValidateCompressionOnSave,0,Constructor
r.VT.Visualize,,Constructor
r.VT.WaitBeforeUpdate,0,Constructor
r.WarnOfBadDrivers,1,Constructor
r.WarpCulling,0,Constructor
r.Water.BuildConservativeRasterizationMesh,1,Constructor
r.Water.BuoyancyDebugPoints,10,Constructor
r.Water.BuoyancyDebugSize,1000,Constructor
r.Water.DebugBuoyancy,0,Constructor
r.Water.Enabled,1,Constructor
r.Water.EnableDeterministicOceanCollisionComponentNames,true,Constructor
r.Water.EnableShallowWaterSimulation,1,Constructor
r.Water.EnableUnderwaterPostProcess,1,Constructor
r.Water.EnableUnderwaterPostProcessVisualLogger,0,Constructor
r.Water.FallbackDepth,3000,Constructor
r.Water.FreezeWaves,0,Constructor
r.Water.MaxFlowVelocity,1024,Constructor
r.Water.OceanFallbackDepth,3000,Constructor
r.Water.OverrideWavesTime,-1,Constructor
r.Water.ShallowWaterMaxDynamicForces,6,Constructor
r.Water.ShallowWaterMaxImpulseForces,3,Constructor
r.Water.ShallowWaterRenderTargetSize,1024,Constructor
r.Water.SingleLayer,1,Constructor
r.Water.SingleLayer.DepthPrepass,1,Constructor
r.Water.SingleLayer.DistanceFieldShadow,1,Constructor
r.Water.SingleLayer.ForceVelocity,-1,Constructor
r.Water.SingleLayer.MobileFallback,1,Constructor
r.Water.SingleLayer.OptimizedClear,1,Constructor
r.Water.SingleLayer.Reflection,1,Constructor
r.Water.SingleLayer.Reflection.Denoising,0,Constructor
r.Water.SingleLayer.Reflection.DownsampleCheckerboard,0,Constructor
r.Water.SingleLayer.Reflection.DownsampleFactor,1,Constructor
r.Water.SingleLayer.Reflection.ScreenSpaceReconstruction,0,Constructor
r.Water.SingleLayer.Refraction.Culling,0,Constructor
r.Water.SingleLayer.Refraction.DepthCulling,-1,Constructor
r.Water.SingleLayer.Refraction.DepthCullingFadeRange,100,Constructor
r.Water.SingleLayer.Refraction.DistanceCulling,-1,Constructor
r.Water.SingleLayer.Refraction.DistanceCullingFadeRange,400,Constructor
r.Water.SingleLayer.Refraction.FresnelCulling,-1,Constructor
r.Water.SingleLayer.Refraction.FresnelCullingFadeRange,0.2,Constructor
r.Water.SingleLayer.RefractionDownsampleFactor,1,Constructor
r.Water.SingleLayer.ShadersSupportDistanceFieldShadow,1,Constructor
r.Water.SingleLayer.ShadersSupportVSMFiltering,0,Constructor
r.Water.SingleLayer.SSRTAA,1,Constructor
r.Water.SingleLayer.TiledComposite,1,Constructor
r.Water.SingleLayer.TiledSceneColorCopy,1,Constructor
r.Water.SingleLayer.UnderwaterFogWhenCameraIsAboveWater,false,Constructor
r.Water.SingleLayer.VelocityOutputPass,1,Constructor
r.Water.SingleLayer.VSMFiltering,0,Constructor
r.Water.SingleLayer.WaveOps,true,Constructor
r.Water.SingleLayerWater.SupportCloudShadow,0,Constructor
r.Water.SkipWaterInfoTextureRenderWhenWorldRenderingDisabled,1,Constructor
r.Water.UnderwaterCollisionPreciseTraceDistance,10,Constructor
r.Water.UnderwaterCollisionTraceDistance,100,Constructor
r.Water.UseBuoyancyAsyncPath,1,Constructor
r.Water.UseSplineKeyOptimization,1,Constructor
r.Water.VisualizeActiveUnderwaterPostProcess,0,Constructor
r.Water.WaterInfo.DilationOverwriteMinimumDistance,128,Constructor
r.Water.WaterInfo.DrawPerViewDebugInfo,false,Constructor
r.Water.WaterInfo.ForceUpdateWaterInfoNextFrames,0,Constructor
r.Water.WaterInfo.LandscapeMinimumMipLevel,0,Constructor
r.Water.WaterInfo.RenderCaptureNextWaterInfoDraws,0,Constructor
r.Water.WaterInfo.RenderMethod,2,Constructor
r.Water.WaterInfo.RenderTargetResolutionMax,0,Constructor
r.Water.WaterInfo.ShowSceneProxies,0,Constructor
r.Water.WaterInfo.UndergroundDilationDepthOffset,64,Constructor
r.Water.WaterMesh.Enabled,1,Constructor
r.Water.WaterMesh.EnableRendering,1,Constructor
r.Water.WaterMesh.ForceRebuildMeshPerFrame,0,Constructor
r.Water.WaterMesh.GPUQuadTree,0,Constructor
r.Water.WaterMesh.GPUQuadTree.ConservativeRasterization,0,Constructor
r.Water.WaterMesh.GPUQuadTree.InstanceDataAllocMult,1,Constructor
r.Water.WaterMesh.GPUQuadTree.JitterPattern,1,Constructor
r.Water.WaterMesh.GPUQuadTree.JitterSampleFootprint,1.5,Constructor
r.Water.WaterMesh.GPUQuadTree.MultiSampling,1,Constructor
r.Water.WaterMesh.GPUQuadTree.NumJitterSamples,4,Constructor
r.Water.WaterMesh.GPUQuadTree.NumQuadsPerTileSide,8,Constructor
r.Water.WaterMesh.GPUQuadTree.OcclusionCulling,3,Constructor
r.Water.WaterMesh.GPUQuadTree.ParallelPrefixSum,1,Constructor
r.Water.WaterMesh.GPUQuadTree.SuperSampling,2,Constructor
r.Water.WaterMesh.GPUQuadTree.ZBoundsPadding,200,Constructor
r.Water.WaterMesh.LocalTessellation.Freeze,false,Constructor
r.Water.WaterMesh.LocalTessellation.UpdateMargin,15000,Constructor
r.Water.WaterMesh.LODCountBias,0,Constructor
r.Water.WaterMesh.LODMorphEnabled,1,Constructor
r.Water.WaterMesh.LODScaleBias,0,Constructor
r.Water.WaterMesh.MaxDimensionInTiles,256,Constructor
r.Water.WaterMesh.OcclusionCullExpandBoundsAmountXY,4800,Constructor
r.Water.WaterMesh.OcclusionCulling,0,Constructor
r.Water.WaterMesh.OcclusionCulling.IncludeFarMesh,1,Constructor
r.Water.WaterMesh.OcclusionCulling.MaxQueries,256,Constructor
r.Water.WaterMesh.PreAllocStagingInstanceMemory,0,Constructor
r.Water.WaterMesh.ShowLODLevels,0,Constructor
r.Water.WaterMesh.ShowTileBounds,0,Constructor
r.Water.WaterMesh.ShowTileBounds.DrawForeground,0,Constructor
r.Water.WaterMesh.ShowTileGenerationGeometry,0,Constructor
r.Water.WaterMesh.ShowWireframe,0,Constructor
r.Water.WaterMesh.ShowWireframeAtBaseHeight,0,Constructor
r.Water.WaterMesh.TessFactorBias,0,Constructor
r.Water.WaterSplineResampleMaxDistance,50,Constructor
r.Water.WaterZoneActor.OverrideNewWaterZoneMinimumMargin,0,Constructor
r.Water.WaterZoneActor.OverrideNewWaterZoneScale,0,Constructor
r.WideCustomResolve,0,Constructor
r.WireframeCullThreshold,5,Constructor
r.XGEController.AvoidUsingLocalMachine,1,Constructor
r.XGEController.Enabled,1,Constructor
r.XGEController.Timeout,2,Constructor
r.XGEShaderCompile.MinBatchSize,50,Constructor
rContextMenu.PercentageMatchWeightMultiplier,1,Constructor
ref.AllowParallelCollection,1,Constructor
remoteexecutor.AllowSpeculationMode,true,Constructor
remoteexecutor.ForcedNetPumpIterationCount,0,Constructor
remoteexecutor.NewNetPumpBehavior,false,Constructor
RemoteSessionsManager.IgnoreExpiredSessionsForDebugging,false,Constructor
renderdoc.AutoAttach,0,Constructor
renderdoc.BinaryPath,,Constructor
renderdoc.CaptureAllActivity,0,Constructor
renderdoc.CaptureCallstacks,1,Constructor
renderdoc.CaptureDelay,0,Constructor
renderdoc.CaptureDelayInSeconds,1,Constructor
renderdoc.CaptureFrameCount,0,Constructor
renderdoc.EnableCrashHandler,0,Constructor
renderdoc.ReferenceAllResources,0,Constructor
renderdoc.SaveAllInitials,0,Constructor
renderdoc.ShowHelpOnStartup,0,Constructor
Replay.UseReplayConnection,false,Constructor
RevisionControl.FilesValidation.Enable,true,Constructor
RevisionControl.FilesValidation.Require,true,Constructor
RevisionControl.Overlays.Debug.ForceColorOnAll,0,Constructor
RevisionControl.Overlays.Enable,false,Constructor
RevisionControl.Perforce.AllowRevertingDeletedFiles,false,Constructor
rhi.EnableConsole120Fps,0,Constructor
rhi.PresentThreshold.Bottom,0,Constructor
rhi.PresentThreshold.Top,0,Constructor
rhi.ReservedResources.VirtualSizeWarningGB,256,Constructor
rhi.SyncAllowEarlyKick,1,Constructor
rhi.SyncAllowVariable,1,Constructor
rhi.SyncInterval,1,Constructor
rhi.SyncSlackMS,10,Constructor
rhi.TrackDescriptorCallstacks,false,Constructor
rhi.TrackOutstandingDescriptorAllocations,false,Constructor
RHI.TransientAllocator.BufferCacheSize,64,Constructor
RHI.TransientAllocator.GarbageCollectLatency,16,Constructor
RHI.TransientAllocator.MinimumHeapSize,128,Constructor
RHI.TransientAllocator.ParallelResourceCreation,true,Constructor
RHI.TransientAllocator.TextureCacheSize,64,Constructor
rhi.UseSubmissionThread,2,Constructor
RHIPoolAllocator.DefragMaxPoolsToClear,1,Constructor
RHIPoolAllocator.DefragSizeFraction,0.9,Constructor
RHIPoolAllocator.ValidateLinkedList,0,Constructor
RigVM.BlueprintIndependentAssets,true,Constructor
RigVM.Compiler.AllowCallableFallbackToInlining,true,Constructor
RigVM.Compiler.CompileFunctionsToCallables,false,Constructor
RigVM.Compiler.WarnAboutDeprecatedNodes,false,Constructor
RigVM.Compiler.WarnAboutDuplicateEvents,false,Constructor
RigVM.DisableExecutionAll,0,Constructor
RigVM.EnableDrawInterfaceInShipping,0,Constructor
RigVM.EnableLocalizedRegistry,true,Constructor
RigVM.EnableNativizedVMs,0,Constructor
RigVM.EnableNodeLayouts,false,Constructor
RigVM.EnablePinOverrides,false,Constructor
RigVM.EnablePostLoadHashing,true,Constructor
RigVM.EnablePreLoadFiltering,true,Constructor
RigVM.EnableRewindDebugger,false,Constructor
RigVM.EnableVariants,true,Constructor
RigVM.Graph.DisableCompactNodes,false,Constructor
RigVM.NameCacheMaxSize,4096,Constructor
RigVM.ReportAllMessages,false,Constructor
RigVM.StackDetailedLabels,false,Constructor
RigVM.UInterfaceSupport,true,Constructor
RigVM.UObjectSupport,true,Constructor
RigVM.UpdateDispatchFactoriesGreedily,true,Constructor
RigVM.UseNewEditor,false,Constructor
ro.DebugRemoteObjectSerialization,0,Constructor
ro.IdToStringVerbosity,1,Constructor
ro.MigrateFullHierarchy,1,Constructor
ro.ResetBorrowedObjects,1,Constructor
ro.UseImmutableArchetypes,1,Constructor
RunAsyncTraceOnWorkerThread,1,Constructor
s.AdaptiveAddToWorld.AddToWorldTimeSliceMax,6,Constructor
s.AdaptiveAddToWorld.AddToWorldTimeSliceMin,1,Constructor
s.AdaptiveAddToWorld.Enabled,0,Constructor
s.AdaptiveAddToWorld.Method,1,Constructor
s.AdaptiveAddToWorld.TargetMaxTimeRemaining,6,Constructor
s.AdaptiveAddToWorld.TimeSliceMaxIncreasePerSecond,0,Constructor
s.AdaptiveAddToWorld.TimeSliceMaxReducePerSecond,0,Constructor
s.AllowLevelRequestsWhileAsyncLoadingInMatch,1,Constructor
s.AllowMultithreadedLoading,false,Constructor
s.AllowPackageRedirectorSupport,true,Constructor
s.AllowParseObjectLoading,true,Constructor
s.AllowPreemptingPackagesDuringGC,true,Constructor
s.AllowUnversionedContentInEditor,0,Constructor
s.AsyncCreatePackagesFromQueueMaxTimeLimitMs,0,Constructor
s.AsyncLoadingAlwaysProcessPackages,0,Constructor
s.AsyncLoadingCsvRegions,false,Constructor
s.AsyncLoadingPrecachePriority,0,Constructor
s.AsyncLoadingThreadEnabled,1,ProjectSetting
s.AsyncLoadingTimeLimit,5,Constructor
s.AsyncLoadingUseFullTimeLimit,0,Constructor
s.CheckBlueprintCDOWillBePostLoadedAfterPreload,true,Constructor
s.CheckGarbageAttachments,false,Constructor
s.CheckRootComponentReplicationOnAttachedChildren,true,Constructor
s.ContinuouslyIncrementalGCWhileActorsPendingPurge,0,Constructor
s.ContinuouslyIncrementalGCWhileLevelsPendingPurge,1,Constructor
s.debugOnRequest,,Constructor
s.DebugPackageNames,,Constructor
s.DelayOnActorSpawnedUntilFinishedSpawning,true,Constructor
s.EditorLoadPrecacheSizeKB,0,Constructor
s.EnableLinkerPatchingForReinstancedExports,true,Constructor
s.EnableScriptImportsDebugging,true,Constructor
s.EnforcePackageCompatibleVersionCheck,1,Constructor
s.errorOnRequest,,Constructor
s.EventDrivenLoaderEnabled,1,ProjectSetting
s.FailLoadOnMissingImport,false,Constructor
s.FailLoadOnNotInstalledImport,true,Constructor
s.FlushStreamingOnExit,1,ProjectSetting
s.ForceGCAfterLevelStreamedOut,1,Constructor
s.ForceRouteActorInitializeNextFrame,0,Constructor
s.ForceVerifyLevelsGotRemovedByGC,0,Constructor
s.GroupedComponentMovement.BufferSize,20,Constructor
s.GroupedComponentMovement.Enable,false,Constructor
s.IoDispatcherBufferAlignment,4096,Constructor
s.IoDispatcherBufferMemoryMB,8,Constructor
s.IoDispatcherBufferSizeKB,256,Constructor
s.IoDispatcherCacheSizeMB,0,Constructor
s.IoDispatcherCanDecompressOnStarvation,1,Constructor
s.IoDispatcherCullCancelledReadRequests,true,Constructor
s.IoDispatcherDecompressionWorkerCount,4,Constructor
s.IoDispatcherDecompressOnIdle,0,Constructor
s.IoDispatcherForceSynchronousScatter,0,Constructor
s.IoDispatcherMaintainSortingOnPriorityChange,1,Constructor
s.IoDispatcherMaxConsecutiveDecompressionJobs,4,Constructor
s.IoDispatcherMaxForwardSeekKB,0,Constructor
s.IoDispatcherMaxResolveBatchSize,512,Constructor
s.IoDispatcherRequestLatencyCircuitBreakerMS,0,Constructor
s.IoDispatcherSortRequestsByOffset,1,Constructor
s.IoDispatcherTocsEnablePerfectHashing,1,Constructor
s.LargeMemoryDataMaxPoolLength,2,Constructor
s.LevelStreamingActorsUpdateTimeLimit,5,ProjectSetting
s.LevelStreamingAddPrimitiveGranularity,120,Constructor
s.LevelStreamingComponentsRegistrationGranularity,10,ProjectSetting
s.LevelStreamingComponentsUnregistrationGranularity,5,ProjectSetting
s.LevelStreamingLowMemoryActorsPendingPurgeCount,2147483647,Constructor
s.LevelStreamingLowMemoryPendingPurgeCount,2147483647,Constructor
s.LevelStreamingRouteActorEndPlayForRemoveFromWorldGranularity,0,Constructor
s.LevelStreamingRouteActorInitializationGranularity,10,Constructor
s.LogAsyncLoadErrorsAsErrors,false,Constructor
s.LogStreamableFailuresAsErrors,false,Constructor
s.MaxIncomingRequestsToStall,100,Constructor
s.MaxLevelRequestsAtOnceWhileInMatch,0,Constructor
s.MaxPrecacheRequestsInFlight,2,Constructor
s.MaxReadyRequestsToStallMB,30,Constructor
s.MinBulkDataSizeForAsyncLoading,131072,ProjectSetting
s.OnlyProcessRequiredPackagesWhenSyncLoading,true,Constructor
s.OptimizeActorRegistration,1,Constructor
s.PreferLocalForNonAssets,false,Constructor
s.PriorityAsyncLoadingExtraTime,15,ProjectSetting
s.PriorityLevelStreamingActorsUpdateExtraTime,5,ProjectSetting
s.ProcessPrestreamingRequests,0,Constructor
s.ReloadPackagesWithGCedExports,true,Constructor
s.RemoveUnreachableObjectsOnGT,false,Constructor
s.RouteActorInitializationWorkUnitWeighting,0.5,Constructor
s.ShrinkGlobalImportStoreOnGT,false,Constructor
s.SkipChangelistCompatibilityVersionCheck,0,Constructor
s.StallDetectorIdleLoops,50,Constructor
s.StallDetectorTimeout,120,Constructor
s.StorageServerIoDispatcherBatchSize,16,Constructor
s.StorageServerIoDispatcherMaxActiveBatchCount,4,Constructor
s.StreamableAssets.SimpleStreamableAssetManager.ConsiderVisibility,0,GameSetting
s.StreamableAssets.SimpleStreamableAssetManager.SortAssetsOnRegistration,1,GameSetting
s.StreamableAssets.SimpleStreamableAssetManager.SparseArrayGrowSize,64,GameSetting
s.StreamableAssets.UseSimpleStreamableAssetManager,0,GameSetting
s.StreamableDelegateDelayFrames,1,Constructor
s.StreamableEnableJITAsyncLoading,false,Constructor
s.StreamableEnableJITAsyncLoadingGlobally,false,Constructor
s.StreamableFlushAllAsyncLoadRequestsOnWait,false,Constructor
s.StreamableJITAsyncLoadingInitialBatchingFactor,0.25,Constructor
s.StreamableStripDebugName,false,Constructor
s.StreamableStripDebugNameInShipping,false,Constructor
s.TimeLimitExceededMinTime,0.005,ProjectSetting
s.TimeLimitExceededMultiplier,1.5,ProjectSetting
s.UnregisterComponentsTimeLimit,1,ProjectSetting
s.UnregisterTickFunctionsOnClearLevelComponents,true,Constructor
s.UseBackgroundLevelStreaming,1,ProjectSetting
s.UseObjectVisibilityFilterForAsyncLoading,true,Constructor
s.UseOldLoaderAsFallback,false,Constructor
s.UseUnifiedTimeBudgetForStreaming,0,Constructor
s.VerbosePackageNames,,Constructor
s.VerifyObjectLoadFlags,false,Constructor
s.VerifyUnreachableObjects,false,Constructor
s.WarnIfTimeLimitExceeded,0,ProjectSetting
s.WarnSceneComponentStaticMobilityMove,true,Constructor
s.World.CreateStaticLevelCollection,false,Constructor
s.World.ForceFlushAllAsyncLoadsDuringLevelStreaming,false,Constructor
s.World.IncorrectComponentUnregistrationIsFatal,false,Constructor
s.World.ShouldInitWorldReleaseScene,true,Constructor
s.World.SkipPerfTrackerForUninitializedWorlds,true,Constructor
SafeZone.EnableOverrides,false,Constructor
SafeZone.EnableScale,false,Constructor
SafeZone.Ratio.Bottom,1,Constructor
SafeZone.Ratio.Left,1,Constructor
SafeZone.Ratio.Right,1,Constructor
SafeZone.Ratio.Top,1,Constructor
SafeZone.Scale,1,Constructor
Sandbox.IsLocalOverrideMode,0,Constructor
Sandbox.MaximumSandboxNameLength,128,Constructor
save.FixupStandaloneFlags,0,Constructor
save.ValidateVirtualExportsFileOffset,true,Constructor
SceneOutliner.AutoRepresentingWorldNetMode,3,Constructor
SceneOutliner.AutoRepresentingWorldNetModeForObjectMixer,3,Constructor
SceneOutliner.ProcessingBudgetPerFrame,5,Constructor
Scribble.Enabled,false,Constructor
SelectiveTessellate.MaxNewElements,100000000,Constructor
Sequencer.AddKeepStateDeterminismFences,true,Constructor
Sequencer.AllowPausedClock,true,Constructor
Sequencer.Animation.UIFlickerFix,false,Constructor
Sequencer.ApplyDisplayRateToDynamicResolutionFrameTimeBudget,0,Constructor
Sequencer.Audio.DefaultStreamingPreRollSeconds,1,Constructor
Sequencer.Audio.EnableGranularScrubbing,true,Constructor
Sequencer.Audio.EnableGranularScrubbingWhileStationary,true,Constructor
Sequencer.Audio.IgnoreAudioSyncDuringWorldTimeDilation,true,Constructor
Sequencer.Audio.MaxDesyncTolerance,0.5,Constructor
Sequencer.Audio.PlayAudioWhenPlaybackJumps,false,Constructor
Sequencer.Audio.PrimeStreamingDuringPreroll,true,Constructor
Sequencer.Audio.ScrubWidthMilliseconds,80,Constructor
Sequencer.Audio.UseAudioClockForAudioDesync,0,Constructor
Sequencer.Audio.UsePlayUntilFinished,false,Constructor
Sequencer.Audio.UseRepeating,true,Constructor
Sequencer.Audio.UseTimeDilationToAdjustPlayDuration,true,Constructor
Sequencer.AutoScrub,false,Constructor
Sequencer.AutoScrubCurveExponent,2,Constructor
Sequencer.AutoScrubSpeed,6,Constructor
Sequencer.AutoTangentNew,2,Constructor
Sequencer.CameraCutSetViewTargetThroughPlayerController,true,Constructor
Sequencer.CanUseLegacyBooleanTemplate,true,Constructor
Sequencer.CompilerVersion,7D4B98092FAC4A6B964ECF72D8279EF8,Constructor
Sequencer.CurveEditor.SelectionExpandsSequencer,false,Constructor
Sequencer.CustomTaskScheduling,true,Constructor
Sequencer.DeferMovementUpdates,false,Constructor
Sequencer.DuplicateLinkedAnimSequence,false,Constructor
Sequencer.EnableRelevantThumbnails,true,Constructor
Sequencer.EvaluateOnUndo,true,Constructor
Sequencer.EvaluateSkeletalMeshOnPropertyChange,true,Constructor
Sequencer.ExactClassCustomizationsOnly,false,Constructor
Sequencer.IgnoreDependenciesWhenNotThreading,true,Constructor
Sequencer.LinearCubicInterpolation,1,Constructor
Sequencer.MaterialParameterBlending,true,Constructor
Sequencer.MaterialParameterEntityLifetimeTracking,false,Constructor
Sequencer.MaxLatentActionLoops,100,Constructor
Sequencer.MotionTrailTickIterations,60,Constructor
Sequencer.NetSyncThreshold,200,Constructor
Sequencer.ObjectBinding.ShowNestedProperties,false,Constructor
Sequencer.Outliner.CompactHeight,22,Constructor
Sequencer.Outliner.RelaxedHeight,28,Constructor
Sequencer.OutputDeferredMovementMode,0,Constructor
Sequencer.RelativeTimecodeSmoothing,1,Constructor
Sequencer.RestorePreAnimatedStateOnBlueprintPreCompile,false,Constructor
Sequencer.RichComponentDebugging,false,Constructor
Sequencer.SecondsPerFrame,1,Constructor
Sequencer.ShowTimeWarpScrubberLink,false,Constructor
Sequencer.SimpleView.HiddenConfig,false,Constructor
Sequencer.SmartAutoBlendLocationPercentage,0.8,Constructor
Sequencer.SmoothedMaxNetSyncSampleAge,5000,Constructor
Sequencer.SmoothedMaxNetSyncSampleCount,50,Constructor
Sequencer.SmoothedNetSyncDeviationThreshold,200,Constructor
Sequencer.StartTransformOffsetInBoneSpace,true,Constructor
Sequencer.SubsequenceAnimBakeInIsolation,true,Constructor
Sequencer.SuppressSignatureChangeInCook,true,Constructor
Sequencer.TagSaturation,0.6,Constructor
Sequencer.ThreadedEvaluation.AllocationThreshold,32,Constructor
Sequencer.ThreadedEvaluation.EntityThreshold,256,Constructor
Sequencer.TickIntervalGroupingResolutionMs,50,Constructor
Sequencer.TimeUndo,false,Constructor
Sequencer.UseLegacyBooleanTemplate,false,Constructor
Sequencer.UseOldSaveLinkedAnimsWhenSaving,false,Constructor
Sequencer.UseOldSequencerTrails,true,Constructor
Sequencer.UsePostProcessThumbnails,0,Constructor
Sequencer.UseSoftObjectPtrsForPreAnimatedMaterial,true,Constructor
Sequencer.VolatileSequencesInEditor,1,Constructor
SequenceValidation.MaxConcurrentTasks,-1,Constructor
Serialization.AllowSidecarSyncing,false,Constructor
Serialization.ApplyBulkDataOffsetFix,true,Constructor
Serialization.EnableSerializePackageTrailerEnsure,true,Constructor
Serialization.EnforceLinkerObjectBounds,true,Constructor
Serialization.LegacyLinkerDiscovery,false,Constructor
Serialization.LoadFromSidecar,false,Constructor
Serialization.LoadFromTrailer,false,Constructor
Serialization.RehydrateOnSave,false,Constructor
SettingsEditor.HideSetAsDefaultButton,false,Constructor
sg.AntiAliasingQuality,3,SystemSettingsIni
sg.AntiAliasingQuality.NumLevels,5,Constructor
sg.EffectsQuality,3,SystemSettingsIni
sg.EffectsQuality.NumLevels,5,Constructor
sg.FoliageQuality,3,SystemSettingsIni
sg.FoliageQuality.NumLevels,5,Constructor
sg.GlobalIlluminationQuality,1,SystemSettingsIni
sg.GlobalIlluminationQuality.NumLevels,5,Constructor
sg.LandscapeQuality,3,Scalability
sg.LandscapeQuality.NumLevels,5,Constructor
sg.PostProcessQuality,3,SystemSettingsIni
sg.PostProcessQuality.NumLevels,5,Constructor
sg.ReflectionQuality,3,SystemSettingsIni
sg.ReflectionQuality.NumLevels,5,Constructor
sg.ResolutionQuality,0,SystemSettingsIni
sg.ShadingQuality,3,SystemSettingsIni
sg.ShadingQuality.NumLevels,5,Constructor
sg.ShadowQuality,2,SystemSettingsIni
sg.ShadowQuality.NumLevels,5,Constructor
sg.Test.CPUPerfIndexOverride,0,Constructor
sg.Test.GPUPerfIndexOverride,0,Constructor
sg.TextureQuality,3,SystemSettingsIni
sg.TextureQuality.NumLevels,5,Constructor
sg.ViewDistanceQuality,3,SystemSettingsIni
sg.ViewDistanceQuality.NumLevels,5,Constructor
shaderpipeline.MinPrecompileTasksInFlight,10,Constructor
ShowFlag.ActorColoration,2,Constructor
ShowFlag.AllowPrimitiveAlphaHoldout,2,Constructor
ShowFlag.AlphaInvert,2,Constructor
ShowFlag.AmbientCubemap,2,Constructor
ShowFlag.AmbientOcclusion,2,Constructor
ShowFlag.AntiAliasing,2,Constructor
ShowFlag.Atmosphere,2,Constructor
ShowFlag.AudioRadius,2,Constructor
ShowFlag.BillboardSprites,2,Constructor
ShowFlag.Bloom,2,Constructor
ShowFlag.Bones,2,Constructor
ShowFlag.Bounds,2,Constructor
ShowFlag.Brushes,2,Constructor
ShowFlag.BSP,2,Constructor
ShowFlag.BSPSplit,2,Constructor
ShowFlag.BSPTriangles,2,Constructor
ShowFlag.BuilderBrush,2,Constructor
ShowFlag.CameraAspectRatioBars,2,Constructor
ShowFlag.CameraFrustums,2,Constructor
ShowFlag.CameraImperfections,2,Constructor
ShowFlag.CameraInterpolation,2,Constructor
ShowFlag.Cameras,2,Constructor
ShowFlag.CameraSafeFrames,2,Constructor
ShowFlag.CapsuleShadows,2,Constructor
ShowFlag.Clay,2,Constructor
ShowFlag.Cloud,2,Constructor
ShowFlag.Collision,2,Constructor
ShowFlag.CollisionPawn,2,Constructor
ShowFlag.CollisionVisibility,2,Constructor
ShowFlag.ColorGrading,2,Constructor
ShowFlag.CompositeDebugPrimitives,2,Constructor
ShowFlag.CompositeEditorPrimitives,2,Constructor
ShowFlag.Constraints,2,Constructor
ShowFlag.ContactShadows,2,Constructor
ShowFlag.Cover,2,Constructor
ShowFlag.DebugAI,2,Constructor
ShowFlag.DebugDrawDistantVirtualSMLights,2,Constructor
ShowFlag.Decals,2,Constructor
ShowFlag.DeferredAtmospherePass,2,Constructor
ShowFlag.DeferredLighting,2,Constructor
ShowFlag.DepthOfField,2,Constructor
ShowFlag.Diffuse,2,Constructor
ShowFlag.DirectionalLights,2,Constructor
ShowFlag.DirectLighting,2,Constructor
ShowFlag.DisableOcclusionQueries,2,Constructor
ShowFlag.DistanceCulledPrimitives,2,Constructor
ShowFlag.DistanceFieldAO,2,Constructor
ShowFlag.DynamicShadows,2,Constructor
ShowFlag.EditingLevelInstance,2,Constructor
ShowFlag.Editor,2,Constructor
ShowFlag.EyeAdaptation,2,Constructor
ShowFlag.Fog,2,Constructor
ShowFlag.ForceFeedbackRadius,2,Constructor
ShowFlag.FrontBackFace,2,Constructor
ShowFlag.Game,2,Constructor
ShowFlag.GameplayCameras,2,Constructor
ShowFlag.GameplayDebug,2,Constructor
ShowFlag.GBufferHints,2,Constructor
ShowFlag.GlobalIllumination,2,Constructor
ShowFlag.Grain,2,Constructor
ShowFlag.Grid,2,Constructor
ShowFlag.Hair,2,Constructor
ShowFlag.HeterogeneousVolumes,2,Constructor
ShowFlag.HighResScreenshotMask,2,Constructor
ShowFlag.HISMCClusterTree,2,Constructor
ShowFlag.HISMCOcclusionBounds,2,Constructor
ShowFlag.HitProxies,2,Constructor
ShowFlag.HLODColoration,2,Constructor
ShowFlag.HMDDistortion,2,Constructor
ShowFlag.IndirectLightingCache,2,Constructor
ShowFlag.InputDebugVisualizer,2,Constructor
ShowFlag.InstancedFoliage,2,Constructor
ShowFlag.InstancedGrass,2,Constructor
ShowFlag.InstancedStaticMeshes,2,Constructor
ShowFlag.Landscape,2,Constructor
ShowFlag.LargeVertices,2,Constructor
ShowFlag.LensDistortion,2,Constructor
ShowFlag.LensFlares,2,Constructor
ShowFlag.LightComplexity,2,Constructor
ShowFlag.LightFunctions,2,Constructor
ShowFlag.LightInfluences,2,Constructor
ShowFlag.Lighting,2,Constructor
ShowFlag.LightingOnlyOverride,2,Constructor
ShowFlag.LightMapDensity,2,Constructor
ShowFlag.LightRadius,2,Constructor
ShowFlag.LightShafts,2,Constructor
ShowFlag.LocalExposure,2,Constructor
ShowFlag.LOD,2,Constructor
ShowFlag.LODColoration,2,Constructor
ShowFlag.LumenDetailTraces,2,Constructor
ShowFlag.LumenFarFieldTraces,2,Constructor
ShowFlag.LumenGlobalIllumination,2,Constructor
ShowFlag.LumenGlobalTraces,2,Constructor
ShowFlag.LumenReflections,2,Constructor
ShowFlag.LumenScreenTraces,2,Constructor
ShowFlag.LumenSecondaryBounces,2,Constructor
ShowFlag.LumenShortRangeAmbientOcclusion,2,Constructor
ShowFlag.MassProperties,2,Constructor
ShowFlag.MaterialAmbientOcclusion,2,Constructor
ShowFlag.MaterialCacheVirtualTextureAllocator,2,Constructor
ShowFlag.MaterialNormal,2,Constructor
ShowFlag.Materials,2,Constructor
ShowFlag.MaterialTextureScaleAccuracy,2,Constructor
ShowFlag.MediaPlanes,2,Constructor
ShowFlag.MegaLights,2,Constructor
ShowFlag.MegaLightsFarFieldTraces,2,Constructor
ShowFlag.MegaLightsHairVoxelTraces,2,Constructor
ShowFlag.MegaLightsScreenTraces,2,Constructor
ShowFlag.MegaLightsWorldSpaceTraces,2,Constructor
ShowFlag.MeshEdges,2,Constructor
ShowFlag.MeshUVDensityAccuracy,2,Constructor
ShowFlag.ModeWidgets,2,Constructor
ShowFlag.MotionBlur,2,Constructor
ShowFlag.NaniteMeshes,2,Constructor
ShowFlag.NaniteStreamingGeometry,2,Constructor
ShowFlag.Navigation,2,Constructor
ShowFlag.Niagara,2,Constructor
ShowFlag.OcclusionMeshes,2,Constructor
ShowFlag.OnScreenDebug,2,Constructor
ShowFlag.OpaqueCompositeEditorPrimitives,2,Constructor
ShowFlag.OutputMaterialTextureScales,2,Constructor
ShowFlag.OverrideDiffuseAndSpecular,2,Constructor
ShowFlag.Paper2DSprites,2,Constructor
ShowFlag.Particles,2,Constructor
ShowFlag.PathTracing,2,Constructor
ShowFlag.PCGDebug,2,Constructor
ShowFlag.PhysicalMaterialMasks,2,Constructor
ShowFlag.PhysicsField,2,Constructor
ShowFlag.Pivot,2,Constructor
ShowFlag.PointLights,2,Constructor
ShowFlag.PostProcessing,2,Constructor
ShowFlag.PostProcessMaterial,2,Constructor
ShowFlag.PrecomputedVisibility,2,Constructor
ShowFlag.PrecomputedVisibilityCells,2,Constructor
ShowFlag.PreviewShadowsIndicator,2,Constructor
ShowFlag.PrimitiveDistanceAccuracy,2,Constructor
ShowFlag.QuadOverdraw,2,Constructor
ShowFlag.RandomColor,2,Constructor
ShowFlag.RayTracedDistanceFieldShadows,2,Constructor
ShowFlag.RayTracingDebug,2,Constructor
ShowFlag.RectLights,2,Constructor
ShowFlag.ReflectionEnvironment,2,Constructor
ShowFlag.ReflectionOverride,2,Constructor
ShowFlag.Refraction,2,Constructor
ShowFlag.Rendering,2,Constructor
ShowFlag.RequiredTextureResolution,2,Constructor
ShowFlag.SceneCaptureCopySceneDepth,2,Constructor
ShowFlag.SceneColorFringe,2,Constructor
ShowFlag.ScreenPercentage,2,Constructor
ShowFlag.ScreenSpaceAO,2,Constructor
ShowFlag.ScreenSpaceReflections,2,Constructor
ShowFlag.Selection,2,Constructor
ShowFlag.SelectionOutline,2,Constructor
ShowFlag.SeparateTranslucency,2,Constructor
ShowFlag.ServerDrawDebug,2,Constructor
ShowFlag.ShaderComplexity,2,Constructor
ShowFlag.ShaderComplexityWithQuadOverdraw,2,Constructor
ShowFlag.ShaderPrint,2,Constructor
ShowFlag.ShadowFrustums,2,Constructor
ShowFlag.SkeletalMeshes,2,Constructor
ShowFlag.SkyLighting,2,Constructor
ShowFlag.Snap,2,Constructor
ShowFlag.Specular,2,Constructor
ShowFlag.Splines,2,Constructor
ShowFlag.SpotLights,2,Constructor
ShowFlag.StaticMeshes,2,Constructor
ShowFlag.StationaryLightOverlap,2,Constructor
ShowFlag.StereoMotionVectors,2,Constructor
ShowFlag.StereoRendering,2,Constructor
ShowFlag.StreamingBounds,2,Constructor
ShowFlag.StreamingMeshLODDeficit,2,Constructor
ShowFlag.StreamingMeshLODResidency,2,Constructor
ShowFlag.StreamingTextureDeficit,2,Constructor
ShowFlag.StreamingTextureResidency,2,Constructor
ShowFlag.SubsurfaceScattering,2,Constructor
ShowFlag.TemporalAA,2,Constructor
ShowFlag.TestImage,2,Constructor
ShowFlag.TextRender,2,Constructor
ShowFlag.TexturedLightProfiles,2,Constructor
ShowFlag.ToneCurve,2,Constructor
ShowFlag.Tonemapper,2,Constructor
ShowFlag.Translucency,2,Constructor
ShowFlag.UnlitRichView,2,Constructor
ShowFlag.UnlitViewmode,2,Constructor
ShowFlag.VectorFields,2,Constructor
ShowFlag.VertexColors,2,Constructor
ShowFlag.Vignette,2,Constructor
ShowFlag.VirtualShadowMapPersistentData,2,Constructor
ShowFlag.VirtualTexturePrimitives,2,Constructor
ShowFlag.VirtualTextureResidency,2,Constructor
ShowFlag.VisLog,2,Constructor
ShowFlag.VisualizeBuffer,2,Constructor
ShowFlag.VisualizeCalibrationColor,2,Constructor
ShowFlag.VisualizeCalibrationCustom,2,Constructor
ShowFlag.VisualizeCalibrationGrayscale,2,Constructor
ShowFlag.VisualizeColorGrading,2,Constructor
ShowFlag.VisualizeDistanceFieldAO,2,Constructor
ShowFlag.VisualizeDOF,2,Constructor
ShowFlag.VisualizeGlobalDistanceField,2,Constructor
ShowFlag.VisualizeGPUSkinCache,2,Constructor
ShowFlag.VisualizeGroom,2,Constructor
ShowFlag.VisualizeHDR,2,Constructor
ShowFlag.VisualizeInstanceOcclusionQueries,2,Constructor
ShowFlag.VisualizeInstanceUpdates,2,Constructor
ShowFlag.VisualizeLevelInstanceEditing,2,Constructor
ShowFlag.VisualizeLightCulling,2,Constructor
ShowFlag.VisualizeLightFunctionAtlas,2,Constructor
ShowFlag.VisualizeLightingOnProbes,2,Constructor
ShowFlag.VisualizeLocalExposure,2,Constructor
ShowFlag.VisualizeLocalFogVolumes,2,Constructor
ShowFlag.VisualizeLumen,2,Constructor
ShowFlag.VisualizeLWCComplexity,2,Constructor
ShowFlag.VisualizeMegaLights,2,Constructor
ShowFlag.VisualizeMeshDistanceFields,2,Constructor
ShowFlag.VisualizeMotionBlur,2,Constructor
ShowFlag.VisualizeMotionVectors,2,Constructor
ShowFlag.VisualizeNanite,2,Constructor
ShowFlag.VisualizeOutOfBoundsPixels,2,Constructor
ShowFlag.VisualizePostProcessStack,2,Constructor
ShowFlag.VisualizeReprojection,2,Constructor
ShowFlag.VisualizeSenses,2,Constructor
ShowFlag.VisualizeShadingModels,2,Constructor
ShowFlag.VisualizeShadowCasters,2,Constructor
ShowFlag.VisualizeSkyAtmosphere,2,Constructor
ShowFlag.VisualizeSkyLightIlluminance,2,Constructor
ShowFlag.VisualizeSSR,2,Constructor
ShowFlag.VisualizeSSS,2,Constructor
ShowFlag.VisualizeSubstrate,2,Constructor
ShowFlag.VisualizeTemporalUpscaler,2,Constructor
ShowFlag.VisualizeTSR,2,Constructor
ShowFlag.VisualizeVirtualShadowMap,2,Constructor
ShowFlag.VisualizeVirtualTexture,2,Constructor
ShowFlag.VisualizeVolumetricCloudConservativeDensity,2,Constructor
ShowFlag.VisualizeVolumetricCloudEmptySpaceSkipping,2,Constructor
ShowFlag.VisualizeVolumetricLightmap,2,Constructor
ShowFlag.VolumeLightingSamples,2,Constructor
ShowFlag.Volumes,2,Constructor
ShowFlag.VolumetricFog,2,Constructor
ShowFlag.VolumetricLightmap,2,Constructor
ShowFlag.VREditing,2,Constructor
ShowFlag.WidgetComponents,2,Constructor
ShowFlag.Wireframe,2,Constructor
ShowFlag.Zebra,2,Constructor
SigMan.FilterTag,,Constructor
SigMan.ObjectsToShow,15,Constructor
SkeletalMesh.FeatureFlags.UI.ShowMaterialSlotOverlayMaterial,false,Constructor
SkeletalMesh.UseExperimentalChunking,0,Constructor
SkeletalMeshModelingTools.AllowEditingBaseMeshViaGeometrySelection,false,Constructor
SkinWeightProfileManager.ForceSkinWeightProfileManagerAsyncTaskOnGT,1,Constructor
SkinWeightProfileManager.SkipHasPendingInitOrStreamingSkeletalMesh,1,Constructor
SkinWeightProfileManager.SkipLODWithoutDataOrStreamingRequest,0,Constructor
Slate.AccessibleWidgetsProcessedPerTick,100,Constructor
Slate.AllowBackgroundBlurWidgets,1,Constructor
Slate.AllowPerUserHitTesting,1,Constructor
Slate.AllowSlateToSleep,0,Constructor
Slate.AllowTooltipsWhileMouseDown,false,Constructor
Slate.AllowTooltipsWithHiddenCursor,false,Constructor
Slate.AlwaysInvalidate,false,Constructor
Slate.ApplyDisabledEffectOnWidgets,true,Constructor
Slate.BackgroundBlurDownsample,1,Constructor
Slate.BackgroundBlurMaxKernelSize,255,Constructor
Slate.bAllowNotifications,true,Constructor
Slate.bAllowThrottling,1,ProjectSetting
Slate.CheckUObjectRenderResources,true,Constructor
Slate.CheckUObjectShapedGlyphSequence,true,Constructor
Slate.ComboRowMouseButtonHandlingV2,true,Constructor
Slate.Contrast,1,Constructor
Slate.CopyBackbufferToSlatePostRenderTargets,0,Constructor
Slate.CullingSlackFillPercent,0.25,Constructor
Slate.CursorSignificantMoveDetectionThreshold,0,Constructor
Slate.Debug.TraceNavigationConfig,false,Constructor
Slate.DebugCulling,false,Constructor
Slate.DefaultEnablePostRenderTarget_0,1,Constructor
Slate.DefaultTextFlowDirection,0,Constructor
Slate.DefaultTextShapingMethod,0,Constructor
Slate.DeferRetainedRenderingRenderThread,0,Constructor
Slate.DeferWindowsMessageProcessing,1,Constructor
Slate.DemoMode.KeyEvent,false,Constructor
Slate.DemoMode.MouseEvent,false,Constructor
Slate.DismissMenuStacksOnFocusLost,true,Constructor
Slate.DumpFontCacheStats,false,Constructor
Slate.DumpNumDefaultPostBufferUpdates,false,Constructor
Slate.DynamicInvalidation.Options,2,Constructor
Slate.EnableCrashHandler,true,Constructor
Slate.EnableCursorQueries,true,Constructor
Slate.EnableDesignerRetainedRendering,true,Constructor
Slate.EnableDrawEvents,1,Constructor
Slate.EnableFastWidgetPath,false,Constructor
Slate.EnableFocusOnPick,true,Constructor
Slate.EnableFontAntiAliasing,1,Constructor
Slate.EnableGamepadEditorNavigation,true,Constructor
Slate.EnableGlobalInvalidation,false,Constructor
Slate.EnableInvalidationPanels,true,Constructor
Slate.EnableLayoutLocalization,1,Constructor
Slate.EnableLegacyFontHinting,0,Constructor
Slate.EnableRawInputSimulationOverRDP,1,Constructor
Slate.EnableRetainedRendering,1,Constructor
Slate.EnableRetainedRenderingHittestRemap,true,Constructor
Slate.EnableSlateWidgetTracker,0,Constructor
Slate.EnableSyntheticCursorMoves,true,Constructor
Slate.EnableTooltipForceFieldDraw,false,Constructor
Slate.EnableTooltips,true,Constructor
Slate.EnsureAllVisibleWidgetsPaint,false,Constructor
Slate.EnsureOutgoingLayerId,false,Constructor
Slate.FlushFontCache,false,Constructor
Slate.Font.AsyncLazyLoad,false,Constructor
Slate.Font.DetectAsyncLoadingFontFaces,false,Constructor
Slate.Font.NormalizeCachedFontRanges,true,Constructor
Slate.ForceBackgroundBlurLowQualityOverride,0,Constructor
Slate.ForceRawInputSimulation,0,Constructor
Slate.GameLayer.AllCanvasesVisible,true,Constructor
Slate.GameLayer.DebugCanvasVisible,true,Constructor
Slate.GameLayer.PlayerCanvasVisible,true,Constructor
Slate.GameLayer.ViewportSlotVisible,true,Constructor
Slate.GlobalGamepadScrollMultiplier,1,Constructor
Slate.GlobalScrollAmount,32,Constructor
Slate.GrowFontAtlasFrameWindow,1,Constructor
Slate.GrowFontNonAtlasFrameWindow,1,Constructor
Slate.GrowSVGAtlasFrameWindow,1,Constructor
Slate.GrowSVGNonAtlasFrameWindow,1,Constructor
Slate.HitTestGridDebugging,false,Constructor
Slate.InertialScroll.FrictionCoefficient,2,Constructor
Slate.InertialScroll.StaticVelocityDrag,100,Constructor
Slate.InertialScrolling.MaxNumberOfDeltaTimes,20,Constructor
Slate.InertialScrolling.RatioOfOutliers,0.4,Constructor
Slate.Input.MotionFiresUserInteractionEvents,true,Constructor
Slate.Input.PointerUpFiresPointerMoveForDragDrop,true,Constructor
Slate.InvalidationDebugging,false,Constructor
Slate.InvalidationList.EnableReindexLayerId,true,Constructor
Slate.InvalidationList.MaxArrayElements,64,Constructor
Slate.InvalidationList.NumberElementLeftBeforeSplitting,40,Constructor
Slate.InvalidationRoot.DumpPostInvalidationList,false,Constructor
Slate.InvalidationRoot.DumpPreInvalidationList,false,Constructor
Slate.InvalidationRoot.DumpPrepassInvalidationList,false,Constructor
Slate.InvalidationRoot.DumpUpdateList,false,Constructor
Slate.InvalidationRoot.DumpUpdateListOnce,false,Constructor
Slate.InvalidationRoot.VerifyCachedElementDataList,false,Constructor
Slate.InvalidationRoot.VerifyHittestGrid,false,Constructor
Slate.InvalidationRoot.VerifySlateAttribute,false,Constructor
Slate.InvalidationRoot.VerifyValidWidgets,false,Constructor
Slate.InvalidationRoot.VerifyWidgetHeapContains,false,Constructor
Slate.InvalidationRoot.VerifyWidgetList,false,Constructor
Slate.InvalidationRoot.VerifyWidgetsAreUpdatedOnce,false,Constructor
Slate.InvalidationRoot.VerifyWidgetsIndex,false,Constructor
Slate.InvalidationRoot.VerifyWidgetUpdateList,false,Constructor
Slate.InvalidationRoot.VerifyWidgetVisibility,false,Constructor
Slate.InvalidationRoot.VerifyWidgetVolatile,false,Constructor
Slate.LogPaintedText,false,Constructor
slate.MaterialShaderMode,0,Constructor
Slate.MaxFontAtlasPagesBeforeFlush,1,Constructor
Slate.MaxFontNonAtlasTexturesBeforeFlush,1,Constructor
Slate.MaxSVGAtlasPagesBeforeFlush,1,Constructor
Slate.MaxSVGNonAtlasTexturesBeforeFlush,1,Constructor
slate.Mobile.MaterialShaderMode,-1,Constructor
Slate.Navigation.Experimental,false,Constructor
Slate.Navigation.IgnoreCustomRules,false,Constructor
Slate.Navigation.SearchFromCorners,false,Constructor
Slate.NavigationDebugging,false,Constructor
Slate.NavigationDebugging.CandidateWidgets.Down,false,Constructor
Slate.NavigationDebugging.CandidateWidgets.Left,false,Constructor
Slate.NavigationDebugging.CandidateWidgets.Right,false,Constructor
Slate.NavigationDebugging.CandidateWidgets.Up,false,Constructor
Slate.NoAnimationOnTabForegroundedEvent,false,Constructor
Slate.OutlineFontRenderMethod,0,Constructor
Slate.OverrideScissorRect,1,Constructor
Slate.PreventDuplicateMouseEventsForTouchForWindows7,0,Constructor
Slate.RequireFocusForGamepadInput,false,Constructor
Slate.ResourceManager.LockResourceDuringGC,true,Constructor
Slate.ShouldFollowCultureByDefault,0,Constructor
Slate.ShowBatching,0,Constructor
Slate.ShowClipping,false,Constructor
Slate.ShowOverdraw,0,Constructor
Slate.ShowTextDebugging,0,Constructor
Slate.ShowWireFrame,false,Constructor
Slate.SkipWidgetDrawingInHeadlessMode,true,Constructor
Slate.SleepBufferPostInput,0,Constructor
Slate.SoftwareCursorScale,1,Constructor
Slate.Spinbox.MouseMoveOptimization,true,Constructor
Slate.TargetFrameRateForResponsiveness,35,Constructor
Slate.ThrottleWhenMouseIsMoving,0,Constructor
Slate.TooltipIntroDuration,0.1,Constructor
Slate.TooltipSummonDelay,0.15,Constructor
Slate.ToolTipWrapWidth,1000,Constructor
Slate.Transform.FullscreenMouseInput,true,Constructor
Slate.UnloadFreeTypeDataOnFlush,1,Constructor
Slate.UseFixedDeltaTime,false,Constructor
Slate.UseSharedBreakIterator,false,Constructor
Slate.VerifyParentChildrenRelationship,false,Constructor
Slate.VerifyWidgetLayerId,false,Constructor
Slate.WorldWidgetIgnoreNotVisibleWidgets,false,Constructor
Slate.WorldWidgetZOrder,1,Constructor
SlateDebugger.bCaptureRootInvalidationCallstacks,0,Constructor
SlateDebugger.Event.CaptureStack,false,Constructor
SlateDebugger.Event.InputRoutingModeEnabled,false,Constructor
SlateDebugger.Event.LogAttemptNavigationEvent,true,Constructor
SlateDebugger.Event.LogCaptureStateChangeEvent,true,Constructor
SlateDebugger.Event.LogCursorChangeEvent,true,Constructor
SlateDebugger.Event.LogExecuteNavigationEvent,true,Constructor
SlateDebugger.Event.LogFocusEvent,true,Constructor
SlateDebugger.Event.LogInputEvent,true,Constructor
SlateDebugger.Event.LogWarning,true,Constructor
SlateDebugger.Invalidate.bLogInvalidatedWidget,false,Constructor
SlateDebugger.Invalidate.bShowLegend,false,Constructor
SlateDebugger.Invalidate.bShowWidgetList,true,Constructor
SlateDebugger.Invalidate.bUsePerformanceThreshold,false,Constructor
SlateDebugger.Invalidate.Enabled,false,Constructor
SlateDebugger.Invalidate.ThresholdPerformanceMS,1.5,Constructor
SlateDebugger.InvalidationRoot.Enable,false,Constructor
SlateDebugger.Paint.DrawBorder,true,ProjectSetting
SlateDebugger.Paint.DrawFill,false,ProjectSetting
SlateDebugger.Paint.Enable,false,Constructor
SlateDebugger.Paint.EnableWidgetNameList,false,ProjectSetting
SlateDebugger.Paint.LogWarningIfWidgetIsPaintedMoreThanOnce,true,Constructor
SlateDebugger.Paint.MaxNumberOfWidgetDisplayedInList,20,Constructor
SlateDebugger.Paint.OnlyInvalidationRoot,false,ProjectSetting
SlateDebugger.Paint.OnlyProjectContent,true,ProjectSetting
SlateDebugger.Prepass.DrawBorder,true,ProjectSetting
SlateDebugger.Prepass.DrawFill,false,ProjectSetting
SlateDebugger.Prepass.Enable,false,Constructor
SlateDebugger.Prepass.EnableWidgetNameList,false,ProjectSetting
SlateDebugger.Prepass.MaxNumberOfWidgetDisplayedInList,20,Constructor
SlateDebugger.Prepass.OnlyInvalidationRoot,false,ProjectSetting
SlateDebugger.Prepass.OnlyProjectContent,true,ProjectSetting
SlateDebugger.Update.Enable,false,Constructor
SlateDebugger.Update.OnlyProjectContent,true,Constructor
SlateDebugger.Update.SetInvalidationRootIdFilter,-1,Constructor
SlateSdfText.Enable [SHADOW],true,Constructor
SlateSdfText.GeneratorPoolSize,1,Constructor
SMenuAnchor.ExecuteOnMenuOpenChangedInDestructor,false,Constructor
SourceCodeNavigation.EnableAsync,true,Constructor
SourceControl.DisplayCheckInStatus,false,Constructor
SourceControl.DisplaySyncStatus,false,Constructor
SourceControl.EnableWorldReload,false,Constructor
SourceControl.IntervalBatchStatusUpdate,1,Constructor
SourceControl.LoginDialog.ForceModal,false,Constructor
SourceControl.P4.AllowNonTicketLogins,false,Constructor
SourceControl.Perforce.Debug.BreakConnection,false,Constructor
SourceControl.Perforce.IdleConnectionDisconnectSeconds,3600,Constructor
SourceControl.Revert.EnableFromSceneOutliner,false,Constructor
SourceControl.Revert.EnableFromSubmitWidget,false,Constructor
SourceControl.RevertUnsaved.Enable,false,Constructor
SourceControl.ViewportStatus.Enable,false,Constructor
SourceControlAssetDataCache.MaxAsyncTask,8,Constructor
spectatorbeacon.DelayCancellationResponse,0,Constructor
spectatorbeacon.DelayFullResponse,0,Constructor
spectatorbeacon.DelayReservationResponse,0,Constructor
spectatorbeacon.DelayUpdateResponse,0,Constructor
SpewAnimRateOptimization,0,Constructor
Spline.Implementation,0,Constructor
Spline.PolyBezier.FindNearestUseSplineCulling,true,Constructor
SplineComponent.AddSplinePointImplementation,1,Constructor
SplineComponent.FailedValidationEnsures,false,Constructor
SplineComponent.ForceLastAuthority,0,Constructor
SplineComponent.IgnoreCurveClampedPointTangentsForValidation,true,Constructor
SplineComponent.OnlyUpdateActiveSpline,false,SystemSettingsIni
SplineComponent.SynchronizeOnLoad,false,Constructor
SplineComponent.UseSplineCurves,true,Constructor
SplineComponent.ValidateOnChange,false,Constructor
SplineComponent.ValidateOnLoad,false,Constructor
SplineComponent.ValidateOnSave,false,Constructor
SplineComponentVisualizer.IgnoreSpuriousDeselect,true,Constructor
SplineComponentVisualizer.RebuildPDICacheEveryFrame,false,Constructor
splines.blockall,0,Constructor
StallDetector.ForceLogOnStall,false,Console
StateTree.CaptureStateEventPayloadForSustainedState,true,Constructor
StateTree.Compiler.bEnableCheckOutersOnCompilationSucceeded,false,Constructor
StateTree.Compiler.EnableBindingSelectionNodeToInstanceData,true,Constructor
StateTree.Compiler.EnableCompileAllIfChangedOnBeginPIE,true,Constructor
StateTree.Compiler.EnableCompileAllIfChangedOnBeginPIE_UseCachedList,true,Constructor
StateTree.Compiler.EnableConditionWithEvaluationScopeInstanceData,true,Constructor
StateTree.Compiler.EnableForceCompileSynchronouslyInPIESession,true,Constructor
StateTree.Compiler.EnableParameterDelegateDispatcherBinding,false,Constructor
StateTree.Compiler.EnablePropertyFunctionWithEvaluationScopeInstanceData,true,Constructor
StateTree.Compiler.EnableQueuedCompilationOnAssetLoad,false,Constructor
StateTree.Compiler.EnableUtilityConsiderationWithEvaluationScopeInstanceData,true,Constructor
StateTree.Compiler.LogDependenciesOnCompilation,false,Constructor
StateTree.Compiler.LogResultOnCompilationCompleted,false,Constructor
StateTree.Compiler.NumberOfQueuedCompilationPerBatch,1,Constructor
StateTree.Compiler.UseDependenciesToTriggerCompilation,true,Constructor
StateTree.Compiler.UseHashToDetermineIfAssetNeedsCompile,true,Constructor
StateTree.Component.DefaultScheduledTickAllowed,true,Constructor
StateTree.Component.ScheduledTickEnabled,true,Constructor
StateTree.CopyBoundPropertiesOnNonTickedTask,false,Constructor
StateTree.CrashHandlerEnabled,true,Constructor
StateTree.Debugger.EnableEditorDebugInfoProvider,true,Constructor
statetree.displayitemids,false,Constructor
StateTree.Editor.AutoRemoveSourcePathInvalidEditorBindings,false,Constructor
StateTree.Editor.Experimental.DisableDarkenHeader,false,Constructor
StateTree.Editor.Experimental.EnableDepthBasedOutline,true,Constructor
StateTree.Editor.Experimental.EnableSimpleHierarchyDrivenColors,false,Constructor
StateTree.Editor.Experimental.EnableStateCentricView,false,Constructor
StateTree.Editor.TickParameterBindingsByDefault,false,Constructor
StateTree.GlobalTasksCompleteOwningFrame,true,Constructor
StateTree.RuntimeValidation.Context,true,Constructor
StateTree.RuntimeValidation.DoesNewerVersionExists,true,Constructor
StateTree.RuntimeValidation.EnterExitState,false,Constructor
StateTree.RuntimeValidation.InstanceData,false,Constructor
StateTree.RuntimeValidation.InstanceDataGC,false,Constructor
StateTree.SelectState.CompletedStateBeforeTransitionSourceFailsTransition,true,Constructor
StateTree.SelectState.CompletedTransitionStatesCreateNewStates,true,Constructor
StateTree.SetDeprecatedTransitionResultProperties,false,Constructor
StateTree.TargetStateRequiresTheSameEventForStateSelectionAsTheRequestedTransition,false,Constructor
StateTree.TickGlobalNodesFollowingTreeHierarchy,true,Constructor
StaticMesh.FeatureFlags.UI.ShowMaterialSlotOverlayMaterial,false,Constructor
StaticMeshEditor.EnableAspectRatioControls,0,Constructor
StaticMeshEditor.EnableLODVisualizer,0,Constructor
stats.AutoEnableNamedEventsWhenProfiling,false,Constructor
stats.MaxPerGroup,25,Constructor
stats.SpewSpam,0,Constructor
stats.UnitTimestamp,0,Constructor
StreamableManager.Profiling.Enabled,true,Constructor
StructUtils.EnforceValidPropertyName,false,Constructor
StructUtils.ValidatePropertyBagDescriptionEquality,false,Constructor
t.DumpHitches.AllThreads,0,Constructor
t.FPSChart.DoCsvProfile,0,Constructor
t.FPSChart.ExcludeIdleTime,0,Constructor
t.FPSChart.InterestingFramerates,30,60,120,Constructor
t.FPSChart.MaxFrameDeltaSecsBeforeDiscarding,10,Constructor
t.FPSChart.OpenFolderOnDump,1,Constructor
t.FPSChart.RoundFPSBeforeBinning,0,Constructor
t.HitchDeadTimeWindow,200,Constructor
t.HitchFrameTimeThreshold,60,Constructor
t.HitchVersusNonHitchRatio,1.5,Constructor
t.IdleWhenNotForeground,0,Constructor
t.MaxFPS,60,SystemSettingsIni
t.OverrideFPS,0,Constructor
t.SlowFrameLoggingThreshold,0,Constructor
t.TargetFrameTimeThreshold,33.9,Constructor
t.TickComponentLatentActionsWithTheComponent,1,Constructor
t.UnacceptableFrameTimeThreshold,50,Constructor
t.UnsteadyFPS,0,Constructor
TakeRecorder.AllowMenuExtensions,true,Constructor
TakeRecorder.AllowPossessablePIEObjects,false,Constructor
TakeRecorder.Hitching.LogCatchupRanges,false,Constructor
TakeRecorder.Hitching.LogFrameMarkers,false,Constructor
TakeRecorder.SaveRecordedAssetsOverride,0,Constructor
Takes.SaveTakesWithAsyncSave,false,Constructor
Takes.SaveTakesWithNoErrorFlag,false,Constructor
TangentSpline.ImmediatelyUpdateLegacyCurves,false,Constructor
TangentSpline.ParameterizationPolicy,0,Constructor
TangentSpline.SkipDoubleUpdate,true,Constructor
TangentSpline.UseLegacyPositionEvaluation,false,Constructor
TangentSpline.UseLegacyRotationEvaluation,false,Constructor
TangentSpline.UseLegacyScaleEvaluation,false,Constructor
TangentSpline.ValidateRotScale,false,Constructor
TaskGraph.AlwaysWaitWithNamedThreadSupport,false,Constructor
TaskGraph.EnableForkedMultithreading,true,Constructor
TaskGraph.ForkedProcessMaxWorkerThreads,2,Constructor
TaskGraph.IgnoreThreadToDoGatherOn,0,Constructor
TaskGraph.NumForegroundWorkers,2,Constructor
TaskGraph.OversubscriptionRatio,2,Constructor
TaskGraph.PrintBroadcastWarnings,0,Constructor
TaskGraph.RenderThreadPollPeriodMs,1,Constructor
TaskGraph.TaskPriorities.AsyncEndOfFrameGameTasks,hnn,Constructor
TaskGraph.TaskPriorities.AsyncTraceTask,nnn,Constructor
TaskGraph.TaskPriorities.ClearAudioChunkCacheReadRequest,bnn,Constructor
TaskGraph.TaskPriorities.ClothSimulationProxyParallelTask,hnn,Constructor
TaskGraph.TaskPriorities.CompilePipelineStateTask,hnn,Constructor
TaskGraph.TaskPriorities.DataflowSimulationTask,hnn,Constructor
TaskGraph.TaskPriorities.FMeshDrawCommandPassSetupTask,nnn,Constructor
TaskGraph.TaskPriorities.GatherShadowPrimitives,hnn,Constructor
TaskGraph.TaskPriorities.HiPriAsyncTickTaskPriority,hnn,Constructor
TaskGraph.TaskPriorities.IoDispatcherAsyncTasks,bnn,Constructor
TaskGraph.TaskPriorities.NavTriggerAsyncQueries,bnn,Constructor
TaskGraph.TaskPriorities.NormalAsyncTickTaskPriority,nnn,Constructor
TaskGraph.TaskPriorities.ParallelAnimationEvaluationTask,hnn,Constructor
TaskGraph.TaskPriorities.ParallelAnimCompletionTaskHighPriority,true,Constructor
TaskGraph.TaskPriorities.ParallelBlendPhysicsTask,hnn,Constructor
TaskGraph.TaskPriorities.ParallelClothTask,hnn,Constructor
TaskGraph.TaskPriorities.ParticleAsyncTask,hnn,Constructor
TaskGraph.TaskPriorities.ParticleManagerAsyncTask,hnn,Constructor
TaskGraph.TaskPriorities.PhysicsTickTask,hnn,Constructor
TaskGraph.TaskPriorities.SceneRenderingTask,nnn,Constructor
TaskGraph.TaskPriorities.TickCleanupTaskPriority,nnn,Constructor
TaskGraph.TaskPriorities.TickDispatchTaskPriority,hnn,Constructor
TaskGraph.TaskPriorities.UpdateCachePrimitivesTask,hnn,Constructor
TaskGraph.TestCriticalLockFree,0,Constructor
TaskGraph.TestDontCompleteUntilForAlreadyComplete,1,Constructor
TaskGraph.ThreadStackSize,0,Constructor
TaskGraph.UseBackgroundThreads,1,Constructor
TaskGraph.UseDynamicPrioritization,true,Constructor
TaskGraph.UseDynamicThreadCreation,true,Constructor
TaskGraph.UseHiPriThreads,1,Constructor
TEDS.AddParentColumnToActors,true,Constructor
TEDS.AssetDataStorage,true,Constructor
TEDS.AssetDataStorage.Metadata,false,Constructor
TEDS.Debug.ActorCompatibility.ActorComponents.EnableHierarchyViewer,false,Constructor
TEDS.Debug.OptimizeCommandBufferInCompat,true,Constructor
TEDS.Debug.PrintCompatCommandBuffer,0,Constructor
TEDS.Enable,true,Constructor
TEDS.Feature.ActorCompatibility.ActorComponents.Enable,true,Constructor
Teds.Feature.Alerts,true,Constructor
TEDS.Feature.AsyncLoadedUObjectStrategy,1,Constructor
TEDS.Feature.CooperativeTasks.MaxIdleFrames,5,Constructor
TEDS.Feature.CooperativeTasks.MinTimePerFrameMs,2,Constructor
TEDS.Feature.CooperativeTasks.MinTimePerTaskMs,1,Constructor
TEDS.Feature.CooperativeTasks.ReportThresholdMs,1,Constructor
TEDS.Feature.CooperativeTasks.TargetFrameRate,60,Constructor
TEDS.Feature.Folders,false,Constructor
TEDS.Feature.Folders.TypedElements,false,Constructor
TEDS.Feature.IntegrateWithGC,true,Constructor
TEDS.Feature.Layers,true,Constructor
TEDS.Feature.PickerEnabled,false,Constructor
TEDS.Feature.Settings.Enable,true,Constructor
TEDS.Feature.TypeInfoIntegration.Enable,true,Constructor
TEDS.Feature.TypeInfoIntegration.OnlyStoreVerseProperties,true,Constructor
TEDS.Feature.UnloadedActors,false,Constructor
TEDS.Feature.UseCommandBufferInCompat,false,Constructor
TEDS.Feature.UseDeferredRemovesInCompat,false,Constructor
TEDS.Feature.UseTedsMatchFunction,true,Constructor
TEDS.RevisionControl.AutoPopulateState,false,Constructor
TEDS.RevisionControl.SyncPackageInformation,true,Constructor
TEDS.RevisionControl.SyncUnsavedInformation,true,Constructor
TEDS.TedsAssetDataFactory,true,Constructor
TEDS.Tests.ProcessorTestsEnabled,false,Constructor
TEDS.TypedElementBridge.Enable,true,Constructor
TEDS.UI.EnableTedsContentBrowser,false,Constructor
TEDS.UI.EnableTestContentSource,false,Constructor
TEDS.UI.Outliner.ShowTedsColumnFilters,false,Constructor
TEDS.UI.SetOutlinerPurpose,ActorOutliner,Constructor
TEDS.UI.ShowTedsOutlinerRowHandles,false,Constructor
TEDS.UI.TedsContentBrowserViewMode,0,Constructor
TEDS.UI.UseDefaultAttributeBindings,false,Constructor
TEDS.UI.UseNewRevisionControlWidgets,false,Constructor
TEDS.UI.UseNewWidgets,false,Constructor
test.BreakOnTestFail,false,Constructor
TestFramework.CQTest.CommandTimeout,10,Constructor
TestFramework.CQTest.CommandTimeout.MapTest,30,Constructor
TestFramework.CQTest.CommandTimeout.Network,30,Constructor
Tex.AsyncDXTBlocksPerBatch,2048,Constructor
tick.AllowAsyncComponentTicks,1,Constructor
tick.AllowAsyncTickCleanup,0,Constructor
tick.AllowAsyncTickDispatch,0,Constructor
tick.AllowBatchedTicks,0,Constructor
tick.AllowBatchedTicksUnordered,0,Constructor
tick.AllowConcurrentTickQueue,0,Constructor
tick.AllowOptimizedPrerequisites,1,Constructor
tick.AnimationDelaysEndGroup,1,Constructor
tick.CreateTaskSyncManager,false,Constructor
tick.DoAsyncEndOfFrameTasks,0,Constructor
tick.DoAsyncEndOfFrameTasks.Randomize,0,Constructor
tick.DoAsyncEndOfFrameTasks.ValidateReplicatedProperties,0,Constructor
tick.HiPriSkinnedMeshes,1,Constructor
tick.IdleTaskWorkMS,0,Constructor
tick.LightweightTimeguardThresholdMS,0,Constructor
tick.LogTicks,0,Constructor
tick.MinimizedSyncDrawToGPU,1,Constructor
tick.SecondsBeforeEmbeddedAppSleeps,1,Constructor
tick.ShowPrerequistes,1,Constructor
timecode.ForceStringifyTimecodeSubframes,0,Constructor
Timecode.LogTimecodeDifference,false,Constructor
Timecode.LogTimecodeEstimation,false,Constructor
Timecode.LogTimecodeSampling,false,Constructor
timecode.UseDropFormatTimecodeByDefaultWhenSupported,true,Constructor
TimerManager.BuildTimerSourceList,0,Constructor
TimerManager.DumpAllTimerLogsThreshold,-1,Constructor
TimerManager.DumpTimerLogResolveVirtualFunctions,1,Constructor
TimerManager.DumpTimerLogsThreshold,0,Constructor
TimerManager.DumpTimerLogSymbolNames,1,Constructor
TimerManager.EnableTransactionalTimers,true,Constructor
TimerManager.GuaranteeEngineTickDelay,0,Constructor
TimerManager.MaxExpiredTimersToLog,30,Constructor
titan.DebugRevealAllEnemies,false,Constructor
TmvConverter.TintMipmaps,false,Constructor
TmvEncoder.EnableDumpRawFrame,false,Constructor
TmvMedia.Transcode.FileSequence.BytesPerFrameScale,3,Constructor
TmvMedia.Transcode.FileSequence.MemoryBudgetFraction,0.6,Constructor
TmvMedia.Transcode.MediaPlayer.HostBytesPerFrameScale,3,Constructor
TmvMedia.Transcode.MediaPlayer.MemoryBudgetFraction,0.6,Constructor
TmvMedia.Transcode.MemoryAwareConcurrency,1,Constructor
TmvTranscoder.MuxerOutputMode,0,Constructor
ToolMenusViewportToolbars,2,Constructor
TooltipExpandTime,0.12,Constructor
Trace.EnableObjectInsights,true,Constructor
Trace.EnableTimingInsights,true,Constructor
Trace.SlowTaskMaxRegionDepth,2,Constructor
Trace.WorldStreaming.PriorityUpdateInterval,1,Constructor
Trace.WorldStreaming.SourceLocationChangeThreshold,100,Constructor
tracebaseddebuggers.MaxBytesPerRelayChunk,65536,Constructor
tracebaseddebuggers.MaxPendingBytesInRelayWriter,536870912,Constructor
tracebaseddebuggers.MaxTimeToWaitForDisconnectSeconds,5,Constructor
tracebaseddebuggers.StreamStatsUpdateInterval,1,Constructor
TrackAsyncLoadRequests.Dedupe,0,Constructor
TrackAsyncLoadRequests.DumpAfterCsvProfiling,1,Constructor
TrackAsyncLoadRequests.Enable,0,Constructor
TrackAsyncLoadRequests.RemoveAliases,1,Constructor
TrackAsyncLoadRequests.StackIgnore,5,Constructor
TrackAsyncLoadRequests.StackLen,12,Constructor
TrackAsyncLoadRequests.Threshhold,0,Constructor
TransBuffer.DumpObjectMap,false,Constructor
Tweening.Ease.SlopeExponent,2,Constructor
Tweening.Ease.SlopeMultiplier,6,Constructor
TypedElements.EnableElementsCopyAndPaste,0,Constructor
TypedElements.EnableFoliageInstanceElements,0,Constructor
TypedElements.EnableReferenceTracking,0,Constructor
TypedElements.EnableSMInstanceElements,1,Constructor
TypedElements.EnableTemporaryActorCopy,false,Constructor
TypedElements.EnableViewportSMInstanceSelection,1,ProjectSetting
TypedElements.SelectionSet.ResolveElementGetSelectionElementFirst,true,Constructor
UdpProcessor.LogOnlyTracedPackets,0,Constructor
UE.Rollback.Navigation.ComponentShouldWaitForActorToRegister,true,Constructor
UGV.Tuning.WidgetPath,/Game/widget/WBP_UGVDriveTuning.WBP_UGVDriveTuning_C,Constructor
UI.Slate.Font.SimulateCookedFontFilesInStandalone,false,Constructor
UI.SlatePostBlurStrengthOverride,0,Constructor
UI.SlatePostBlurUseDualKawaseFilter,1,Constructor
UI.SlateSDFText.DebugVisual,0,Constructor
UI.SlateSDFText.Enable,true,Constructor
UI.SlateSDFText.RasterizationMode,Msdf,DeviceProfile
UI.SlateSDFText.ResolutionLevel,2,DeviceProfile
UMG.AnimationBudgetMs,0,Constructor
UMG.AnimationDetailedLogging,false,Constructor
UMG.AnimationMarkers,false,Constructor
UMG.Editor.DisplayWidgetVariableGuids,false,Constructor
UMG.Editor.EnableWidgetDesignerTools,1,Constructor
UMG.EnablePreviewMode,false,Constructor
UMG.FlushAnimationsAtEndOfFrame,1,Constructor
umg.MaxPostBufferBlurStrength,-1,Constructor
UMG.ThumbnailRenderer.Enable,true,Constructor
UnifiedFavorites.ContentBrowser.Filter,false,Constructor
UnifiedFavorites.LevelEditorOutliner.Widget,false,Constructor
UnrealEd.T3DUseActorExporters,false,Constructor
UObject.UseSerializeToFindWeakReferencers,true,Constructor
UseTransparentButtonStyleAsDefault,0,Constructor
VA.AllowPkgVirtualization,true,Constructor
VA.DisableSystem,false,Constructor
VA.LazyInitConnections,false,Constructor
VA.LazyInitSystem,false,Constructor
VariantManager.AssetPicker,false,Constructor
VariantManager.CapturePropertyDialog,0,Constructor
VariantManager.FunctionArgumentsUI,false,Constructor
verse.Diagnostics.BreakOnVerseRuntimeError,false,Constructor
Verse.Diagnostics.TruncatedCallstackMaxDepth,18,Constructor
verse.EditInlineSubobjectProperties,true,Constructor
verse.EnableAssetClassRedirectors,false,Constructor
verse.ForceCompileFramework,false,Constructor
verse.FullyQualifyModulesInManifest,true,Constructor
verse.HangDetectionDuringDebugging,false,Constructor
verse.HangDetectionExcludeOverhead,true,Constructor
verse.HangDetectionThresholdSeconds,9,Constructor
verse.HangDetectionThresholdSecondsDuringCook,120,Constructor
Verse.UseAuthoredNameNonEditor,true,Constructor
verse.UseDynamicSubobjectInstancing,true,Constructor
VI.ActorSnap,0,Constructor
VI.AlignCandidateDistance,2,Constructor
VI.AllowCarryingCertainObjects,1,Constructor
VI.AllowLaserSmooth,1,Constructor
VI.AllowVerticalWorldMovement,1,Constructor
VI.AllowWorldRotationPitchAndRoll,0,Constructor
VI.CarrySmoothingLerpAlpha,1,Constructor
VI.DragAtLaserImpactInterpolationDuration,0.1,Constructor
VI.DragAtLaserImpactInterpolationThreshold,5,Constructor
VI.DragHapticFeedbackStrength,1,Constructor
VI.DragScale,1,Constructor
VI.DragTranslationVelocityStopEpsilon,0.0001,Constructor
VI.ElasticSnap,1,Constructor
VI.ElasticSnapStrength,0.3,Constructor
VI.ForceGizmoPivotToCenterOfObjectsBounds,0,Constructor
VI.ForceShowCursor,0,Constructor
VI.ForceSnapDistance,25,Constructor
VI.GizmoHandleHoverAnimationDuration,0.1,Constructor
VI.GizmoHandleHoverScale,1.5,Constructor
VI.GizmoScaleInDesktop,0.35,Constructor
VI.GizmoSelectionAnimationCurvePower,2,Constructor
VI.GizmoSelectionAnimationDuration,0.15,Constructor
VI.GizmoShowMeasurementText,0,Constructor
VI.GrabberSphereOffset,2,Constructor
VI.GrabberSphereRadius,12,Constructor
VI.GridHapticFeedbackStrength,0.4,Constructor
VI.HighSpeedInertiaDamping,0.99,Constructor
VI.InertiaVelocityBoost,0.5,Constructor
VI.LaserPointerMaxLength,30000,Constructor
VI.LaserPointerRetractDuration,0.2,Constructor
VI.LaserSmoothLag,0.007,Constructor
VI.LaserSmoothMinimumCutoff,0.9,Constructor
VI.LowSpeedInertiaDamping,0.94,Constructor
VI.MaxFlightSpeed,11,Constructor
VI.MinVelocityForInertia,1,Constructor
VI.NavigationMode,0,Constructor
VI.OculusLaserPointerRotationOffset,0,Constructor
VI.OculusLaserPointerStartOffset,2.8,Constructor
VI.PivotGizmoAimAtAnimationSpeed,0.15,Constructor
VI.PivotGizmoAimAtShrinkSize,0.3,Constructor
VI.PivotGizmoDistanceScaleFactor,0.0035,Constructor
VI.PivotGizmoMinDistanceForScaling,0,Constructor
VI.PivotGizmoPlaneTranslationPivotOffsetYZ,40,Constructor
VI.PivotGizmoScalePivotOffsetX,120,Constructor
VI.PivotGizmoTranslationHoverScaleMultiply,0.75,Constructor
VI.PivotGizmoTranslationPivotOffsetX,30,Constructor
VI.PivotGizmoTranslationScaleMultiply,2,Constructor
VI.PlacementInterpolationDuration,0.6,Constructor
VI.PlacementOffsetScaleWhileSimulating,0.25,Constructor
VI.ScaleMax,6000,Constructor
VI.ScaleMin,10,Constructor
VI.ScaleSensitivity,0.005,Constructor
VI.SelectionHapticFeedbackStrength,0.5,Constructor
VI.SFXMultiplier,1.5,Constructor
VI.ShowTransformGizmo,1,Constructor
VI.SmoothSnap,1,Constructor
VI.SmoothSnapSpeed,30,Constructor
VI.SnapGridLineWidth,3,Constructor
VI.SnapGridSize,3,Constructor
VI.SweepPhysicsWhileSimulating,0,Constructor
VI.TriggerDeadZone_Rift,0.25,Constructor
VI.TriggerDeadZone_Vive,0.25,Constructor
VI.TriggerFullyPressedThreshold_Rift,0.99,Constructor
VI.TriggerFullyPressedThreshold_Vive,0.9,Constructor
VI.TriggerTouchThreshold_Rift,0.15,Constructor
VI.TriggerTouchThreshold_Vive,0.025,Constructor
VI.ViveLaserPointerRotationOffset,0,Constructor
VI.ViveLaserPointerStartOffset,1.25,Constructor
VI.WorldRotationDragThreshold,8,Constructor
VI.WorldScalingDragThreshold,7,Constructor
ViewportInteractions.EnableITFInteractions,1,Code
ViewportInteractions.IgnoreModeRequirements,false,Constructor
ViewportInteractions.MouseRestoration,1,Constructor
ViewportInteractions.Verbose,0,Constructor
vm.PageSizeInKB,64,Constructor
voice.debug.PrintAmplitude,0,Constructor
voice.DefaultPatchBufferSize,4096,Constructor
voice.DefaultPatchGain,1,Constructor
voice.JitterBufferDelay,0.3,Constructor
voice.MicInputGain,1,Constructor
voice.MicNoiseAttackTime,0.05,Constructor
voice.MicNoiseGateThreshold,0.08,Constructor
voice.MicNoiseReleaseTime,0.3,Constructor
voice.MicStereoBias,0,Constructor
voice.MuteAudioEngineOutput,0,Constructor
voice.NumChannels,1,Constructor
voice.playback.ResyncThreshold,0.3,Constructor
voice.playback.ShouldResync,1,Constructor
voice.SilenceDetectionAttackTime,2,Constructor
voice.SilenceDetectionReleaseTime,1100,Constructor
voice.SilenceDetectionThreshold,0.08,Constructor
vr.AllowMotionBlurInVR,0,Constructor
vr.EnableMotionControllerLateUpdate,1,Constructor
vr.InstancedStereo,0,Constructor
vr.MobileMultiView,0,Constructor
vr.RoundRobinOcclusion,0,Constructor
VREd.AllowPlay,1,Constructor
VREd.AllowResetScale,1,Constructor
VREd.AssetEditorUIResolutionX,1920,Constructor
VREd.AssetEditorUIResolutionY,1080,Constructor
VREd.CameraPreviewUISize,50,Constructor
VREd.CentralWidgetX,512,Constructor
VREd.CentralWidgetY,512,Constructor
VREd.DefaultCameraUIResolutionX,1400,Constructor
VREd.DefaultCameraUIResolutionY,787,Constructor
VREd.DefaultEditorUIResolutionX,1024,Constructor
VREd.DefaultEditorUIResolutionY,1024,Constructor
VREd.DefaultRadialElementResolutionX,350,Constructor
VREd.DefaultRadialElementResolutionY,350,Constructor
VREd.DefaultVRNearClipPlane,5,Constructor
VREd.DefaultWorldToMeters,100,Constructor
VREd.DockUIDragSmoothingAmount,0.85,Constructor
VREd.DockUIFadeAnimationDuration,0.15,Constructor
VREd.DockUIHoverAnimationDuration,0.15,Constructor
VREd.DockUIHoverScale,1.1,Constructor
VREd.DockUISelectionBarVerticalOffset,2,Constructor
VREd.DockUISmoothingAmount,0.75,Constructor
VREd.DockWindowTickness,1,Constructor
VREd.DragHapticFeedbackStrength,1,Constructor
VREd.EditorUIScale,2,Constructor
VREd.EditorUISize,70,Constructor
VREd.FoliageOpacity,0.02,Constructor
VREd.GridFadeMultiplier,3,Constructor
VREd.GridFadeStartVelocity,10,Constructor
VREd.GridHeightOffset,0,Constructor
VREd.GridMaxFade,0.8,Constructor
VREd.GridMovementTolerance,0.1,Constructor
VREd.GridScaleMultiplier,35,Constructor
VREd.HeadLocationMaxVelocity,25,Constructor
VREd.HeadLocationVelocityOffset,X=20, Y=0, Z=5,Constructor
VREd.HeadRotationMaxVelocity,80,Constructor
VREd.HeadRotationVelocityOffset,X=20, Y=0, Z=-5,Constructor
VREd.HeadVelocityMaxLineThickness,0.4,Constructor
VREd.HeadVelocityMaxRadius,10,Constructor
VREd.HeadVelocityMinLineThickness,0.05,Constructor
VREd.HeadVelocityMinRadius,0,Constructor
VREd.HeadVelocitySmoothing,0.95,Constructor
VREd.HelpLabelFadeDistance,30,Constructor
VREd.HelpLabelFadeDuration,0.4,Constructor
VREd.HoverBallRadiusScaleWhenOverUI,0.4,Constructor
VREd.HoverHapticFeedbackStrength,0.1,Constructor
VREd.HoverHapticFeedbackTime,0.2,Constructor
VREd.InvertTrackpadVertical,0,Constructor
VREd.LaserPointerHoverBallRadius,1,Constructor
VREd.LaserPointerLightPullBackDistance,2.5,Constructor
VREd.LaserPointerRadius,0.5,Constructor
VREd.LaserPointLightRadius,10,Constructor
VREd.LaserRadiusScaleWhenOverUI,0.25,Constructor
VREd.MaxDockWindowSize,250,Constructor
VREd.MinDockWindowSize,40,Constructor
VREd.MinJoystickOffsetBeforeFlick,0.4,Constructor
VREd.MinJoystickOffsetBeforeRadialMenu,0.4,Constructor
VREd.MinTrackpadOffsetBeforeRadialMenu,0.5,Constructor
VREd.MinUIScrollDeltaForInertia,0.25,Constructor
VREd.MinVelocityForMotionControllerInertia,1,Constructor
VREd.PivotPointTransformGizmo,1,Constructor
VREd.QuickMenuUIResolutionX,1200,Constructor
VREd.QuickMenuUIResolutionY,1075,Constructor
VREd.RadialMenuFadeDelay,0.2,Constructor
VREd.RadialUIBrightness,1.5,Constructor
VREd.RadialUIFadeSpeed,6,Constructor
VREd.ScaleProgressBarLength,50,Constructor
VREd.ScaleProgressBarRadius,1,Constructor
VREd.SequencerScrubMax,2,Constructor
VREd.SequencerUIResolutionX,960,Constructor
VREd.SequencerUIResolutionY,600,Constructor
VREd.SFXMultiplier,1.5,Constructor
VREd.ShowControllerHelpLabels,0,Constructor
VREd.ShowHeadVelocity,0,Constructor
VREd.SlateDragDistanceOverride,40,Constructor
VREd.SteamVRTrackpadDeadzone,0.3,Constructor
VREd.TeleportAllowPushPull,1,Constructor
VREd.TeleportAllowScaleBackToDefault,1,Constructor
VREd.TeleportAnimateSpeed,3,Constructor
VREd.TeleportDistance,500,Constructor
VREd.TeleportDragSpeed,0.3,Constructor
VREd.TeleportEnableChangeScale,0,Constructor
VREd.TeleportLaserPointerLength,500000,Constructor
VREd.TeleportLerpTime,0.1,Constructor
VREd.TeleportOffset,100,Constructor
VREd.TeleportOffsetMultiplier,0.3,Constructor
VREd.TeleportScaleSensitivity,0.05,Constructor
VREd.TeleportSlideBuffer,0.01,Constructor
VREd.TrackpadAbsoluteDragSpeed,80,Constructor
VREd.TrackpadRelativeDragSpeed,8,Constructor
VREd.TrackpadStopImpactAtLaserBuffer,0.4,Constructor
VREd.UIAbsoluteScrollSpeed,8,Constructor
VREd.UIAssetEditorSummonedOnHandHapticFeedbackStrength,1,Constructor
VREd.UIFadeSpeed,6,Constructor
VREd.UIOnArmRotationOffset,0,Constructor
VREd.UIOnHandRotationOffset,45,Constructor
VREd.UIPanelOpenDistance,20,Constructor
VREd.UIPanelOpenRotationPitchOffset,45,Constructor
VREd.UIPressHapticFeedbackStrength,0.4,Constructor
VREd.UIRelativeScrollSpeed,0.75,Constructor
VREd.WorldMovementFogEndDistance,800,Constructor
VREd.WorldMovementFogOpacity,0.8,Constructor
VREd.WorldMovementFogSkyboxDistance,20000,Constructor
VREd.WorldMovementFogStartDistance,300,Constructor
wg.ShaderBundle.SkipDispatch,false,Constructor
Widget.MaxAnimationLatentActions,100,Constructor
Widget.TemplatePreviewInEditor,0,Constructor
WidgetComponent.MaximumRenderTargetHeight,2160,Constructor
WidgetComponent.MaximumRenderTargetWidth,3840,Constructor
WidgetComponent.UseAutomaticTickModeByDefault,false,Constructor
Windows.LogNamedPipeEvents,false,Constructor
WindowsApplication.DisableForceMaxTouchpadSensitivity_SetMaxTouchpadSensitivity,false,Constructor
WindowsApplication.DisableForceMaxTouchpadSensitivity_SetTouchpadParameters,false,Constructor
WindowsApplication.EnableFirstTouchEvent,false,Constructor
WindowsApplication.EnableWindowMessageProfilerScopes,false,Constructor
WindowsApplication.ForceMaxTouchpadSensitivity,false,Constructor
WindowsApplication.RestoreTouchpadSensitivityFromRegistry,false,Constructor
WindowsApplication.ShowSplash,true,Constructor
WindowsApplication.UsePointerMessagesForPen,true,Constructor
WindowsApplication.UsePointerMessagesForTouch,true,Constructor
WindowsApplication.UseWorkerThreadForRawInput,false,SystemSettingsIni
WindowsApplication.WriteSavedTouchpadSensitivityToRegistry,false,Constructor
WindowsCursor.DynamicLockToggle,true,Constructor
WindowsCursor.UseInvisibleCursorForNoneCursorType,false,Constructor
WindowsPlatform.DisableMessageBox,false,Constructor
WindowsPlatform.RaiseExceptionOnFaultTermination,false,Constructor
WindowsPlatformCrashContext.ForceCrashReportDialogOff,false,Constructor
WindowsPlatformCrashContext.MinidumpIncludeReferencedMemory,true,Constructor
WindowsPlatformCrashContext.ScreenshotOnGPUCrash,false,Constructor
WindowTitleBar.ForceWindowButtonsHidden,false,Constructor
WorldBounds.DisableChecks,0,Constructor
wp.Editor.DisableLevelInstanceEditorPartialLoading,false,Constructor
wp.Editor.EnableSpatialHashValidation,false,Constructor
wp.Editor.HLOD.AllowShowingHLODsInEditor,true,Constructor
wp.Editor.HLOD.RebuildPolicy.ImageCompare.DebugImageDiff,false,Constructor
wp.Editor.HLOD.UseLegacy32BitNameHash,false,Constructor
wp.Editor.IsStreamingGenerationLogAllowed,true,Constructor
wp.Editor.LoadingRangeBugItGo,12800,Constructor
wp.Editor.WorldExtentToEnableStreaming,400000,Constructor
wp.Runtime.BlockOnSlowStreaming,1,Constructor
wp.Runtime.BlockOnSlowStreamingRatio,0.25,Constructor
wp.Runtime.BlockOnSlowStreamingWarningFactor,2,Constructor
wp.Runtime.DebugDedicatedServerStreaming,false,Constructor
wp.Runtime.DebugDisplaySpeedUnit,3,Constructor
wp.Runtime.DisplayStreamingPerformanceForNonBlockingStreaming,false,Constructor
wp.Runtime.DrawContentBundles,true,Constructor
wp.Runtime.DrawRuntimeHash2DScaleFactor,1,Constructor
wp.Runtime.EnableServerStreaming,0,Constructor
wp.Runtime.EnableServerStreamingOut,false,Constructor
wp.Runtime.EnableSimulationStreamingSource,1,Constructor
wp.Runtime.FilterRuntimeSpatialHashGridLevel,-1,Constructor
wp.Runtime.ForceRuntimeSpatialHashZCulling,-1,Constructor
wp.Runtime.HashSet.ShowDebugDisplayLevel,0,Constructor
wp.Runtime.HashSet.ShowDebugDisplayLevelCount,1,Constructor
wp.Runtime.HashSet.ShowDebugDisplayMode,0,Constructor
wp.Runtime.HashSet.WorldAssetStreaming.IncludeHLODFlagInCellHash,true,Constructor
wp.Runtime.HLOD.ForceDisableShadows,0,Constructor
wp.Runtime.HLOD.WarmupDebugDraw,0,Constructor
wp.Runtime.HLOD.WarmupEnabled,1,Constructor
wp.Runtime.HLOD.WarmupNanite,1,Constructor
wp.Runtime.HLOD.WarmupNumFrames,5,Constructor
wp.Runtime.HLOD.WarmupVT,1,Constructor
wp.Runtime.HLOD.WarmupVTScaleFactor,2,Constructor
wp.Runtime.HLOD.WarmupVTSizeClamp,2048,Constructor
wp.Runtime.LevelStreamingContinuouslyIncrementalGCWhileActorsPendingPurgeForWP,0,Constructor
wp.Runtime.LevelStreamingContinuouslyIncrementalGCWhileLevelsPendingPurgeForWP,64,Constructor
wp.Runtime.MaxLoadingStreamingCells,4,Constructor
wp.Runtime.PlayerController.ForceUsingCameraAsStreamingSource,0,Constructor
wp.Runtime.RecordReplayStreamingSources,1,Constructor
wp.Runtime.RuntimeSpatialHashCellToSourceAngleContributionToCellImportance,0.4,Constructor
wp.Runtime.RuntimeSpatialHashPlacePartitionActorsUsingLocation,true,Constructor
wp.Runtime.RuntimeSpatialHashPlaceSmallActorsUsingLocation,false,Constructor
wp.Runtime.RuntimeSpatialHashSnapNonAlignedGridLevelsToLowerLevels,true,Constructor
wp.Runtime.RuntimeSpatialHashSortUsingCellExtent,true,Constructor
wp.Runtime.RuntimeSpatialHashSortUsingCellPriority,true,Constructor
wp.Runtime.RuntimeSpatialHashUseAlignedGridLevels,true,Constructor
wp.Runtime.ServerDisallowStreamingOutDataLayers,,Constructor
wp.Runtime.ServerStreamingSourceMinimumExtraAngle,1,Constructor
wp.Runtime.ServerStreamingSourceMinimumExtraRadius,400,Constructor
wp.Runtime.ShowRuntimeSpatialHashCellStreamingPriority,0,Constructor
wp.Runtime.ShowRuntimeSpatialHashGridLevel,0,Constructor
wp.Runtime.ShowRuntimeSpatialHashGridLevelCount,1,Constructor
wp.Runtime.SlowStreamingRatio,0.25,Constructor
wp.Runtime.SlowStreamingWarningFactor,2,Constructor
wp.Runtime.UpdateStreaming.EnableAsyncUpdate,false,Constructor
wp.Runtime.UpdateStreaming.EnableOptimization,true,Constructor
wp.Runtime.UpdateStreaming.ForceUpdateFrameCount,0,Constructor
wp.Runtime.UpdateStreaming.LocationQuantization,400,Constructor
wp.Runtime.UpdateStreaming.RotationQuantization,10,Constructor
wp.Runtime.UpdateStreamingSources,1,Constructor
wp.Runtime.UpdateStreamingStateTimeLimit,0,Constructor
wp.Runtime.UseMakingInvisibleTransactionRequests,false,Constructor
wp.Runtime.UseMakingVisibleTransactionRequests,false,Constructor
wp.Runtime.UseReplayStreamingSources,1,Constructor
XInput.ForceControllerStateUpdate,0,Constructor
xr.LateUpdateManager.Disable,false,Constructor
xr.VRS.DynamicFoveation,0,Constructor
xr.VRS.FoveationLevel,0,Constructor
xr.VRS.FoveationPreview,1,Constructor
xr.VRS.GazeTrackedFoveation,0,Constructor
zen.cache.limitsandboxprocesslifetime,true,Constructor
ZenStoreWriter.Experimental.OutputPayloadInfo,false,Constructor
ZenStoreWriter.OplogIdSuffix,,Constructor
ZenStoreWriter.ProjectIdOverride,,Constructor
